[debug] [2026-08-31T11:42:04.205Z] [Firebase Plugin] Activating Firebase extension.
[debug] [2026-08-31T11:42:31.676Z] [Firebase Plugin] requireAuthWrapper
[debug] [2026-08-31T11:42:31.694Z] > command requires scopes: ["email","openid","https://www.googleapis.com/auth/cloudplatformprojects.readonly","https://www.googleapis.com/auth/firebase","https://www.googleapis.com/auth/cloud-platform"]
[debug] [2026-08-31T11:42:31.695Z] > authorizing via signed-in user (rosariojesselyn@gmail.com)
[debug] [2026-08-31T11:42:31.702Z] Checked if tokens are valid: true, expires at: 1788178353023
[debug] [2026-08-31T11:42:31.703Z] Checked if tokens are valid: true, expires at: 1788178353023
[debug] [2026-08-31T11:42:31.704Z] [Firebase Plugin] User found:  rosariojesselyn@gmail.com
[info] [Firebase Plugin] (Core:Project) New user detected, fetching projects
[debug] [2026-08-31T11:42:31.708Z] Checked if tokens are valid: true, expires at: 1788178353023
[debug] [2026-08-31T11:42:31.711Z] >>> [apiv2][query] GET https://firebase.googleapis.com/v1beta1/projects pageSize=1000
[debug] [2026-08-31T11:42:31.754Z] [Firebase Plugin] VSCode notification server listening on port 40001
[info] [Firebase Plugin] Starting SQL Connect toolkit (version 3.4.16) on port 50001
[debug] [2026-08-31T11:42:33.210Z] 'fdc build' failed with error: Unable to build your SQL Connect schema and connectors (exit code 1): E0831 07:42:33.025196   29504 cmd.go:43] Error loading data connect config: could not find dataconnect.yaml in `c:\Users\user\Desktop\EMPLEOS JESS\dataconnect`
 {"metadata":{"emulator":{"name":"dataconnect"},"message":"'fdc build' failed with error: Unable to build your SQL Connect schema and connectors (exit code 1): E0831 07:42:33.025196   29504 cmd.go:43] Error loading data connect config: could not find dataconnect.yaml in `c:\\Users\\user\\Desktop\\EMPLEOS JESS\\dataconnect`\n"}}
[debug] [2026-08-31T11:42:33.212Z] Ignoring unsupported arg: auto_download {"metadata":{"emulator":{"name":"dataconnect"},"message":"Ignoring unsupported arg: auto_download"}}
[debug] [2026-08-31T11:42:33.213Z] Ignoring unsupported arg: port {"metadata":{"emulator":{"name":"dataconnect"},"message":"Ignoring unsupported arg: port"}}
[debug] [2026-08-31T11:42:33.213Z] Starting SQL Connect Emulator with command {"binary":"C:\\Users\\user\\.cache\\firebase\\emulators\\dataconnect-emulator-3.4.16.exe","args":["--logtostderr","-v=2","dev","--listen=localhost:50001","--config_dir=c:\\Users\\user\\Desktop\\EMPLEOS JESS\\dataconnect","--enable_output_schema_extensions=true","--enable_output_generated_sdk=true"],"optionalArgs":["listen","config_dir","enable_output_schema_extensions","enable_output_generated_sdk"],"joinArgs":true,"shell":false,"port":9399} {"metadata":{"emulator":{"name":"dataconnect"},"message":"Starting SQL Connect Emulator with command {\"binary\":\"C:\\\\Users\\\\user\\\\.cache\\\\firebase\\\\emulators\\\\dataconnect-emulator-3.4.16.exe\",\"args\":[\"--logtostderr\",\"-v=2\",\"dev\",\"--listen=localhost:50001\",\"--config_dir=c:\\\\Users\\\\user\\\\Desktop\\\\EMPLEOS JESS\\\\dataconnect\",\"--enable_output_schema_extensions=true\",\"--enable_output_generated_sdk=true\"],\"optionalArgs\":[\"listen\",\"config_dir\",\"enable_output_schema_extensions\",\"enable_output_generated_sdk\"],\"joinArgs\":true,\"shell\":false,\"port\":9399}"}}
[info] i  dataconnect: SQL Connect Emulator logging to dataconnect-debug.log {"metadata":{"emulator":{"name":"dataconnect"},"message":"SQL Connect Emulator logging to \u001b[1mdataconnect-debug.log\u001b[22m"}}
[debug] [2026-08-31T11:42:33.437Z] E0831 07:42:33.305289   23580 dev.go:80] Failed to load initial config from "c:\\Users\\user\\Desktop\\EMPLEOS JESS\\dataconnect": could not find dataconnect.yaml in `c:\Users\user\Desktop\EMPLEOS JESS\dataconnect`
 {"metadata":{"emulator":{"name":"dataconnect"},"message":"E0831 07:42:33.305289   23580 dev.go:80] Failed to load initial config from \"c:\\\\Users\\\\user\\\\Desktop\\\\EMPLEOS JESS\\\\dataconnect\": could not find dataconnect.yaml in `c:\\Users\\user\\Desktop\\EMPLEOS JESS\\dataconnect`\n"}}
[debug] [2026-08-31T11:42:33.439Z] E0831 07:42:33.429023   23580 watch.go:116] watchAllDir unable to walk dir `c:\Users\user\Desktop\EMPLEOS JESS\dataconnect`: GetFileAttributesEx c:\Users\user\Desktop\EMPLEOS JESS\dataconnect: The system cannot find the file specified.
 {"metadata":{"emulator":{"name":"dataconnect"},"message":"E0831 07:42:33.429023   23580 watch.go:116] watchAllDir unable to walk dir `c:\\Users\\user\\Desktop\\EMPLEOS JESS\\dataconnect`: GetFileAttributesEx c:\\Users\\user\\Desktop\\EMPLEOS JESS\\dataconnect: The system cannot find the file specified.\n"}}
[debug] [2026-08-31T11:42:33.461Z] I0831 07:42:33.461646   23580 dev.go:101] Listening on address (HTTP + gRPC): 127.0.0.1:50001
 {"metadata":{"emulator":{"name":"dataconnect"},"message":"I0831 07:42:33.461646   23580 dev.go:101] Listening on address (HTTP + gRPC): 127.0.0.1:50001\n"}}
[debug] [2026-08-31T11:42:33.975Z] <<< [apiv2][status] GET https://firebase.googleapis.com/v1beta1/projects 200
[debug] [2026-08-31T11:42:33.975Z] <<< [apiv2][body] GET https://firebase.googleapis.com/v1beta1/projects [omitted]
[error] [Firebase Plugin] error:  {}
[debug] [2026-08-31T11:42:43.882Z] E0831 07:42:43.439937   23580 watch.go:40] Failed to load config from "c:\\Users\\user\\Desktop\\EMPLEOS JESS\\dataconnect": could not find dataconnect.yaml in `c:\Users\user\Desktop\EMPLEOS JESS\dataconnect`
 {"metadata":{"emulator":{"name":"dataconnect"},"message":"E0831 07:42:43.439937   23580 watch.go:40] Failed to load config from \"c:\\\\Users\\\\user\\\\Desktop\\\\EMPLEOS JESS\\\\dataconnect\": could not find dataconnect.yaml in `c:\\Users\\user\\Desktop\\EMPLEOS JESS\\dataconnect`\n"}}
[debug] [2026-08-31T11:42:54.791Z] E0831 07:42:53.440733   23580 watch.go:40] Failed to load config from "c:\\Users\\user\\Desktop\\EMPLEOS JESS\\dataconnect": could not find dataconnect.yaml in `c:\Users\user\Desktop\EMPLEOS JESS\dataconnect`
 {"metadata":{"emulator":{"name":"dataconnect"},"message":"E0831 07:42:53.440733   23580 watch.go:40] Failed to load config from \"c:\\\\Users\\\\user\\\\Desktop\\\\EMPLEOS JESS\\\\dataconnect\": could not find dataconnect.yaml in `c:\\Users\\user\\Desktop\\EMPLEOS JESS\\dataconnect`\n"}}
[debug] [2026-08-31T11:43:03.441Z] E0831 07:43:03.441459   23580 watch.go:40] Failed to load config from "c:\\Users\\user\\Desktop\\EMPLEOS JESS\\dataconnect": could not find dataconnect.yaml in `c:\Users\user\Desktop\EMPLEOS JESS\dataconnect`
 {"metadata":{"emulator":{"name":"dataconnect"},"message":"E0831 07:43:03.441459   23580 watch.go:40] Failed to load config from \"c:\\\\Users\\\\user\\\\Desktop\\\\EMPLEOS JESS\\\\dataconnect\": could not find dataconnect.yaml in `c:\\Users\\user\\Desktop\\EMPLEOS JESS\\dataconnect`\n"}}
[debug] [2026-08-31T11:43:13.452Z] E0831 07:43:13.452673   23580 watch.go:40] Failed to load config from "c:\\Users\\user\\Desktop\\EMPLEOS JESS\\dataconnect": could not find dataconnect.yaml in `c:\Users\user\Desktop\EMPLEOS JESS\dataconnect`
 {"metadata":{"emulator":{"name":"dataconnect"},"message":"E0831 07:43:13.452673   23580 watch.go:40] Failed to load config from \"c:\\\\Users\\\\user\\\\Desktop\\\\EMPLEOS JESS\\\\dataconnect\": could not find dataconnect.yaml in `c:\\Users\\user\\Desktop\\EMPLEOS JESS\\dataconnect`\n"}}
[debug] [2026-08-31T11:43:23.440Z] E0831 07:43:23.440321   23580 watch.go:40] Failed to load config from "c:\\Users\\user\\Desktop\\EMPLEOS JESS\\dataconnect": could not find dataconnect.yaml in `c:\Users\user\Desktop\EMPLEOS JESS\dataconnect`
 {"metadata":{"emulator":{"name":"dataconnect"},"message":"E0831 07:43:23.440321   23580 watch.go:40] Failed to load config from \"c:\\\\Users\\\\user\\\\Desktop\\\\EMPLEOS JESS\\\\dataconnect\": could not find dataconnect.yaml in `c:\\Users\\user\\Desktop\\EMPLEOS JESS\\dataconnect`\n"}}
[debug] [2026-08-31T11:43:33.440Z] E0831 07:43:33.439974   23580 watch.go:40] Failed to load config from "c:\\Users\\user\\Desktop\\EMPLEOS JESS\\dataconnect": could not find dataconnect.yaml in `c:\Users\user\Desktop\EMPLEOS JESS\dataconnect`
 {"metadata":{"emulator":{"name":"dataconnect"},"message":"E0831 07:43:33.439974   23580 watch.go:40] Failed to load config from \"c:\\\\Users\\\\user\\\\Desktop\\\\EMPLEOS JESS\\\\dataconnect\": could not find dataconnect.yaml in `c:\\Users\\user\\Desktop\\EMPLEOS JESS\\dataconnect`\n"}}
[debug] [2026-08-31T11:43:33.445Z] E0831 07:43:33.439974   23580 watch.go:116] watchAllDir unable to walk dir `c:\Users\user\Desktop\EMPLEOS JESS\dataconnect`: GetFileAttributesEx c:\Users\user\Desktop\EMPLEOS JESS\dataconnect: The system cannot find the file specified.
 {"metadata":{"emulator":{"name":"dataconnect"},"message":"E0831 07:43:33.439974   23580 watch.go:116] watchAllDir unable to walk dir `c:\\Users\\user\\Desktop\\EMPLEOS JESS\\dataconnect`: GetFileAttributesEx c:\\Users\\user\\Desktop\\EMPLEOS JESS\\dataconnect: The system cannot find the file specified.\n"}}
[debug] [2026-08-31T11:43:43.442Z] E0831 07:43:43.442616   23580 watch.go:40] Failed to load config from "c:\\Users\\user\\Desktop\\EMPLEOS JESS\\dataconnect": could not find dataconnect.yaml in `c:\Users\user\Desktop\EMPLEOS JESS\dataconnect`
 {"metadata":{"emulator":{"name":"dataconnect"},"message":"E0831 07:43:43.442616   23580 watch.go:40] Failed to load config from \"c:\\\\Users\\\\user\\\\Desktop\\\\EMPLEOS JESS\\\\dataconnect\": could not find dataconnect.yaml in `c:\\Users\\user\\Desktop\\EMPLEOS JESS\\dataconnect`\n"}}
[debug] [2026-08-31T11:43:53.440Z] E0831 07:43:53.440880   23580 watch.go:40] Failed to load config from "c:\\Users\\user\\Desktop\\EMPLEOS JESS\\dataconnect": could not find dataconnect.yaml in `c:\Users\user\Desktop\EMPLEOS JESS\dataconnect`
 {"metadata":{"emulator":{"name":"dataconnect"},"message":"E0831 07:43:53.440880   23580 watch.go:40] Failed to load config from \"c:\\\\Users\\\\user\\\\Desktop\\\\EMPLEOS JESS\\\\dataconnect\": could not find dataconnect.yaml in `c:\\Users\\user\\Desktop\\EMPLEOS JESS\\dataconnect`\n"}}
[debug] [2026-08-31T11:44:03.454Z] E0831 07:44:03.448181   23580 watch.go:40] Failed to load config from "c:\\Users\\user\\Desktop\\EMPLEOS JESS\\dataconnect": could not find dataconnect.yaml in `c:\Users\user\Desktop\EMPLEOS JESS\dataconnect`
 {"metadata":{"emulator":{"name":"dataconnect"},"message":"E0831 07:44:03.448181   23580 watch.go:40] Failed to load config from \"c:\\\\Users\\\\user\\\\Desktop\\\\EMPLEOS JESS\\\\dataconnect\": could not find dataconnect.yaml in `c:\\Users\\user\\Desktop\\EMPLEOS JESS\\dataconnect`\n"}}
[debug] [2026-08-31T11:44:13.442Z] E0831 07:44:13.442366   23580 watch.go:40] Failed to load config from "c:\\Users\\user\\Desktop\\EMPLEOS JESS\\dataconnect": could not find dataconnect.yaml in `c:\Users\user\Desktop\EMPLEOS JESS\dataconnect`
 {"metadata":{"emulator":{"name":"dataconnect"},"message":"E0831 07:44:13.442366   23580 watch.go:40] Failed to load config from \"c:\\\\Users\\\\user\\\\Desktop\\\\EMPLEOS JESS\\\\dataconnect\": could not find dataconnect.yaml in `c:\\Users\\user\\Desktop\\EMPLEOS JESS\\dataconnect`\n"}}
[debug] [2026-08-31T11:44:23.440Z] E0831 07:44:23.441414   23580 watch.go:40] Failed to load config from "c:\\Users\\user\\Desktop\\EMPLEOS JESS\\dataconnect": could not find dataconnect.yaml in `c:\Users\user\Desktop\EMPLEOS JESS\dataconnect`
 {"metadata":{"emulator":{"name":"dataconnect"},"message":"E0831 07:44:23.441414   23580 watch.go:40] Failed to load config from \"c:\\\\Users\\\\user\\\\Desktop\\\\EMPLEOS JESS\\\\dataconnect\": could not find dataconnect.yaml in `c:\\Users\\user\\Desktop\\EMPLEOS JESS\\dataconnect`\n"}}
[debug] [2026-08-31T11:44:33.440Z] E0831 07:44:33.440479   23580 watch.go:116] watchAllDir unable to walk dir `c:\Users\user\Desktop\EMPLEOS JESS\dataconnect`: GetFileAttributesEx c:\Users\user\Desktop\EMPLEOS JESS\dataconnect: The system cannot find the file specified.
 {"metadata":{"emulator":{"name":"dataconnect"},"message":"E0831 07:44:33.440479   23580 watch.go:116] watchAllDir unable to walk dir `c:\\Users\\user\\Desktop\\EMPLEOS JESS\\dataconnect`: GetFileAttributesEx c:\\Users\\user\\Desktop\\EMPLEOS JESS\\dataconnect: The system cannot find the file specified.\n"}}
[debug] [2026-08-31T11:44:33.441Z] E0831 07:44:33.440479   23580 watch.go:40] Failed to load config from "c:\\Users\\user\\Desktop\\EMPLEOS JESS\\dataconnect": could not find dataconnect.yaml in `c:\Users\user\Desktop\EMPLEOS JESS\dataconnect`
 {"metadata":{"emulator":{"name":"dataconnect"},"message":"E0831 07:44:33.440479   23580 watch.go:40] Failed to load config from \"c:\\\\Users\\\\user\\\\Desktop\\\\EMPLEOS JESS\\\\dataconnect\": could not find dataconnect.yaml in `c:\\Users\\user\\Desktop\\EMPLEOS JESS\\dataconnect`\n"}}
[debug] [2026-08-31T11:44:43.453Z] E0831 07:44:43.450318   23580 watch.go:40] Failed to load config from "c:\\Users\\user\\Desktop\\EMPLEOS JESS\\dataconnect": could not find dataconnect.yaml in `c:\Users\user\Desktop\EMPLEOS JESS\dataconnect`
 {"metadata":{"emulator":{"name":"dataconnect"},"message":"E0831 07:44:43.450318   23580 watch.go:40] Failed to load config from \"c:\\\\Users\\\\user\\\\Desktop\\\\EMPLEOS JESS\\\\dataconnect\": could not find dataconnect.yaml in `c:\\Users\\user\\Desktop\\EMPLEOS JESS\\dataconnect`\n"}}
[debug] [2026-08-31T11:44:53.441Z] E0831 07:44:53.441653   23580 watch.go:40] Failed to load config from "c:\\Users\\user\\Desktop\\EMPLEOS JESS\\dataconnect": could not find dataconnect.yaml in `c:\Users\user\Desktop\EMPLEOS JESS\dataconnect`
 {"metadata":{"emulator":{"name":"dataconnect"},"message":"E0831 07:44:53.441653   23580 watch.go:40] Failed to load config from \"c:\\\\Users\\\\user\\\\Desktop\\\\EMPLEOS JESS\\\\dataconnect\": could not find dataconnect.yaml in `c:\\Users\\user\\Desktop\\EMPLEOS JESS\\dataconnect`\n"}}
[debug] [2026-08-31T11:45:03.448Z] E0831 07:45:03.447136   23580 watch.go:40] Failed to load config from "c:\\Users\\user\\Desktop\\EMPLEOS JESS\\dataconnect": could not find dataconnect.yaml in `c:\Users\user\Desktop\EMPLEOS JESS\dataconnect`
 {"metadata":{"emulator":{"name":"dataconnect"},"message":"E0831 07:45:03.447136   23580 watch.go:40] Failed to load config from \"c:\\\\Users\\\\user\\\\Desktop\\\\EMPLEOS JESS\\\\dataconnect\": could not find dataconnect.yaml in `c:\\Users\\user\\Desktop\\EMPLEOS JESS\\dataconnect`\n"}}
[debug] [2026-08-31T11:45:13.443Z] E0831 07:45:13.442882   23580 watch.go:40] Failed to load config from "c:\\Users\\user\\Desktop\\EMPLEOS JESS\\dataconnect": could not find dataconnect.yaml in `c:\Users\user\Desktop\EMPLEOS JESS\dataconnect`
 {"metadata":{"emulator":{"name":"dataconnect"},"message":"E0831 07:45:13.442882   23580 watch.go:40] Failed to load config from \"c:\\\\Users\\\\user\\\\Desktop\\\\EMPLEOS JESS\\\\dataconnect\": could not find dataconnect.yaml in `c:\\Users\\user\\Desktop\\EMPLEOS JESS\\dataconnect`\n"}}
[debug] [2026-08-31T11:45:23.441Z] E0831 07:45:23.440306   23580 watch.go:40] Failed to load config from "c:\\Users\\user\\Desktop\\EMPLEOS JESS\\dataconnect": could not find dataconnect.yaml in `c:\Users\user\Desktop\EMPLEOS JESS\dataconnect`
 {"metadata":{"emulator":{"name":"dataconnect"},"message":"E0831 07:45:23.440306   23580 watch.go:40] Failed to load config from \"c:\\\\Users\\\\user\\\\Desktop\\\\EMPLEOS JESS\\\\dataconnect\": could not find dataconnect.yaml in `c:\\Users\\user\\Desktop\\EMPLEOS JESS\\dataconnect`\n"}}
[debug] [2026-08-31T11:45:33.441Z] E0831 07:45:33.441162   23580 watch.go:116] watchAllDir unable to walk dir `c:\Users\user\Desktop\EMPLEOS JESS\dataconnect`: GetFileAttributesEx c:\Users\user\Desktop\EMPLEOS JESS\dataconnect: The system cannot find the file specified.
 {"metadata":{"emulator":{"name":"dataconnect"},"message":"E0831 07:45:33.441162   23580 watch.go:116] watchAllDir unable to walk dir `c:\\Users\\user\\Desktop\\EMPLEOS JESS\\dataconnect`: GetFileAttributesEx c:\\Users\\user\\Desktop\\EMPLEOS JESS\\dataconnect: The system cannot find the file specified.\n"}}
[debug] [2026-08-31T11:45:33.443Z] E0831 07:45:33.442255   23580 watch.go:40] Failed to load config from "c:\\Users\\user\\Desktop\\EMPLEOS JESS\\dataconnect": could not find dataconnect.yaml in `c:\Users\user\Desktop\EMPLEOS JESS\dataconnect`
 {"metadata":{"emulator":{"name":"dataconnect"},"message":"E0831 07:45:33.442255   23580 watch.go:40] Failed to load config from \"c:\\\\Users\\\\user\\\\Desktop\\\\EMPLEOS JESS\\\\dataconnect\": could not find dataconnect.yaml in `c:\\Users\\user\\Desktop\\EMPLEOS JESS\\dataconnect`\n"}}
[debug] [2026-08-31T11:45:43.442Z] E0831 07:45:43.441692   23580 watch.go:40] Failed to load config from "c:\\Users\\user\\Desktop\\EMPLEOS JESS\\dataconnect": could not find dataconnect.yaml in `c:\Users\user\Desktop\EMPLEOS JESS\dataconnect`
 {"metadata":{"emulator":{"name":"dataconnect"},"message":"E0831 07:45:43.441692   23580 watch.go:40] Failed to load config from \"c:\\\\Users\\\\user\\\\Desktop\\\\EMPLEOS JESS\\\\dataconnect\": could not find dataconnect.yaml in `c:\\Users\\user\\Desktop\\EMPLEOS JESS\\dataconnect`\n"}}
[debug] [2026-08-31T11:45:53.470Z] E0831 07:45:53.470639   23580 watch.go:40] Failed to load config from "c:\\Users\\user\\Desktop\\EMPLEOS JESS\\dataconnect": could not find dataconnect.yaml in `c:\Users\user\Desktop\EMPLEOS JESS\dataconnect`
 {"metadata":{"emulator":{"name":"dataconnect"},"message":"E0831 07:45:53.470639   23580 watch.go:40] Failed to load config from \"c:\\\\Users\\\\user\\\\Desktop\\\\EMPLEOS JESS\\\\dataconnect\": could not find dataconnect.yaml in `c:\\Users\\user\\Desktop\\EMPLEOS JESS\\dataconnect`\n"}}
[debug] [2026-08-31T11:46:03.440Z] E0831 07:46:03.440231   23580 watch.go:40] Failed to load config from "c:\\Users\\user\\Desktop\\EMPLEOS JESS\\dataconnect": could not find dataconnect.yaml in `c:\Users\user\Desktop\EMPLEOS JESS\dataconnect`
 {"metadata":{"emulator":{"name":"dataconnect"},"message":"E0831 07:46:03.440231   23580 watch.go:40] Failed to load config from \"c:\\\\Users\\\\user\\\\Desktop\\\\EMPLEOS JESS\\\\dataconnect\": could not find dataconnect.yaml in `c:\\Users\\user\\Desktop\\EMPLEOS JESS\\dataconnect`\n"}}
[debug] [2026-08-31T11:46:13.440Z] E0831 07:46:13.440550   23580 watch.go:40] Failed to load config from "c:\\Users\\user\\Desktop\\EMPLEOS JESS\\dataconnect": could not find dataconnect.yaml in `c:\Users\user\Desktop\EMPLEOS JESS\dataconnect`
 {"metadata":{"emulator":{"name":"dataconnect"},"message":"E0831 07:46:13.440550   23580 watch.go:40] Failed to load config from \"c:\\\\Users\\\\user\\\\Desktop\\\\EMPLEOS JESS\\\\dataconnect\": could not find dataconnect.yaml in `c:\\Users\\user\\Desktop\\EMPLEOS JESS\\dataconnect`\n"}}
[debug] [2026-08-31T11:46:23.441Z] E0831 07:46:23.441294   23580 watch.go:40] Failed to load config from "c:\\Users\\user\\Desktop\\EMPLEOS JESS\\dataconnect": could not find dataconnect.yaml in `c:\Users\user\Desktop\EMPLEOS JESS\dataconnect`
 {"metadata":{"emulator":{"name":"dataconnect"},"message":"E0831 07:46:23.441294   23580 watch.go:40] Failed to load config from \"c:\\\\Users\\\\user\\\\Desktop\\\\EMPLEOS JESS\\\\dataconnect\": could not find dataconnect.yaml in `c:\\Users\\user\\Desktop\\EMPLEOS JESS\\dataconnect`\n"}}
[debug] [2026-08-31T11:46:33.447Z] E0831 07:46:33.446445   23580 watch.go:116] watchAllDir unable to walk dir `c:\Users\user\Desktop\EMPLEOS JESS\dataconnect`: GetFileAttributesEx c:\Users\user\Desktop\EMPLEOS JESS\dataconnect: The system cannot find the file specified.
 {"metadata":{"emulator":{"name":"dataconnect"},"message":"E0831 07:46:33.446445   23580 watch.go:116] watchAllDir unable to walk dir `c:\\Users\\user\\Desktop\\EMPLEOS JESS\\dataconnect`: GetFileAttributesEx c:\\Users\\user\\Desktop\\EMPLEOS JESS\\dataconnect: The system cannot find the file specified.\n"}}
[debug] [2026-08-31T11:46:33.449Z] E0831 07:46:33.447442   23580 watch.go:40] Failed to load config from "c:\\Users\\user\\Desktop\\EMPLEOS JESS\\dataconnect": could not find dataconnect.yaml in `c:\Users\user\Desktop\EMPLEOS JESS\dataconnect`
 {"metadata":{"emulator":{"name":"dataconnect"},"message":"E0831 07:46:33.447442   23580 watch.go:40] Failed to load config from \"c:\\\\Users\\\\user\\\\Desktop\\\\EMPLEOS JESS\\\\dataconnect\": could not find dataconnect.yaml in `c:\\Users\\user\\Desktop\\EMPLEOS JESS\\dataconnect`\n"}}
[debug] [2026-08-31T11:46:43.442Z] E0831 07:46:43.441213   23580 watch.go:40] Failed to load config from "c:\\Users\\user\\Desktop\\EMPLEOS JESS\\dataconnect": could not find dataconnect.yaml in `c:\Users\user\Desktop\EMPLEOS JESS\dataconnect`
 {"metadata":{"emulator":{"name":"dataconnect"},"message":"E0831 07:46:43.441213   23580 watch.go:40] Failed to load config from \"c:\\\\Users\\\\user\\\\Desktop\\\\EMPLEOS JESS\\\\dataconnect\": could not find dataconnect.yaml in `c:\\Users\\user\\Desktop\\EMPLEOS JESS\\dataconnect`\n"}}
[debug] [2026-08-31T11:46:53.441Z] E0831 07:46:53.441871   23580 watch.go:40] Failed to load config from "c:\\Users\\user\\Desktop\\EMPLEOS JESS\\dataconnect": could not find dataconnect.yaml in `c:\Users\user\Desktop\EMPLEOS JESS\dataconnect`
 {"metadata":{"emulator":{"name":"dataconnect"},"message":"E0831 07:46:53.441871   23580 watch.go:40] Failed to load config from \"c:\\\\Users\\\\user\\\\Desktop\\\\EMPLEOS JESS\\\\dataconnect\": could not find dataconnect.yaml in `c:\\Users\\user\\Desktop\\EMPLEOS JESS\\dataconnect`\n"}}
[debug] [2026-08-31T11:47:03.439Z] E0831 07:47:03.440434   23580 watch.go:40] Failed to load config from "c:\\Users\\user\\Desktop\\EMPLEOS JESS\\dataconnect": could not find dataconnect.yaml in `c:\Users\user\Desktop\EMPLEOS JESS\dataconnect`
 {"metadata":{"emulator":{"name":"dataconnect"},"message":"E0831 07:47:03.440434   23580 watch.go:40] Failed to load config from \"c:\\\\Users\\\\user\\\\Desktop\\\\EMPLEOS JESS\\\\dataconnect\": could not find dataconnect.yaml in `c:\\Users\\user\\Desktop\\EMPLEOS JESS\\dataconnect`\n"}}
[debug] [2026-08-31T11:47:13.438Z] E0831 07:47:13.440119   23580 watch.go:40] Failed to load config from "c:\\Users\\user\\Desktop\\EMPLEOS JESS\\dataconnect": could not find dataconnect.yaml in `c:\Users\user\Desktop\EMPLEOS JESS\dataconnect`
 {"metadata":{"emulator":{"name":"dataconnect"},"message":"E0831 07:47:13.440119   23580 watch.go:40] Failed to load config from \"c:\\\\Users\\\\user\\\\Desktop\\\\EMPLEOS JESS\\\\dataconnect\": could not find dataconnect.yaml in `c:\\Users\\user\\Desktop\\EMPLEOS JESS\\dataconnect`\n"}}
[debug] [2026-08-31T11:47:23.439Z] E0831 07:47:23.441227   23580 watch.go:40] Failed to load config from "c:\\Users\\user\\Desktop\\EMPLEOS JESS\\dataconnect": could not find dataconnect.yaml in `c:\Users\user\Desktop\EMPLEOS JESS\dataconnect`
 {"metadata":{"emulator":{"name":"dataconnect"},"message":"E0831 07:47:23.441227   23580 watch.go:40] Failed to load config from \"c:\\\\Users\\\\user\\\\Desktop\\\\EMPLEOS JESS\\\\dataconnect\": could not find dataconnect.yaml in `c:\\Users\\user\\Desktop\\EMPLEOS JESS\\dataconnect`\n"}}
[debug] [2026-08-31T11:47:33.440Z] E0831 07:47:33.441737   23580 watch.go:116] watchAllDir unable to walk dir `c:\Users\user\Desktop\EMPLEOS JESS\dataconnect`: GetFileAttributesEx c:\Users\user\Desktop\EMPLEOS JESS\dataconnect: The system cannot find the file specified.
 {"metadata":{"emulator":{"name":"dataconnect"},"message":"E0831 07:47:33.441737   23580 watch.go:116] watchAllDir unable to walk dir `c:\\Users\\user\\Desktop\\EMPLEOS JESS\\dataconnect`: GetFileAttributesEx c:\\Users\\user\\Desktop\\EMPLEOS JESS\\dataconnect: The system cannot find the file specified.\n"}}
[debug] [2026-08-31T11:47:33.442Z] E0831 07:47:33.442291   23580 watch.go:40] Failed to load config from "c:\\Users\\user\\Desktop\\EMPLEOS JESS\\dataconnect": could not find dataconnect.yaml in `c:\Users\user\Desktop\EMPLEOS JESS\dataconnect`
 {"metadata":{"emulator":{"name":"dataconnect"},"message":"E0831 07:47:33.442291   23580 watch.go:40] Failed to load config from \"c:\\\\Users\\\\user\\\\Desktop\\\\EMPLEOS JESS\\\\dataconnect\": could not find dataconnect.yaml in `c:\\Users\\user\\Desktop\\EMPLEOS JESS\\dataconnect`\n"}}
[debug] [2026-08-31T11:47:43.440Z] E0831 07:47:43.441679   23580 watch.go:40] Failed to load config from "c:\\Users\\user\\Desktop\\EMPLEOS JESS\\dataconnect": could not find dataconnect.yaml in `c:\Users\user\Desktop\EMPLEOS JESS\dataconnect`
 {"metadata":{"emulator":{"name":"dataconnect"},"message":"E0831 07:47:43.441679   23580 watch.go:40] Failed to load config from \"c:\\\\Users\\\\user\\\\Desktop\\\\EMPLEOS JESS\\\\dataconnect\": could not find dataconnect.yaml in `c:\\Users\\user\\Desktop\\EMPLEOS JESS\\dataconnect`\n"}}
[debug] [2026-08-31T11:47:53.439Z] E0831 07:47:53.440611   23580 watch.go:40] Failed to load config from "c:\\Users\\user\\Desktop\\EMPLEOS JESS\\dataconnect": could not find dataconnect.yaml in `c:\Users\user\Desktop\EMPLEOS JESS\dataconnect`
 {"metadata":{"emulator":{"name":"dataconnect"},"message":"E0831 07:47:53.440611   23580 watch.go:40] Failed to load config from \"c:\\\\Users\\\\user\\\\Desktop\\\\EMPLEOS JESS\\\\dataconnect\": could not find dataconnect.yaml in `c:\\Users\\user\\Desktop\\EMPLEOS JESS\\dataconnect`\n"}}
[debug] [2026-08-31T11:48:03.440Z] E0831 07:48:03.440507   23580 watch.go:40] Failed to load config from "c:\\Users\\user\\Desktop\\EMPLEOS JESS\\dataconnect": could not find dataconnect.yaml in `c:\Users\user\Desktop\EMPLEOS JESS\dataconnect`
 {"metadata":{"emulator":{"name":"dataconnect"},"message":"E0831 07:48:03.440507   23580 watch.go:40] Failed to load config from \"c:\\\\Users\\\\user\\\\Desktop\\\\EMPLEOS JESS\\\\dataconnect\": could not find dataconnect.yaml in `c:\\Users\\user\\Desktop\\EMPLEOS JESS\\dataconnect`\n"}}
[debug] [2026-08-31T11:48:13.441Z] E0831 07:48:13.441290   23580 watch.go:40] Failed to load config from "c:\\Users\\user\\Desktop\\EMPLEOS JESS\\dataconnect": could not find dataconnect.yaml in `c:\Users\user\Desktop\EMPLEOS JESS\dataconnect`
 {"metadata":{"emulator":{"name":"dataconnect"},"message":"E0831 07:48:13.441290   23580 watch.go:40] Failed to load config from \"c:\\\\Users\\\\user\\\\Desktop\\\\EMPLEOS JESS\\\\dataconnect\": could not find dataconnect.yaml in `c:\\Users\\user\\Desktop\\EMPLEOS JESS\\dataconnect`\n"}}
[debug] [2026-08-31T11:48:23.440Z] E0831 07:48:23.440931   23580 watch.go:40] Failed to load config from "c:\\Users\\user\\Desktop\\EMPLEOS JESS\\dataconnect": could not find dataconnect.yaml in `c:\Users\user\Desktop\EMPLEOS JESS\dataconnect`
 {"metadata":{"emulator":{"name":"dataconnect"},"message":"E0831 07:48:23.440931   23580 watch.go:40] Failed to load config from \"c:\\\\Users\\\\user\\\\Desktop\\\\EMPLEOS JESS\\\\dataconnect\": could not find dataconnect.yaml in `c:\\Users\\user\\Desktop\\EMPLEOS JESS\\dataconnect`\n"}}
[debug] [2026-08-31T11:48:33.440Z] E0831 07:48:33.440409   23580 watch.go:116] watchAllDir unable to walk dir `c:\Users\user\Desktop\EMPLEOS JESS\dataconnect`: GetFileAttributesEx c:\Users\user\Desktop\EMPLEOS JESS\dataconnect: The system cannot find the file specified.
 {"metadata":{"emulator":{"name":"dataconnect"},"message":"E0831 07:48:33.440409   23580 watch.go:116] watchAllDir unable to walk dir `c:\\Users\\user\\Desktop\\EMPLEOS JESS\\dataconnect`: GetFileAttributesEx c:\\Users\\user\\Desktop\\EMPLEOS JESS\\dataconnect: The system cannot find the file specified.\n"}}
[debug] [2026-08-31T11:48:33.441Z] E0831 07:48:33.440981   23580 watch.go:40] Failed to load config from "c:\\Users\\user\\Desktop\\EMPLEOS JESS\\dataconnect": could not find dataconnect.yaml in `c:\Users\user\Desktop\EMPLEOS JESS\dataconnect`
 {"metadata":{"emulator":{"name":"dataconnect"},"message":"E0831 07:48:33.440981   23580 watch.go:40] Failed to load config from \"c:\\\\Users\\\\user\\\\Desktop\\\\EMPLEOS JESS\\\\dataconnect\": could not find dataconnect.yaml in `c:\\Users\\user\\Desktop\\EMPLEOS JESS\\dataconnect`\n"}}
[debug] [2026-08-31T11:48:43.440Z] E0831 07:48:43.440515   23580 watch.go:40] Failed to load config from "c:\\Users\\user\\Desktop\\EMPLEOS JESS\\dataconnect": could not find dataconnect.yaml in `c:\Users\user\Desktop\EMPLEOS JESS\dataconnect`
 {"metadata":{"emulator":{"name":"dataconnect"},"message":"E0831 07:48:43.440515   23580 watch.go:40] Failed to load config from \"c:\\\\Users\\\\user\\\\Desktop\\\\EMPLEOS JESS\\\\dataconnect\": could not find dataconnect.yaml in `c:\\Users\\user\\Desktop\\EMPLEOS JESS\\dataconnect`\n"}}
[debug] [2026-08-31T11:48:53.441Z] E0831 07:48:53.441306   23580 watch.go:40] Failed to load config from "c:\\Users\\user\\Desktop\\EMPLEOS JESS\\dataconnect": could not find dataconnect.yaml in `c:\Users\user\Desktop\EMPLEOS JESS\dataconnect`
 {"metadata":{"emulator":{"name":"dataconnect"},"message":"E0831 07:48:53.441306   23580 watch.go:40] Failed to load config from \"c:\\\\Users\\\\user\\\\Desktop\\\\EMPLEOS JESS\\\\dataconnect\": could not find dataconnect.yaml in `c:\\Users\\user\\Desktop\\EMPLEOS JESS\\dataconnect`\n"}}
[debug] [2026-08-31T11:49:03.442Z] E0831 07:49:03.442191   23580 watch.go:40] Failed to load config from "c:\\Users\\user\\Desktop\\EMPLEOS JESS\\dataconnect": could not find dataconnect.yaml in `c:\Users\user\Desktop\EMPLEOS JESS\dataconnect`
 {"metadata":{"emulator":{"name":"dataconnect"},"message":"E0831 07:49:03.442191   23580 watch.go:40] Failed to load config from \"c:\\\\Users\\\\user\\\\Desktop\\\\EMPLEOS JESS\\\\dataconnect\": could not find dataconnect.yaml in `c:\\Users\\user\\Desktop\\EMPLEOS JESS\\dataconnect`\n"}}
[debug] [2026-08-31T11:49:13.441Z] E0831 07:49:13.440895   23580 watch.go:40] Failed to load config from "c:\\Users\\user\\Desktop\\EMPLEOS JESS\\dataconnect": could not find dataconnect.yaml in `c:\Users\user\Desktop\EMPLEOS JESS\dataconnect`
 {"metadata":{"emulator":{"name":"dataconnect"},"message":"E0831 07:49:13.440895   23580 watch.go:40] Failed to load config from \"c:\\\\Users\\\\user\\\\Desktop\\\\EMPLEOS JESS\\\\dataconnect\": could not find dataconnect.yaml in `c:\\Users\\user\\Desktop\\EMPLEOS JESS\\dataconnect`\n"}}
[debug] [2026-08-31T11:49:23.441Z] E0831 07:49:23.440975   23580 watch.go:40] Failed to load config from "c:\\Users\\user\\Desktop\\EMPLEOS JESS\\dataconnect": could not find dataconnect.yaml in `c:\Users\user\Desktop\EMPLEOS JESS\dataconnect`
 {"metadata":{"emulator":{"name":"dataconnect"},"message":"E0831 07:49:23.440975   23580 watch.go:40] Failed to load config from \"c:\\\\Users\\\\user\\\\Desktop\\\\EMPLEOS JESS\\\\dataconnect\": could not find dataconnect.yaml in `c:\\Users\\user\\Desktop\\EMPLEOS JESS\\dataconnect`\n"}}
[debug] [2026-08-31T11:49:33.440Z] E0831 07:49:33.440282   23580 watch.go:116] watchAllDir unable to walk dir `c:\Users\user\Desktop\EMPLEOS JESS\dataconnect`: GetFileAttributesEx c:\Users\user\Desktop\EMPLEOS JESS\dataconnect: The system cannot find the file specified.
 {"metadata":{"emulator":{"name":"dataconnect"},"message":"E0831 07:49:33.440282   23580 watch.go:116] watchAllDir unable to walk dir `c:\\Users\\user\\Desktop\\EMPLEOS JESS\\dataconnect`: GetFileAttributesEx c:\\Users\\user\\Desktop\\EMPLEOS JESS\\dataconnect: The system cannot find the file specified.\n"}}
[debug] [2026-08-31T11:49:33.441Z] E0831 07:49:33.440819   23580 watch.go:40] Failed to load config from "c:\\Users\\user\\Desktop\\EMPLEOS JESS\\dataconnect": could not find dataconnect.yaml in `c:\Users\user\Desktop\EMPLEOS JESS\dataconnect`
 {"metadata":{"emulator":{"name":"dataconnect"},"message":"E0831 07:49:33.440819   23580 watch.go:40] Failed to load config from \"c:\\\\Users\\\\user\\\\Desktop\\\\EMPLEOS JESS\\\\dataconnect\": could not find dataconnect.yaml in `c:\\Users\\user\\Desktop\\EMPLEOS JESS\\dataconnect`\n"}}
[debug] [2026-08-31T11:49:43.441Z] E0831 07:49:43.441236   23580 watch.go:40] Failed to load config from "c:\\Users\\user\\Desktop\\EMPLEOS JESS\\dataconnect": could not find dataconnect.yaml in `c:\Users\user\Desktop\EMPLEOS JESS\dataconnect`
 {"metadata":{"emulator":{"name":"dataconnect"},"message":"E0831 07:49:43.441236   23580 watch.go:40] Failed to load config from \"c:\\\\Users\\\\user\\\\Desktop\\\\EMPLEOS JESS\\\\dataconnect\": could not find dataconnect.yaml in `c:\\Users\\user\\Desktop\\EMPLEOS JESS\\dataconnect`\n"}}
[debug] [2026-08-31T11:49:53.446Z] E0831 07:49:53.444060   23580 watch.go:40] Failed to load config from "c:\\Users\\user\\Desktop\\EMPLEOS JESS\\dataconnect": could not find dataconnect.yaml in `c:\Users\user\Desktop\EMPLEOS JESS\dataconnect`
 {"metadata":{"emulator":{"name":"dataconnect"},"message":"E0831 07:49:53.444060   23580 watch.go:40] Failed to load config from \"c:\\\\Users\\\\user\\\\Desktop\\\\EMPLEOS JESS\\\\dataconnect\": could not find dataconnect.yaml in `c:\\Users\\user\\Desktop\\EMPLEOS JESS\\dataconnect`\n"}}
[debug] [2026-08-31T11:50:03.442Z] E0831 07:50:03.441846   23580 watch.go:40] Failed to load config from "c:\\Users\\user\\Desktop\\EMPLEOS JESS\\dataconnect": could not find dataconnect.yaml in `c:\Users\user\Desktop\EMPLEOS JESS\dataconnect`
 {"metadata":{"emulator":{"name":"dataconnect"},"message":"E0831 07:50:03.441846   23580 watch.go:40] Failed to load config from \"c:\\\\Users\\\\user\\\\Desktop\\\\EMPLEOS JESS\\\\dataconnect\": could not find dataconnect.yaml in `c:\\Users\\user\\Desktop\\EMPLEOS JESS\\dataconnect`\n"}}
[debug] [2026-08-31T11:50:13.442Z] E0831 07:50:13.442158   23580 watch.go:40] Failed to load config from "c:\\Users\\user\\Desktop\\EMPLEOS JESS\\dataconnect": could not find dataconnect.yaml in `c:\Users\user\Desktop\EMPLEOS JESS\dataconnect`
 {"metadata":{"emulator":{"name":"dataconnect"},"message":"E0831 07:50:13.442158   23580 watch.go:40] Failed to load config from \"c:\\\\Users\\\\user\\\\Desktop\\\\EMPLEOS JESS\\\\dataconnect\": could not find dataconnect.yaml in `c:\\Users\\user\\Desktop\\EMPLEOS JESS\\dataconnect`\n"}}
[debug] [2026-08-31T11:50:23.441Z] E0831 07:50:23.441652   23580 watch.go:40] Failed to load config from "c:\\Users\\user\\Desktop\\EMPLEOS JESS\\dataconnect": could not find dataconnect.yaml in `c:\Users\user\Desktop\EMPLEOS JESS\dataconnect`
 {"metadata":{"emulator":{"name":"dataconnect"},"message":"E0831 07:50:23.441652   23580 watch.go:40] Failed to load config from \"c:\\\\Users\\\\user\\\\Desktop\\\\EMPLEOS JESS\\\\dataconnect\": could not find dataconnect.yaml in `c:\\Users\\user\\Desktop\\EMPLEOS JESS\\dataconnect`\n"}}
[debug] [2026-08-31T11:50:33.440Z] E0831 07:50:33.440894   23580 watch.go:116] watchAllDir unable to walk dir `c:\Users\user\Desktop\EMPLEOS JESS\dataconnect`: GetFileAttributesEx c:\Users\user\Desktop\EMPLEOS JESS\dataconnect: The system cannot find the file specified.
 {"metadata":{"emulator":{"name":"dataconnect"},"message":"E0831 07:50:33.440894   23580 watch.go:116] watchAllDir unable to walk dir `c:\\Users\\user\\Desktop\\EMPLEOS JESS\\dataconnect`: GetFileAttributesEx c:\\Users\\user\\Desktop\\EMPLEOS JESS\\dataconnect: The system cannot find the file specified.\n"}}
[debug] [2026-08-31T11:50:33.441Z] E0831 07:50:33.440894   23580 watch.go:40] Failed to load config from "c:\\Users\\user\\Desktop\\EMPLEOS JESS\\dataconnect": could not find dataconnect.yaml in `c:\Users\user\Desktop\EMPLEOS JESS\dataconnect`
 {"metadata":{"emulator":{"name":"dataconnect"},"message":"E0831 07:50:33.440894   23580 watch.go:40] Failed to load config from \"c:\\\\Users\\\\user\\\\Desktop\\\\EMPLEOS JESS\\\\dataconnect\": could not find dataconnect.yaml in `c:\\Users\\user\\Desktop\\EMPLEOS JESS\\dataconnect`\n"}}
[debug] [2026-08-31T11:50:43.440Z] E0831 07:50:43.440864   23580 watch.go:40] Failed to load config from "c:\\Users\\user\\Desktop\\EMPLEOS JESS\\dataconnect": could not find dataconnect.yaml in `c:\Users\user\Desktop\EMPLEOS JESS\dataconnect`
 {"metadata":{"emulator":{"name":"dataconnect"},"message":"E0831 07:50:43.440864   23580 watch.go:40] Failed to load config from \"c:\\\\Users\\\\user\\\\Desktop\\\\EMPLEOS JESS\\\\dataconnect\": could not find dataconnect.yaml in `c:\\Users\\user\\Desktop\\EMPLEOS JESS\\dataconnect`\n"}}
[debug] [2026-08-31T11:50:53.440Z] E0831 07:50:53.440465   23580 watch.go:40] Failed to load config from "c:\\Users\\user\\Desktop\\EMPLEOS JESS\\dataconnect": could not find dataconnect.yaml in `c:\Users\user\Desktop\EMPLEOS JESS\dataconnect`
 {"metadata":{"emulator":{"name":"dataconnect"},"message":"E0831 07:50:53.440465   23580 watch.go:40] Failed to load config from \"c:\\\\Users\\\\user\\\\Desktop\\\\EMPLEOS JESS\\\\dataconnect\": could not find dataconnect.yaml in `c:\\Users\\user\\Desktop\\EMPLEOS JESS\\dataconnect`\n"}}
[debug] [2026-08-31T11:51:03.442Z] E0831 07:51:03.442070   23580 watch.go:40] Failed to load config from "c:\\Users\\user\\Desktop\\EMPLEOS JESS\\dataconnect": could not find dataconnect.yaml in `c:\Users\user\Desktop\EMPLEOS JESS\dataconnect`
 {"metadata":{"emulator":{"name":"dataconnect"},"message":"E0831 07:51:03.442070   23580 watch.go:40] Failed to load config from \"c:\\\\Users\\\\user\\\\Desktop\\\\EMPLEOS JESS\\\\dataconnect\": could not find dataconnect.yaml in `c:\\Users\\user\\Desktop\\EMPLEOS JESS\\dataconnect`\n"}}
[debug] [2026-08-31T11:51:13.442Z] E0831 07:51:13.441739   23580 watch.go:40] Failed to load config from "c:\\Users\\user\\Desktop\\EMPLEOS JESS\\dataconnect": could not find dataconnect.yaml in `c:\Users\user\Desktop\EMPLEOS JESS\dataconnect`
 {"metadata":{"emulator":{"name":"dataconnect"},"message":"E0831 07:51:13.441739   23580 watch.go:40] Failed to load config from \"c:\\\\Users\\\\user\\\\Desktop\\\\EMPLEOS JESS\\\\dataconnect\": could not find dataconnect.yaml in `c:\\Users\\user\\Desktop\\EMPLEOS JESS\\dataconnect`\n"}}
[debug] [2026-08-31T11:51:23.440Z] E0831 07:51:23.440273   23580 watch.go:40] Failed to load config from "c:\\Users\\user\\Desktop\\EMPLEOS JESS\\dataconnect": could not find dataconnect.yaml in `c:\Users\user\Desktop\EMPLEOS JESS\dataconnect`
 {"metadata":{"emulator":{"name":"dataconnect"},"message":"E0831 07:51:23.440273   23580 watch.go:40] Failed to load config from \"c:\\\\Users\\\\user\\\\Desktop\\\\EMPLEOS JESS\\\\dataconnect\": could not find dataconnect.yaml in `c:\\Users\\user\\Desktop\\EMPLEOS JESS\\dataconnect`\n"}}
[debug] [2026-08-31T11:51:33.440Z] E0831 07:51:33.440200   23580 watch.go:116] watchAllDir unable to walk dir `c:\Users\user\Desktop\EMPLEOS JESS\dataconnect`: GetFileAttributesEx c:\Users\user\Desktop\EMPLEOS JESS\dataconnect: The system cannot find the file specified.
 {"metadata":{"emulator":{"name":"dataconnect"},"message":"E0831 07:51:33.440200   23580 watch.go:116] watchAllDir unable to walk dir `c:\\Users\\user\\Desktop\\EMPLEOS JESS\\dataconnect`: GetFileAttributesEx c:\\Users\\user\\Desktop\\EMPLEOS JESS\\dataconnect: The system cannot find the file specified.\n"}}
[debug] [2026-08-31T11:51:33.442Z] E0831 07:51:33.440930   23580 watch.go:40] Failed to load config from "c:\\Users\\user\\Desktop\\EMPLEOS JESS\\dataconnect": could not find dataconnect.yaml in `c:\Users\user\Desktop\EMPLEOS JESS\dataconnect`
 {"metadata":{"emulator":{"name":"dataconnect"},"message":"E0831 07:51:33.440930   23580 watch.go:40] Failed to load config from \"c:\\\\Users\\\\user\\\\Desktop\\\\EMPLEOS JESS\\\\dataconnect\": could not find dataconnect.yaml in `c:\\Users\\user\\Desktop\\EMPLEOS JESS\\dataconnect`\n"}}
[debug] [2026-08-31T11:51:43.441Z] E0831 07:51:43.441305   23580 watch.go:40] Failed to load config from "c:\\Users\\user\\Desktop\\EMPLEOS JESS\\dataconnect": could not find dataconnect.yaml in `c:\Users\user\Desktop\EMPLEOS JESS\dataconnect`
 {"metadata":{"emulator":{"name":"dataconnect"},"message":"E0831 07:51:43.441305   23580 watch.go:40] Failed to load config from \"c:\\\\Users\\\\user\\\\Desktop\\\\EMPLEOS JESS\\\\dataconnect\": could not find dataconnect.yaml in `c:\\Users\\user\\Desktop\\EMPLEOS JESS\\dataconnect`\n"}}
[debug] [2026-08-31T11:51:53.441Z] E0831 07:51:53.440750   23580 watch.go:40] Failed to load config from "c:\\Users\\user\\Desktop\\EMPLEOS JESS\\dataconnect": could not find dataconnect.yaml in `c:\Users\user\Desktop\EMPLEOS JESS\dataconnect`
 {"metadata":{"emulator":{"name":"dataconnect"},"message":"E0831 07:51:53.440750   23580 watch.go:40] Failed to load config from \"c:\\\\Users\\\\user\\\\Desktop\\\\EMPLEOS JESS\\\\dataconnect\": could not find dataconnect.yaml in `c:\\Users\\user\\Desktop\\EMPLEOS JESS\\dataconnect`\n"}}
[debug] [2026-08-31T11:52:03.440Z] E0831 07:52:03.440353   23580 watch.go:40] Failed to load config from "c:\\Users\\user\\Desktop\\EMPLEOS JESS\\dataconnect": could not find dataconnect.yaml in `c:\Users\user\Desktop\EMPLEOS JESS\dataconnect`
 {"metadata":{"emulator":{"name":"dataconnect"},"message":"E0831 07:52:03.440353   23580 watch.go:40] Failed to load config from \"c:\\\\Users\\\\user\\\\Desktop\\\\EMPLEOS JESS\\\\dataconnect\": could not find dataconnect.yaml in `c:\\Users\\user\\Desktop\\EMPLEOS JESS\\dataconnect`\n"}}
[debug] [2026-08-31T11:52:13.441Z] E0831 07:52:13.441856   23580 watch.go:40] Failed to load config from "c:\\Users\\user\\Desktop\\EMPLEOS JESS\\dataconnect": could not find dataconnect.yaml in `c:\Users\user\Desktop\EMPLEOS JESS\dataconnect`
 {"metadata":{"emulator":{"name":"dataconnect"},"message":"E0831 07:52:13.441856   23580 watch.go:40] Failed to load config from \"c:\\\\Users\\\\user\\\\Desktop\\\\EMPLEOS JESS\\\\dataconnect\": could not find dataconnect.yaml in `c:\\Users\\user\\Desktop\\EMPLEOS JESS\\dataconnect`\n"}}
[debug] [2026-08-31T11:52:23.440Z] E0831 07:52:23.440032   23580 watch.go:40] Failed to load config from "c:\\Users\\user\\Desktop\\EMPLEOS JESS\\dataconnect": could not find dataconnect.yaml in `c:\Users\user\Desktop\EMPLEOS JESS\dataconnect`
 {"metadata":{"emulator":{"name":"dataconnect"},"message":"E0831 07:52:23.440032   23580 watch.go:40] Failed to load config from \"c:\\\\Users\\\\user\\\\Desktop\\\\EMPLEOS JESS\\\\dataconnect\": could not find dataconnect.yaml in `c:\\Users\\user\\Desktop\\EMPLEOS JESS\\dataconnect`\n"}}
[debug] [2026-08-31T11:52:33.440Z] E0831 07:52:33.440992   23580 watch.go:116] watchAllDir unable to walk dir `c:\Users\user\Desktop\EMPLEOS JESS\dataconnect`: GetFileAttributesEx c:\Users\user\Desktop\EMPLEOS JESS\dataconnect: The system cannot find the file specified.
 {"metadata":{"emulator":{"name":"dataconnect"},"message":"E0831 07:52:33.440992   23580 watch.go:116] watchAllDir unable to walk dir `c:\\Users\\user\\Desktop\\EMPLEOS JESS\\dataconnect`: GetFileAttributesEx c:\\Users\\user\\Desktop\\EMPLEOS JESS\\dataconnect: The system cannot find the file specified.\n"}}
[debug] [2026-08-31T11:52:33.441Z] E0831 07:52:33.440992   23580 watch.go:40] Failed to load config from "c:\\Users\\user\\Desktop\\EMPLEOS JESS\\dataconnect": could not find dataconnect.yaml in `c:\Users\user\Desktop\EMPLEOS JESS\dataconnect`
 {"metadata":{"emulator":{"name":"dataconnect"},"message":"E0831 07:52:33.440992   23580 watch.go:40] Failed to load config from \"c:\\\\Users\\\\user\\\\Desktop\\\\EMPLEOS JESS\\\\dataconnect\": could not find dataconnect.yaml in `c:\\Users\\user\\Desktop\\EMPLEOS JESS\\dataconnect`\n"}}
[debug] [2026-08-31T11:52:43.440Z] E0831 07:52:43.441333   23580 watch.go:40] Failed to load config from "c:\\Users\\user\\Desktop\\EMPLEOS JESS\\dataconnect": could not find dataconnect.yaml in `c:\Users\user\Desktop\EMPLEOS JESS\dataconnect`
 {"metadata":{"emulator":{"name":"dataconnect"},"message":"E0831 07:52:43.441333   23580 watch.go:40] Failed to load config from \"c:\\\\Users\\\\user\\\\Desktop\\\\EMPLEOS JESS\\\\dataconnect\": could not find dataconnect.yaml in `c:\\Users\\user\\Desktop\\EMPLEOS JESS\\dataconnect`\n"}}
[debug] [2026-08-31T11:52:53.440Z] E0831 07:52:53.440733   23580 watch.go:40] Failed to load config from "c:\\Users\\user\\Desktop\\EMPLEOS JESS\\dataconnect": could not find dataconnect.yaml in `c:\Users\user\Desktop\EMPLEOS JESS\dataconnect`
 {"metadata":{"emulator":{"name":"dataconnect"},"message":"E0831 07:52:53.440733   23580 watch.go:40] Failed to load config from \"c:\\\\Users\\\\user\\\\Desktop\\\\EMPLEOS JESS\\\\dataconnect\": could not find dataconnect.yaml in `c:\\Users\\user\\Desktop\\EMPLEOS JESS\\dataconnect`\n"}}
[debug] [2026-08-31T11:53:03.441Z] E0831 07:53:03.441258   23580 watch.go:40] Failed to load config from "c:\\Users\\user\\Desktop\\EMPLEOS JESS\\dataconnect": could not find dataconnect.yaml in `c:\Users\user\Desktop\EMPLEOS JESS\dataconnect`
 {"metadata":{"emulator":{"name":"dataconnect"},"message":"E0831 07:53:03.441258   23580 watch.go:40] Failed to load config from \"c:\\\\Users\\\\user\\\\Desktop\\\\EMPLEOS JESS\\\\dataconnect\": could not find dataconnect.yaml in `c:\\Users\\user\\Desktop\\EMPLEOS JESS\\dataconnect`\n"}}
[debug] [2026-08-31T11:53:13.442Z] E0831 07:53:13.442181   23580 watch.go:40] Failed to load config from "c:\\Users\\user\\Desktop\\EMPLEOS JESS\\dataconnect": could not find dataconnect.yaml in `c:\Users\user\Desktop\EMPLEOS JESS\dataconnect`
 {"metadata":{"emulator":{"name":"dataconnect"},"message":"E0831 07:53:13.442181   23580 watch.go:40] Failed to load config from \"c:\\\\Users\\\\user\\\\Desktop\\\\EMPLEOS JESS\\\\dataconnect\": could not find dataconnect.yaml in `c:\\Users\\user\\Desktop\\EMPLEOS JESS\\dataconnect`\n"}}
[debug] [2026-08-31T11:53:23.442Z] E0831 07:53:23.442493   23580 watch.go:40] Failed to load config from "c:\\Users\\user\\Desktop\\EMPLEOS JESS\\dataconnect": could not find dataconnect.yaml in `c:\Users\user\Desktop\EMPLEOS JESS\dataconnect`
 {"metadata":{"emulator":{"name":"dataconnect"},"message":"E0831 07:53:23.442493   23580 watch.go:40] Failed to load config from \"c:\\\\Users\\\\user\\\\Desktop\\\\EMPLEOS JESS\\\\dataconnect\": could not find dataconnect.yaml in `c:\\Users\\user\\Desktop\\EMPLEOS JESS\\dataconnect`\n"}}
[debug] [2026-08-31T11:53:33.440Z] E0831 07:53:33.440780   23580 watch.go:116] watchAllDir unable to walk dir `c:\Users\user\Desktop\EMPLEOS JESS\dataconnect`: GetFileAttributesEx c:\Users\user\Desktop\EMPLEOS JESS\dataconnect: The system cannot find the file specified.
 {"metadata":{"emulator":{"name":"dataconnect"},"message":"E0831 07:53:33.440780   23580 watch.go:116] watchAllDir unable to walk dir `c:\\Users\\user\\Desktop\\EMPLEOS JESS\\dataconnect`: GetFileAttributesEx c:\\Users\\user\\Desktop\\EMPLEOS JESS\\dataconnect: The system cannot find the file specified.\n"}}
[debug] [2026-08-31T11:53:33.441Z] E0831 07:53:33.440780   23580 watch.go:40] Failed to load config from "c:\\Users\\user\\Desktop\\EMPLEOS JESS\\dataconnect": could not find dataconnect.yaml in `c:\Users\user\Desktop\EMPLEOS JESS\dataconnect`
 {"metadata":{"emulator":{"name":"dataconnect"},"message":"E0831 07:53:33.440780   23580 watch.go:40] Failed to load config from \"c:\\\\Users\\\\user\\\\Desktop\\\\EMPLEOS JESS\\\\dataconnect\": could not find dataconnect.yaml in `c:\\Users\\user\\Desktop\\EMPLEOS JESS\\dataconnect`\n"}}
[debug] [2026-08-31T11:53:43.440Z] E0831 07:53:43.440586   23580 watch.go:40] Failed to load config from "c:\\Users\\user\\Desktop\\EMPLEOS JESS\\dataconnect": could not find dataconnect.yaml in `c:\Users\user\Desktop\EMPLEOS JESS\dataconnect`
 {"metadata":{"emulator":{"name":"dataconnect"},"message":"E0831 07:53:43.440586   23580 watch.go:40] Failed to load config from \"c:\\\\Users\\\\user\\\\Desktop\\\\EMPLEOS JESS\\\\dataconnect\": could not find dataconnect.yaml in `c:\\Users\\user\\Desktop\\EMPLEOS JESS\\dataconnect`\n"}}
[debug] [2026-08-31T11:53:53.441Z] E0831 07:53:53.441286   23580 watch.go:40] Failed to load config from "c:\\Users\\user\\Desktop\\EMPLEOS JESS\\dataconnect": could not find dataconnect.yaml in `c:\Users\user\Desktop\EMPLEOS JESS\dataconnect`
 {"metadata":{"emulator":{"name":"dataconnect"},"message":"E0831 07:53:53.441286   23580 watch.go:40] Failed to load config from \"c:\\\\Users\\\\user\\\\Desktop\\\\EMPLEOS JESS\\\\dataconnect\": could not find dataconnect.yaml in `c:\\Users\\user\\Desktop\\EMPLEOS JESS\\dataconnect`\n"}}
[debug] [2026-08-31T11:54:03.440Z] E0831 07:54:03.440535   23580 watch.go:40] Failed to load config from "c:\\Users\\user\\Desktop\\EMPLEOS JESS\\dataconnect": could not find dataconnect.yaml in `c:\Users\user\Desktop\EMPLEOS JESS\dataconnect`
 {"metadata":{"emulator":{"name":"dataconnect"},"message":"E0831 07:54:03.440535   23580 watch.go:40] Failed to load config from \"c:\\\\Users\\\\user\\\\Desktop\\\\EMPLEOS JESS\\\\dataconnect\": could not find dataconnect.yaml in `c:\\Users\\user\\Desktop\\EMPLEOS JESS\\dataconnect`\n"}}
[debug] [2026-08-31T11:54:13.441Z] E0831 07:54:13.441084   23580 watch.go:40] Failed to load config from "c:\\Users\\user\\Desktop\\EMPLEOS JESS\\dataconnect": could not find dataconnect.yaml in `c:\Users\user\Desktop\EMPLEOS JESS\dataconnect`
 {"metadata":{"emulator":{"name":"dataconnect"},"message":"E0831 07:54:13.441084   23580 watch.go:40] Failed to load config from \"c:\\\\Users\\\\user\\\\Desktop\\\\EMPLEOS JESS\\\\dataconnect\": could not find dataconnect.yaml in `c:\\Users\\user\\Desktop\\EMPLEOS JESS\\dataconnect`\n"}}
[debug] [2026-08-31T11:54:23.440Z] E0831 07:54:23.441259   23580 watch.go:40] Failed to load config from "c:\\Users\\user\\Desktop\\EMPLEOS JESS\\dataconnect": could not find dataconnect.yaml in `c:\Users\user\Desktop\EMPLEOS JESS\dataconnect`
 {"metadata":{"emulator":{"name":"dataconnect"},"message":"E0831 07:54:23.441259   23580 watch.go:40] Failed to load config from \"c:\\\\Users\\\\user\\\\Desktop\\\\EMPLEOS JESS\\\\dataconnect\": could not find dataconnect.yaml in `c:\\Users\\user\\Desktop\\EMPLEOS JESS\\dataconnect`\n"}}
[debug] [2026-08-31T11:54:33.439Z] E0831 07:54:33.440493   23580 watch.go:116] watchAllDir unable to walk dir `c:\Users\user\Desktop\EMPLEOS JESS\dataconnect`: GetFileAttributesEx c:\Users\user\Desktop\EMPLEOS JESS\dataconnect: The system cannot find the file specified.
 {"metadata":{"emulator":{"name":"dataconnect"},"message":"E0831 07:54:33.440493   23580 watch.go:116] watchAllDir unable to walk dir `c:\\Users\\user\\Desktop\\EMPLEOS JESS\\dataconnect`: GetFileAttributesEx c:\\Users\\user\\Desktop\\EMPLEOS JESS\\dataconnect: The system cannot find the file specified.\n"}}
[debug] [2026-08-31T11:54:33.440Z] E0831 07:54:33.441046   23580 watch.go:40] Failed to load config from "c:\\Users\\user\\Desktop\\EMPLEOS JESS\\dataconnect": could not find dataconnect.yaml in `c:\Users\user\Desktop\EMPLEOS JESS\dataconnect`
 {"metadata":{"emulator":{"name":"dataconnect"},"message":"E0831 07:54:33.441046   23580 watch.go:40] Failed to load config from \"c:\\\\Users\\\\user\\\\Desktop\\\\EMPLEOS JESS\\\\dataconnect\": could not find dataconnect.yaml in `c:\\Users\\user\\Desktop\\EMPLEOS JESS\\dataconnect`\n"}}
[debug] [2026-08-31T11:54:43.440Z] E0831 07:54:43.441446   23580 watch.go:40] Failed to load config from "c:\\Users\\user\\Desktop\\EMPLEOS JESS\\dataconnect": could not find dataconnect.yaml in `c:\Users\user\Desktop\EMPLEOS JESS\dataconnect`
 {"metadata":{"emulator":{"name":"dataconnect"},"message":"E0831 07:54:43.441446   23580 watch.go:40] Failed to load config from \"c:\\\\Users\\\\user\\\\Desktop\\\\EMPLEOS JESS\\\\dataconnect\": could not find dataconnect.yaml in `c:\\Users\\user\\Desktop\\EMPLEOS JESS\\dataconnect`\n"}}
[debug] [2026-08-31T11:54:53.439Z] E0831 07:54:53.440209   23580 watch.go:40] Failed to load config from "c:\\Users\\user\\Desktop\\EMPLEOS JESS\\dataconnect": could not find dataconnect.yaml in `c:\Users\user\Desktop\EMPLEOS JESS\dataconnect`
 {"metadata":{"emulator":{"name":"dataconnect"},"message":"E0831 07:54:53.440209   23580 watch.go:40] Failed to load config from \"c:\\\\Users\\\\user\\\\Desktop\\\\EMPLEOS JESS\\\\dataconnect\": could not find dataconnect.yaml in `c:\\Users\\user\\Desktop\\EMPLEOS JESS\\dataconnect`\n"}}
[debug] [2026-08-31T11:55:03.440Z] E0831 07:55:03.440696   23580 watch.go:40] Failed to load config from "c:\\Users\\user\\Desktop\\EMPLEOS JESS\\dataconnect": could not find dataconnect.yaml in `c:\Users\user\Desktop\EMPLEOS JESS\dataconnect`
 {"metadata":{"emulator":{"name":"dataconnect"},"message":"E0831 07:55:03.440696   23580 watch.go:40] Failed to load config from \"c:\\\\Users\\\\user\\\\Desktop\\\\EMPLEOS JESS\\\\dataconnect\": could not find dataconnect.yaml in `c:\\Users\\user\\Desktop\\EMPLEOS JESS\\dataconnect`\n"}}
[debug] [2026-08-31T11:55:13.439Z] E0831 07:55:13.440525   23580 watch.go:40] Failed to load config from "c:\\Users\\user\\Desktop\\EMPLEOS JESS\\dataconnect": could not find dataconnect.yaml in `c:\Users\user\Desktop\EMPLEOS JESS\dataconnect`
 {"metadata":{"emulator":{"name":"dataconnect"},"message":"E0831 07:55:13.440525   23580 watch.go:40] Failed to load config from \"c:\\\\Users\\\\user\\\\Desktop\\\\EMPLEOS JESS\\\\dataconnect\": could not find dataconnect.yaml in `c:\\Users\\user\\Desktop\\EMPLEOS JESS\\dataconnect`\n"}}
[debug] [2026-08-31T11:55:23.440Z] E0831 07:55:23.440057   23580 watch.go:40] Failed to load config from "c:\\Users\\user\\Desktop\\EMPLEOS JESS\\dataconnect": could not find dataconnect.yaml in `c:\Users\user\Desktop\EMPLEOS JESS\dataconnect`
 {"metadata":{"emulator":{"name":"dataconnect"},"message":"E0831 07:55:23.440057   23580 watch.go:40] Failed to load config from \"c:\\\\Users\\\\user\\\\Desktop\\\\EMPLEOS JESS\\\\dataconnect\": could not find dataconnect.yaml in `c:\\Users\\user\\Desktop\\EMPLEOS JESS\\dataconnect`\n"}}
[debug] [2026-08-31T11:55:33.440Z] E0831 07:55:33.441384   23580 watch.go:116] watchAllDir unable to walk dir `c:\Users\user\Desktop\EMPLEOS JESS\dataconnect`: GetFileAttributesEx c:\Users\user\Desktop\EMPLEOS JESS\dataconnect: The system cannot find the file specified.
 {"metadata":{"emulator":{"name":"dataconnect"},"message":"E0831 07:55:33.441384   23580 watch.go:116] watchAllDir unable to walk dir `c:\\Users\\user\\Desktop\\EMPLEOS JESS\\dataconnect`: GetFileAttributesEx c:\\Users\\user\\Desktop\\EMPLEOS JESS\\dataconnect: The system cannot find the file specified.\n"}}
[debug] [2026-08-31T11:55:33.441Z] E0831 07:55:33.441384   23580 watch.go:40] Failed to load config from "c:\\Users\\user\\Desktop\\EMPLEOS JESS\\dataconnect": could not find dataconnect.yaml in `c:\Users\user\Desktop\EMPLEOS JESS\dataconnect`
 {"metadata":{"emulator":{"name":"dataconnect"},"message":"E0831 07:55:33.441384   23580 watch.go:40] Failed to load config from \"c:\\\\Users\\\\user\\\\Desktop\\\\EMPLEOS JESS\\\\dataconnect\": could not find dataconnect.yaml in `c:\\Users\\user\\Desktop\\EMPLEOS JESS\\dataconnect`\n"}}
[debug] [2026-08-31T11:55:43.440Z] E0831 07:55:43.440471   23580 watch.go:40] Failed to load config from "c:\\Users\\user\\Desktop\\EMPLEOS JESS\\dataconnect": could not find dataconnect.yaml in `c:\Users\user\Desktop\EMPLEOS JESS\dataconnect`
 {"metadata":{"emulator":{"name":"dataconnect"},"message":"E0831 07:55:43.440471   23580 watch.go:40] Failed to load config from \"c:\\\\Users\\\\user\\\\Desktop\\\\EMPLEOS JESS\\\\dataconnect\": could not find dataconnect.yaml in `c:\\Users\\user\\Desktop\\EMPLEOS JESS\\dataconnect`\n"}}
[debug] [2026-08-31T11:55:53.441Z] E0831 07:55:53.441632   23580 watch.go:40] Failed to load config from "c:\\Users\\user\\Desktop\\EMPLEOS JESS\\dataconnect": could not find dataconnect.yaml in `c:\Users\user\Desktop\EMPLEOS JESS\dataconnect`
 {"metadata":{"emulator":{"name":"dataconnect"},"message":"E0831 07:55:53.441632   23580 watch.go:40] Failed to load config from \"c:\\\\Users\\\\user\\\\Desktop\\\\EMPLEOS JESS\\\\dataconnect\": could not find dataconnect.yaml in `c:\\Users\\user\\Desktop\\EMPLEOS JESS\\dataconnect`\n"}}
[debug] [2026-08-31T11:56:03.440Z] E0831 07:56:03.441090   23580 watch.go:40] Failed to load config from "c:\\Users\\user\\Desktop\\EMPLEOS JESS\\dataconnect": could not find dataconnect.yaml in `c:\Users\user\Desktop\EMPLEOS JESS\dataconnect`
 {"metadata":{"emulator":{"name":"dataconnect"},"message":"E0831 07:56:03.441090   23580 watch.go:40] Failed to load config from \"c:\\\\Users\\\\user\\\\Desktop\\\\EMPLEOS JESS\\\\dataconnect\": could not find dataconnect.yaml in `c:\\Users\\user\\Desktop\\EMPLEOS JESS\\dataconnect`\n"}}
[debug] [2026-08-31T11:56:13.439Z] E0831 07:56:13.440208   23580 watch.go:40] Failed to load config from "c:\\Users\\user\\Desktop\\EMPLEOS JESS\\dataconnect": could not find dataconnect.yaml in `c:\Users\user\Desktop\EMPLEOS JESS\dataconnect`
 {"metadata":{"emulator":{"name":"dataconnect"},"message":"E0831 07:56:13.440208   23580 watch.go:40] Failed to load config from \"c:\\\\Users\\\\user\\\\Desktop\\\\EMPLEOS JESS\\\\dataconnect\": could not find dataconnect.yaml in `c:\\Users\\user\\Desktop\\EMPLEOS JESS\\dataconnect`\n"}}
[debug] [2026-08-31T11:56:23.441Z] E0831 07:56:23.441802   23580 watch.go:40] Failed to load config from "c:\\Users\\user\\Desktop\\EMPLEOS JESS\\dataconnect": could not find dataconnect.yaml in `c:\Users\user\Desktop\EMPLEOS JESS\dataconnect`
 {"metadata":{"emulator":{"name":"dataconnect"},"message":"E0831 07:56:23.441802   23580 watch.go:40] Failed to load config from \"c:\\\\Users\\\\user\\\\Desktop\\\\EMPLEOS JESS\\\\dataconnect\": could not find dataconnect.yaml in `c:\\Users\\user\\Desktop\\EMPLEOS JESS\\dataconnect`\n"}}
[debug] [2026-08-31T11:56:33.441Z] E0831 07:56:33.440981   23580 watch.go:116] watchAllDir unable to walk dir `c:\Users\user\Desktop\EMPLEOS JESS\dataconnect`: GetFileAttributesEx c:\Users\user\Desktop\EMPLEOS JESS\dataconnect: The system cannot find the file specified.
 {"metadata":{"emulator":{"name":"dataconnect"},"message":"E0831 07:56:33.440981   23580 watch.go:116] watchAllDir unable to walk dir `c:\\Users\\user\\Desktop\\EMPLEOS JESS\\dataconnect`: GetFileAttributesEx c:\\Users\\user\\Desktop\\EMPLEOS JESS\\dataconnect: The system cannot find the file specified.\n"}}
[debug] [2026-08-31T11:56:33.443Z] E0831 07:56:33.441551   23580 watch.go:40] Failed to load config from "c:\\Users\\user\\Desktop\\EMPLEOS JESS\\dataconnect": could not find dataconnect.yaml in `c:\Users\user\Desktop\EMPLEOS JESS\dataconnect`
 {"metadata":{"emulator":{"name":"dataconnect"},"message":"E0831 07:56:33.441551   23580 watch.go:40] Failed to load config from \"c:\\\\Users\\\\user\\\\Desktop\\\\EMPLEOS JESS\\\\dataconnect\": could not find dataconnect.yaml in `c:\\Users\\user\\Desktop\\EMPLEOS JESS\\dataconnect`\n"}}
[debug] [2026-08-31T11:56:43.441Z] E0831 07:56:43.441202   23580 watch.go:40] Failed to load config from "c:\\Users\\user\\Desktop\\EMPLEOS JESS\\dataconnect": could not find dataconnect.yaml in `c:\Users\user\Desktop\EMPLEOS JESS\dataconnect`
 {"metadata":{"emulator":{"name":"dataconnect"},"message":"E0831 07:56:43.441202   23580 watch.go:40] Failed to load config from \"c:\\\\Users\\\\user\\\\Desktop\\\\EMPLEOS JESS\\\\dataconnect\": could not find dataconnect.yaml in `c:\\Users\\user\\Desktop\\EMPLEOS JESS\\dataconnect`\n"}}
[debug] [2026-08-31T11:56:53.440Z] E0831 07:56:53.440145   23580 watch.go:40] Failed to load config from "c:\\Users\\user\\Desktop\\EMPLEOS JESS\\dataconnect": could not find dataconnect.yaml in `c:\Users\user\Desktop\EMPLEOS JESS\dataconnect`
 {"metadata":{"emulator":{"name":"dataconnect"},"message":"E0831 07:56:53.440145   23580 watch.go:40] Failed to load config from \"c:\\\\Users\\\\user\\\\Desktop\\\\EMPLEOS JESS\\\\dataconnect\": could not find dataconnect.yaml in `c:\\Users\\user\\Desktop\\EMPLEOS JESS\\dataconnect`\n"}}
[debug] [2026-08-31T11:57:03.441Z] E0831 07:57:03.441735   23580 watch.go:40] Failed to load config from "c:\\Users\\user\\Desktop\\EMPLEOS JESS\\dataconnect": could not find dataconnect.yaml in `c:\Users\user\Desktop\EMPLEOS JESS\dataconnect`
 {"metadata":{"emulator":{"name":"dataconnect"},"message":"E0831 07:57:03.441735   23580 watch.go:40] Failed to load config from \"c:\\\\Users\\\\user\\\\Desktop\\\\EMPLEOS JESS\\\\dataconnect\": could not find dataconnect.yaml in `c:\\Users\\user\\Desktop\\EMPLEOS JESS\\dataconnect`\n"}}
[debug] [2026-08-31T11:57:13.442Z] E0831 07:57:13.440339   23580 watch.go:40] Failed to load config from "c:\\Users\\user\\Desktop\\EMPLEOS JESS\\dataconnect": could not find dataconnect.yaml in `c:\Users\user\Desktop\EMPLEOS JESS\dataconnect`
 {"metadata":{"emulator":{"name":"dataconnect"},"message":"E0831 07:57:13.440339   23580 watch.go:40] Failed to load config from \"c:\\\\Users\\\\user\\\\Desktop\\\\EMPLEOS JESS\\\\dataconnect\": could not find dataconnect.yaml in `c:\\Users\\user\\Desktop\\EMPLEOS JESS\\dataconnect`\n"}}
[debug] [2026-08-31T11:57:23.440Z] E0831 07:57:23.440312   23580 watch.go:40] Failed to load config from "c:\\Users\\user\\Desktop\\EMPLEOS JESS\\dataconnect": could not find dataconnect.yaml in `c:\Users\user\Desktop\EMPLEOS JESS\dataconnect`
 {"metadata":{"emulator":{"name":"dataconnect"},"message":"E0831 07:57:23.440312   23580 watch.go:40] Failed to load config from \"c:\\\\Users\\\\user\\\\Desktop\\\\EMPLEOS JESS\\\\dataconnect\": could not find dataconnect.yaml in `c:\\Users\\user\\Desktop\\EMPLEOS JESS\\dataconnect`\n"}}
[debug] [2026-08-31T11:57:33.441Z] E0831 07:57:33.440993   23580 watch.go:116] watchAllDir unable to walk dir `c:\Users\user\Desktop\EMPLEOS JESS\dataconnect`: GetFileAttributesEx c:\Users\user\Desktop\EMPLEOS JESS\dataconnect: The system cannot find the file specified.
 {"metadata":{"emulator":{"name":"dataconnect"},"message":"E0831 07:57:33.440993   23580 watch.go:116] watchAllDir unable to walk dir `c:\\Users\\user\\Desktop\\EMPLEOS JESS\\dataconnect`: GetFileAttributesEx c:\\Users\\user\\Desktop\\EMPLEOS JESS\\dataconnect: The system cannot find the file specified.\n"}}
[debug] [2026-08-31T11:57:33.443Z] E0831 07:57:33.440993   23580 watch.go:40] Failed to load config from "c:\\Users\\user\\Desktop\\EMPLEOS JESS\\dataconnect": could not find dataconnect.yaml in `c:\Users\user\Desktop\EMPLEOS JESS\dataconnect`
 {"metadata":{"emulator":{"name":"dataconnect"},"message":"E0831 07:57:33.440993   23580 watch.go:40] Failed to load config from \"c:\\\\Users\\\\user\\\\Desktop\\\\EMPLEOS JESS\\\\dataconnect\": could not find dataconnect.yaml in `c:\\Users\\user\\Desktop\\EMPLEOS JESS\\dataconnect`\n"}}
[debug] [2026-08-31T11:57:43.440Z] E0831 07:57:43.440739   23580 watch.go:40] Failed to load config from "c:\\Users\\user\\Desktop\\EMPLEOS JESS\\dataconnect": could not find dataconnect.yaml in `c:\Users\user\Desktop\EMPLEOS JESS\dataconnect`
 {"metadata":{"emulator":{"name":"dataconnect"},"message":"E0831 07:57:43.440739   23580 watch.go:40] Failed to load config from \"c:\\\\Users\\\\user\\\\Desktop\\\\EMPLEOS JESS\\\\dataconnect\": could not find dataconnect.yaml in `c:\\Users\\user\\Desktop\\EMPLEOS JESS\\dataconnect`\n"}}
[debug] [2026-08-31T11:57:53.441Z] E0831 07:57:53.441726   23580 watch.go:40] Failed to load config from "c:\\Users\\user\\Desktop\\EMPLEOS JESS\\dataconnect": could not find dataconnect.yaml in `c:\Users\user\Desktop\EMPLEOS JESS\dataconnect`
 {"metadata":{"emulator":{"name":"dataconnect"},"message":"E0831 07:57:53.441726   23580 watch.go:40] Failed to load config from \"c:\\\\Users\\\\user\\\\Desktop\\\\EMPLEOS JESS\\\\dataconnect\": could not find dataconnect.yaml in `c:\\Users\\user\\Desktop\\EMPLEOS JESS\\dataconnect`\n"}}
[debug] [2026-08-31T11:58:03.441Z] E0831 07:58:03.441168   23580 watch.go:40] Failed to load config from "c:\\Users\\user\\Desktop\\EMPLEOS JESS\\dataconnect": could not find dataconnect.yaml in `c:\Users\user\Desktop\EMPLEOS JESS\dataconnect`
 {"metadata":{"emulator":{"name":"dataconnect"},"message":"E0831 07:58:03.441168   23580 watch.go:40] Failed to load config from \"c:\\\\Users\\\\user\\\\Desktop\\\\EMPLEOS JESS\\\\dataconnect\": could not find dataconnect.yaml in `c:\\Users\\user\\Desktop\\EMPLEOS JESS\\dataconnect`\n"}}
[debug] [2026-08-31T11:58:13.441Z] E0831 07:58:13.441598   23580 watch.go:40] Failed to load config from "c:\\Users\\user\\Desktop\\EMPLEOS JESS\\dataconnect": could not find dataconnect.yaml in `c:\Users\user\Desktop\EMPLEOS JESS\dataconnect`
 {"metadata":{"emulator":{"name":"dataconnect"},"message":"E0831 07:58:13.441598   23580 watch.go:40] Failed to load config from \"c:\\\\Users\\\\user\\\\Desktop\\\\EMPLEOS JESS\\\\dataconnect\": could not find dataconnect.yaml in `c:\\Users\\user\\Desktop\\EMPLEOS JESS\\dataconnect`\n"}}
[debug] [2026-08-31T11:58:23.441Z] E0831 07:58:23.441667   23580 watch.go:40] Failed to load config from "c:\\Users\\user\\Desktop\\EMPLEOS JESS\\dataconnect": could not find dataconnect.yaml in `c:\Users\user\Desktop\EMPLEOS JESS\dataconnect`
 {"metadata":{"emulator":{"name":"dataconnect"},"message":"E0831 07:58:23.441667   23580 watch.go:40] Failed to load config from \"c:\\\\Users\\\\user\\\\Desktop\\\\EMPLEOS JESS\\\\dataconnect\": could not find dataconnect.yaml in `c:\\Users\\user\\Desktop\\EMPLEOS JESS\\dataconnect`\n"}}
[debug] [2026-08-31T11:58:33.470Z] E0831 07:58:33.468585   23580 watch.go:116] watchAllDir unable to walk dir `c:\Users\user\Desktop\EMPLEOS JESS\dataconnect`: GetFileAttributesEx c:\Users\user\Desktop\EMPLEOS JESS\dataconnect: The system cannot find the file specified.
E0831 07:58:33.469586   23580 watch.go:40] Failed to load config from "c:\\Users\\user\\Desktop\\EMPLEOS JESS\\dataconnect": could not find dataconnect.yaml in `c:\Users\user\Desktop\EMPLEOS JESS\dataconnect`
 {"metadata":{"emulator":{"name":"dataconnect"},"message":"E0831 07:58:33.468585   23580 watch.go:116] watchAllDir unable to walk dir `c:\\Users\\user\\Desktop\\EMPLEOS JESS\\dataconnect`: GetFileAttributesEx c:\\Users\\user\\Desktop\\EMPLEOS JESS\\dataconnect: The system cannot find the file specified.\nE0831 07:58:33.469586   23580 watch.go:40] Failed to load config from \"c:\\\\Users\\\\user\\\\Desktop\\\\EMPLEOS JESS\\\\dataconnect\": could not find dataconnect.yaml in `c:\\Users\\user\\Desktop\\EMPLEOS JESS\\dataconnect`\n"}}
[debug] [2026-08-31T11:58:43.441Z] E0831 07:58:43.441184   23580 watch.go:40] Failed to load config from "c:\\Users\\user\\Desktop\\EMPLEOS JESS\\dataconnect": could not find dataconnect.yaml in `c:\Users\user\Desktop\EMPLEOS JESS\dataconnect`
 {"metadata":{"emulator":{"name":"dataconnect"},"message":"E0831 07:58:43.441184   23580 watch.go:40] Failed to load config from \"c:\\\\Users\\\\user\\\\Desktop\\\\EMPLEOS JESS\\\\dataconnect\": could not find dataconnect.yaml in `c:\\Users\\user\\Desktop\\EMPLEOS JESS\\dataconnect`\n"}}
[debug] [2026-08-31T11:58:53.443Z] E0831 07:58:53.442686   23580 watch.go:40] Failed to load config from "c:\\Users\\user\\Desktop\\EMPLEOS JESS\\dataconnect": could not find dataconnect.yaml in `c:\Users\user\Desktop\EMPLEOS JESS\dataconnect`
 {"metadata":{"emulator":{"name":"dataconnect"},"message":"E0831 07:58:53.442686   23580 watch.go:40] Failed to load config from \"c:\\\\Users\\\\user\\\\Desktop\\\\EMPLEOS JESS\\\\dataconnect\": could not find dataconnect.yaml in `c:\\Users\\user\\Desktop\\EMPLEOS JESS\\dataconnect`\n"}}
[debug] [2026-08-31T11:59:03.440Z] E0831 07:59:03.440747   23580 watch.go:40] Failed to load config from "c:\\Users\\user\\Desktop\\EMPLEOS JESS\\dataconnect": could not find dataconnect.yaml in `c:\Users\user\Desktop\EMPLEOS JESS\dataconnect`
 {"metadata":{"emulator":{"name":"dataconnect"},"message":"E0831 07:59:03.440747   23580 watch.go:40] Failed to load config from \"c:\\\\Users\\\\user\\\\Desktop\\\\EMPLEOS JESS\\\\dataconnect\": could not find dataconnect.yaml in `c:\\Users\\user\\Desktop\\EMPLEOS JESS\\dataconnect`\n"}}
[debug] [2026-08-31T11:59:13.441Z] E0831 07:59:13.441179   23580 watch.go:40] Failed to load config from "c:\\Users\\user\\Desktop\\EMPLEOS JESS\\dataconnect": could not find dataconnect.yaml in `c:\Users\user\Desktop\EMPLEOS JESS\dataconnect`
 {"metadata":{"emulator":{"name":"dataconnect"},"message":"E0831 07:59:13.441179   23580 watch.go:40] Failed to load config from \"c:\\\\Users\\\\user\\\\Desktop\\\\EMPLEOS JESS\\\\dataconnect\": could not find dataconnect.yaml in `c:\\Users\\user\\Desktop\\EMPLEOS JESS\\dataconnect`\n"}}
[debug] [2026-08-31T11:59:23.440Z] E0831 07:59:23.440505   23580 watch.go:40] Failed to load config from "c:\\Users\\user\\Desktop\\EMPLEOS JESS\\dataconnect": could not find dataconnect.yaml in `c:\Users\user\Desktop\EMPLEOS JESS\dataconnect`
 {"metadata":{"emulator":{"name":"dataconnect"},"message":"E0831 07:59:23.440505   23580 watch.go:40] Failed to load config from \"c:\\\\Users\\\\user\\\\Desktop\\\\EMPLEOS JESS\\\\dataconnect\": could not find dataconnect.yaml in `c:\\Users\\user\\Desktop\\EMPLEOS JESS\\dataconnect`\n"}}
[debug] [2026-08-31T11:59:33.439Z] E0831 07:59:33.440087   23580 watch.go:116] watchAllDir unable to walk dir `c:\Users\user\Desktop\EMPLEOS JESS\dataconnect`: GetFileAttributesEx c:\Users\user\Desktop\EMPLEOS JESS\dataconnect: The system cannot find the file specified.
 {"metadata":{"emulator":{"name":"dataconnect"},"message":"E0831 07:59:33.440087   23580 watch.go:116] watchAllDir unable to walk dir `c:\\Users\\user\\Desktop\\EMPLEOS JESS\\dataconnect`: GetFileAttributesEx c:\\Users\\user\\Desktop\\EMPLEOS JESS\\dataconnect: The system cannot find the file specified.\n"}}
[debug] [2026-08-31T11:59:33.440Z] E0831 07:59:33.440087   23580 watch.go:40] Failed to load config from "c:\\Users\\user\\Desktop\\EMPLEOS JESS\\dataconnect": could not find dataconnect.yaml in `c:\Users\user\Desktop\EMPLEOS JESS\dataconnect`
 {"metadata":{"emulator":{"name":"dataconnect"},"message":"E0831 07:59:33.440087   23580 watch.go:40] Failed to load config from \"c:\\\\Users\\\\user\\\\Desktop\\\\EMPLEOS JESS\\\\dataconnect\": could not find dataconnect.yaml in `c:\\Users\\user\\Desktop\\EMPLEOS JESS\\dataconnect`\n"}}
[debug] [2026-08-31T11:59:43.439Z] E0831 07:59:43.440447   23580 watch.go:40] Failed to load config from "c:\\Users\\user\\Desktop\\EMPLEOS JESS\\dataconnect": could not find dataconnect.yaml in `c:\Users\user\Desktop\EMPLEOS JESS\dataconnect`
 {"metadata":{"emulator":{"name":"dataconnect"},"message":"E0831 07:59:43.440447   23580 watch.go:40] Failed to load config from \"c:\\\\Users\\\\user\\\\Desktop\\\\EMPLEOS JESS\\\\dataconnect\": could not find dataconnect.yaml in `c:\\Users\\user\\Desktop\\EMPLEOS JESS\\dataconnect`\n"}}
[debug] [2026-08-31T11:59:53.440Z] E0831 07:59:53.440711   23580 watch.go:40] Failed to load config from "c:\\Users\\user\\Desktop\\EMPLEOS JESS\\dataconnect": could not find dataconnect.yaml in `c:\Users\user\Desktop\EMPLEOS JESS\dataconnect`
 {"metadata":{"emulator":{"name":"dataconnect"},"message":"E0831 07:59:53.440711   23580 watch.go:40] Failed to load config from \"c:\\\\Users\\\\user\\\\Desktop\\\\EMPLEOS JESS\\\\dataconnect\": could not find dataconnect.yaml in `c:\\Users\\user\\Desktop\\EMPLEOS JESS\\dataconnect`\n"}}
[debug] [2026-08-31T12:00:03.439Z] E0831 08:00:03.440139   23580 watch.go:40] Failed to load config from "c:\\Users\\user\\Desktop\\EMPLEOS JESS\\dataconnect": could not find dataconnect.yaml in `c:\Users\user\Desktop\EMPLEOS JESS\dataconnect`
 {"metadata":{"emulator":{"name":"dataconnect"},"message":"E0831 08:00:03.440139   23580 watch.go:40] Failed to load config from \"c:\\\\Users\\\\user\\\\Desktop\\\\EMPLEOS JESS\\\\dataconnect\": could not find dataconnect.yaml in `c:\\Users\\user\\Desktop\\EMPLEOS JESS\\dataconnect`\n"}}
[info] [Firebase Plugin] Stopping SQL Connect toolkit
[warn] !  SQL Connect Emulator has exited upon receiving signal: SIGINT 
[debug] [2026-08-31T12:00:34.605Z] [Firebase Plugin] Activating Firebase extension.
[debug] [2026-08-31T12:00:40.239Z] [Firebase Plugin] requireAuthWrapper
[debug] [2026-08-31T12:00:40.244Z] > command requires scopes: ["email","openid","https://www.googleapis.com/auth/cloudplatformprojects.readonly","https://www.googleapis.com/auth/firebase","https://www.googleapis.com/auth/cloud-platform"]
[debug] [2026-08-31T12:00:40.244Z] > authorizing via signed-in user (rosariojesselyn@gmail.com)
[debug] [2026-08-31T12:00:40.250Z] Checked if tokens are valid: false, expires at: 1788178353023
[debug] [2026-08-31T12:00:40.251Z] Checked if tokens are valid: false, expires at: 1788178353023
[debug] [2026-08-31T12:00:40.251Z] > refreshing access token with scopes: []
[debug] [2026-08-31T12:00:40.256Z] >>> [apiv2][query] POST https://www.googleapis.com/oauth2/v3/token [none]
[debug] [2026-08-31T12:00:40.256Z] >>> [apiv2][body] POST https://www.googleapis.com/oauth2/v3/token [omitted]
[debug] [2026-08-31T12:00:40.314Z] [Firebase Plugin] VSCode notification server listening on port 40001
[info] [Firebase Plugin] Starting SQL Connect toolkit (version 3.4.16) on port 50001
[debug] [2026-08-31T12:00:41.064Z] 'fdc build' failed with error: Unable to build your SQL Connect schema and connectors (exit code 1): E0831 08:00:41.008846   28432 cmd.go:43] Error loading data connect config: could not find dataconnect.yaml in `c:\Users\user\Desktop\EMPLEOS JESS\dataconnect`
 {"metadata":{"emulator":{"name":"dataconnect"},"message":"'fdc build' failed with error: Unable to build your SQL Connect schema and connectors (exit code 1): E0831 08:00:41.008846   28432 cmd.go:43] Error loading data connect config: could not find dataconnect.yaml in `c:\\Users\\user\\Desktop\\EMPLEOS JESS\\dataconnect`\n"}}
[debug] [2026-08-31T12:00:41.066Z] Ignoring unsupported arg: auto_download {"metadata":{"emulator":{"name":"dataconnect"},"message":"Ignoring unsupported arg: auto_download"}}
[debug] [2026-08-31T12:00:41.067Z] Ignoring unsupported arg: port {"metadata":{"emulator":{"name":"dataconnect"},"message":"Ignoring unsupported arg: port"}}
[debug] [2026-08-31T12:00:41.068Z] Starting SQL Connect Emulator with command {"binary":"C:\\Users\\user\\.cache\\firebase\\emulators\\dataconnect-emulator-3.4.16.exe","args":["--logtostderr","-v=2","dev","--listen=localhost:50001","--config_dir=c:\\Users\\user\\Desktop\\EMPLEOS JESS\\dataconnect","--enable_output_schema_extensions=true","--enable_output_generated_sdk=true"],"optionalArgs":["listen","config_dir","enable_output_schema_extensions","enable_output_generated_sdk"],"joinArgs":true,"shell":false,"port":9399} {"metadata":{"emulator":{"name":"dataconnect"},"message":"Starting SQL Connect Emulator with command {\"binary\":\"C:\\\\Users\\\\user\\\\.cache\\\\firebase\\\\emulators\\\\dataconnect-emulator-3.4.16.exe\",\"args\":[\"--logtostderr\",\"-v=2\",\"dev\",\"--listen=localhost:50001\",\"--config_dir=c:\\\\Users\\\\user\\\\Desktop\\\\EMPLEOS JESS\\\\dataconnect\",\"--enable_output_schema_extensions=true\",\"--enable_output_generated_sdk=true\"],\"optionalArgs\":[\"listen\",\"config_dir\",\"enable_output_schema_extensions\",\"enable_output_generated_sdk\"],\"joinArgs\":true,\"shell\":false,\"port\":9399}"}}
[info] i  dataconnect: SQL Connect Emulator logging to dataconnect-debug.log {"metadata":{"emulator":{"name":"dataconnect"},"message":"SQL Connect Emulator logging to \u001b[1mdataconnect-debug.log\u001b[22m"}}
[debug] [2026-08-31T12:00:41.283Z] <<< [apiv2][status] POST https://www.googleapis.com/oauth2/v3/token 200
[debug] [2026-08-31T12:00:41.284Z] <<< [apiv2][body] POST https://www.googleapis.com/oauth2/v3/token [omitted]
[debug] [2026-08-31T12:00:41.326Z] [Firebase Plugin] User found:  rosariojesselyn@gmail.com
[info] [Firebase Plugin] (Core:Project) New user detected, fetching projects
[debug] [2026-08-31T12:00:41.328Z] Checked if tokens are valid: true, expires at: 1788181240285
[debug] [2026-08-31T12:00:41.330Z] >>> [apiv2][query] GET https://firebase.googleapis.com/v1beta1/projects pageSize=1000
[debug] [2026-08-31T12:00:41.435Z] E0831 08:00:41.172013    1276 dev.go:80] Failed to load initial config from "c:\\Users\\user\\Desktop\\EMPLEOS JESS\\dataconnect": could not find dataconnect.yaml in `c:\Users\user\Desktop\EMPLEOS JESS\dataconnect`
E0831 08:00:41.365945    1276 watch.go:116] watchAllDir unable to walk dir `c:\Users\user\Desktop\EMPLEOS JESS\dataconnect`: GetFileAttributesEx c:\Users\user\Desktop\EMPLEOS JESS\dataconnect: The system cannot find the file specified.
I0831 08:00:41.390929    1276 dev.go:101] Listening on address (HTTP + gRPC): 127.0.0.1:50001
 {"metadata":{"emulator":{"name":"dataconnect"},"message":"E0831 08:00:41.172013    1276 dev.go:80] Failed to load initial config from \"c:\\\\Users\\\\user\\\\Desktop\\\\EMPLEOS JESS\\\\dataconnect\": could not find dataconnect.yaml in `c:\\Users\\user\\Desktop\\EMPLEOS JESS\\dataconnect`\nE0831 08:00:41.365945    1276 watch.go:116] watchAllDir unable to walk dir `c:\\Users\\user\\Desktop\\EMPLEOS JESS\\dataconnect`: GetFileAttributesEx c:\\Users\\user\\Desktop\\EMPLEOS JESS\\dataconnect: The system cannot find the file specified.\nI0831 08:00:41.390929    1276 dev.go:101] Listening on address (HTTP + gRPC): 127.0.0.1:50001\n"}}
[error] [Firebase Plugin] error:  {}
[debug] [2026-08-31T12:00:42.718Z] <<< [apiv2][status] GET https://firebase.googleapis.com/v1beta1/projects 200
[debug] [2026-08-31T12:00:42.718Z] <<< [apiv2][body] GET https://firebase.googleapis.com/v1beta1/projects [omitted]
[debug] [2026-08-31T12:00:59.165Z] E0831 08:00:51.372983    1276 watch.go:40] Failed to load config from "c:\\Users\\user\\Desktop\\EMPLEOS JESS\\dataconnect": could not find dataconnect.yaml in `c:\Users\user\Desktop\EMPLEOS JESS\dataconnect`
 {"metadata":{"emulator":{"name":"dataconnect"},"message":"E0831 08:00:51.372983    1276 watch.go:40] Failed to load config from \"c:\\\\Users\\\\user\\\\Desktop\\\\EMPLEOS JESS\\\\dataconnect\": could not find dataconnect.yaml in `c:\\Users\\user\\Desktop\\EMPLEOS JESS\\dataconnect`\n"}}
[debug] [2026-08-31T12:01:01.399Z] E0831 08:01:01.399100    1276 watch.go:40] Failed to load config from "c:\\Users\\user\\Desktop\\EMPLEOS JESS\\dataconnect": could not find dataconnect.yaml in `c:\Users\user\Desktop\EMPLEOS JESS\dataconnect`
 {"metadata":{"emulator":{"name":"dataconnect"},"message":"E0831 08:01:01.399100    1276 watch.go:40] Failed to load config from \"c:\\\\Users\\\\user\\\\Desktop\\\\EMPLEOS JESS\\\\dataconnect\": could not find dataconnect.yaml in `c:\\Users\\user\\Desktop\\EMPLEOS JESS\\dataconnect`\n"}}
[debug] [2026-08-31T17:15:39.011Z] [Firebase Plugin] Activating Firebase extension.
[debug] [2026-08-31T17:16:27.944Z] [Firebase Plugin] requireAuthWrapper
[debug] [2026-08-31T17:16:27.950Z] > command requires scopes: ["email","openid","https://www.googleapis.com/auth/cloudplatformprojects.readonly","https://www.googleapis.com/auth/firebase","https://www.googleapis.com/auth/cloud-platform"]
[debug] [2026-08-31T17:16:27.951Z] > authorizing via signed-in user (rosariojesselyn@gmail.com)
[debug] [2026-08-31T17:16:27.959Z] Checked if tokens are valid: false, expires at: 1788189644412
[debug] [2026-08-31T17:16:27.960Z] Checked if tokens are valid: false, expires at: 1788189644412
[debug] [2026-08-31T17:16:27.961Z] > refreshing access token with scopes: []
[debug] [2026-08-31T17:16:27.966Z] >>> [apiv2][query] POST https://www.googleapis.com/oauth2/v3/token [none]
[debug] [2026-08-31T17:16:27.967Z] >>> [apiv2][body] POST https://www.googleapis.com/oauth2/v3/token [omitted]
[debug] [2026-08-31T17:16:28.011Z] [Firebase Plugin] VSCode notification server listening on port 40001
[info] [Firebase Plugin] Starting SQL Connect toolkit (version 3.4.16) on port 50001
[debug] [2026-08-31T17:16:32.843Z] 'fdc build' failed with error: Unable to build your SQL Connect schema and connectors (exit code 1): E0831 13:16:32.790312   20744 cmd.go:43] Error loading data connect config: could not find dataconnect.yaml in `c:\Users\user\Desktop\EMPLEOS JESS\dataconnect`
 {"metadata":{"emulator":{"name":"dataconnect"},"message":"'fdc build' failed with error: Unable to build your SQL Connect schema and connectors (exit code 1): E0831 13:16:32.790312   20744 cmd.go:43] Error loading data connect config: could not find dataconnect.yaml in `c:\\Users\\user\\Desktop\\EMPLEOS JESS\\dataconnect`\n"}}
[debug] [2026-08-31T17:16:32.845Z] Ignoring unsupported arg: auto_download {"metadata":{"emulator":{"name":"dataconnect"},"message":"Ignoring unsupported arg: auto_download"}}
[debug] [2026-08-31T17:16:32.845Z] Ignoring unsupported arg: port {"metadata":{"emulator":{"name":"dataconnect"},"message":"Ignoring unsupported arg: port"}}
[debug] [2026-08-31T17:16:32.847Z] Starting SQL Connect Emulator with command {"binary":"C:\\Users\\user\\.cache\\firebase\\emulators\\dataconnect-emulator-3.4.16.exe","args":["--logtostderr","-v=2","dev","--listen=localhost:50001","--config_dir=c:\\Users\\user\\Desktop\\EMPLEOS JESS\\dataconnect","--enable_output_schema_extensions=true","--enable_output_generated_sdk=true"],"optionalArgs":["listen","config_dir","enable_output_schema_extensions","enable_output_generated_sdk"],"joinArgs":true,"shell":false,"port":9399} {"metadata":{"emulator":{"name":"dataconnect"},"message":"Starting SQL Connect Emulator with command {\"binary\":\"C:\\\\Users\\\\user\\\\.cache\\\\firebase\\\\emulators\\\\dataconnect-emulator-3.4.16.exe\",\"args\":[\"--logtostderr\",\"-v=2\",\"dev\",\"--listen=localhost:50001\",\"--config_dir=c:\\\\Users\\\\user\\\\Desktop\\\\EMPLEOS JESS\\\\dataconnect\",\"--enable_output_schema_extensions=true\",\"--enable_output_generated_sdk=true\"],\"optionalArgs\":[\"listen\",\"config_dir\",\"enable_output_schema_extensions\",\"enable_output_generated_sdk\"],\"joinArgs\":true,\"shell\":false,\"port\":9399}"}}
[info] i  dataconnect: SQL Connect Emulator logging to dataconnect-debug.log {"metadata":{"emulator":{"name":"dataconnect"},"message":"SQL Connect Emulator logging to \u001b[1mdataconnect-debug.log\u001b[22m"}}
[debug] [2026-08-31T17:16:33.656Z] <<< [apiv2][status] POST https://www.googleapis.com/oauth2/v3/token 200
[debug] [2026-08-31T17:16:33.656Z] <<< [apiv2][body] POST https://www.googleapis.com/oauth2/v3/token [omitted]
[debug] [2026-08-31T17:16:33.694Z] [Firebase Plugin] User found:  rosariojesselyn@gmail.com
[info] [Firebase Plugin] (Core:Project) New user detected, fetching projects
[debug] [2026-08-31T17:16:33.697Z] Checked if tokens are valid: true, expires at: 1788200192657
[debug] [2026-08-31T17:16:33.699Z] >>> [apiv2][query] GET https://firebase.googleapis.com/v1beta1/projects pageSize=1000
[debug] [2026-08-31T17:16:34.001Z] E0831 13:16:33.705892    2480 dev.go:80] Failed to load initial config from "c:\\Users\\user\\Desktop\\EMPLEOS JESS\\dataconnect": could not find dataconnect.yaml in `c:\Users\user\Desktop\EMPLEOS JESS\dataconnect`
E0831 13:16:33.971995    2480 watch.go:116] watchAllDir unable to walk dir `c:\Users\user\Desktop\EMPLEOS JESS\dataconnect`: GetFileAttributesEx c:\Users\user\Desktop\EMPLEOS JESS\dataconnect: The system cannot find the file specified.
 {"metadata":{"emulator":{"name":"dataconnect"},"message":"E0831 13:16:33.705892    2480 dev.go:80] Failed to load initial config from \"c:\\\\Users\\\\user\\\\Desktop\\\\EMPLEOS JESS\\\\dataconnect\": could not find dataconnect.yaml in `c:\\Users\\user\\Desktop\\EMPLEOS JESS\\dataconnect`\nE0831 13:16:33.971995    2480 watch.go:116] watchAllDir unable to walk dir `c:\\Users\\user\\Desktop\\EMPLEOS JESS\\dataconnect`: GetFileAttributesEx c:\\Users\\user\\Desktop\\EMPLEOS JESS\\dataconnect: The system cannot find the file specified.\n"}}
[debug] [2026-08-31T17:16:34.275Z] I0831 13:16:34.159358    2480 dev.go:101] Listening on address (HTTP + gRPC): 127.0.0.1:50001
 {"metadata":{"emulator":{"name":"dataconnect"},"message":"I0831 13:16:34.159358    2480 dev.go:101] Listening on address (HTTP + gRPC): 127.0.0.1:50001\n"}}
[error] [Firebase Plugin] error:  {}
[debug] [2026-08-31T17:16:35.384Z] <<< [apiv2][status] GET https://firebase.googleapis.com/v1beta1/projects 200
[debug] [2026-08-31T17:16:35.385Z] <<< [apiv2][body] GET https://firebase.googleapis.com/v1beta1/projects [omitted]
[debug] [2026-08-31T17:16:43.976Z] E0831 13:16:43.972279    2480 watch.go:40] Failed to load config from "c:\\Users\\user\\Desktop\\EMPLEOS JESS\\dataconnect": could not find dataconnect.yaml in `c:\Users\user\Desktop\EMPLEOS JESS\dataconnect`
 {"metadata":{"emulator":{"name":"dataconnect"},"message":"E0831 13:16:43.972279    2480 watch.go:40] Failed to load config from \"c:\\\\Users\\\\user\\\\Desktop\\\\EMPLEOS JESS\\\\dataconnect\": could not find dataconnect.yaml in `c:\\Users\\user\\Desktop\\EMPLEOS JESS\\dataconnect`\n"}}
[debug] [2026-08-31T17:16:55.184Z] E0831 13:16:53.973025    2480 watch.go:40] Failed to load config from "c:\\Users\\user\\Desktop\\EMPLEOS JESS\\dataconnect": could not find dataconnect.yaml in `c:\Users\user\Desktop\EMPLEOS JESS\dataconnect`
 {"metadata":{"emulator":{"name":"dataconnect"},"message":"E0831 13:16:53.973025    2480 watch.go:40] Failed to load config from \"c:\\\\Users\\\\user\\\\Desktop\\\\EMPLEOS JESS\\\\dataconnect\": could not find dataconnect.yaml in `c:\\Users\\user\\Desktop\\EMPLEOS JESS\\dataconnect`\n"}}
[debug] [2026-08-31T17:17:03.985Z] E0831 13:17:03.983201    2480 watch.go:40] Failed to load config from "c:\\Users\\user\\Desktop\\EMPLEOS JESS\\dataconnect": could not find dataconnect.yaml in `c:\Users\user\Desktop\EMPLEOS JESS\dataconnect`
 {"metadata":{"emulator":{"name":"dataconnect"},"message":"E0831 13:17:03.983201    2480 watch.go:40] Failed to load config from \"c:\\\\Users\\\\user\\\\Desktop\\\\EMPLEOS JESS\\\\dataconnect\": could not find dataconnect.yaml in `c:\\Users\\user\\Desktop\\EMPLEOS JESS\\dataconnect`\n"}}
[debug] [2026-08-31T17:17:13.973Z] E0831 13:17:13.973945    2480 watch.go:40] Failed to load config from "c:\\Users\\user\\Desktop\\EMPLEOS JESS\\dataconnect": could not find dataconnect.yaml in `c:\Users\user\Desktop\EMPLEOS JESS\dataconnect`
 {"metadata":{"emulator":{"name":"dataconnect"},"message":"E0831 13:17:13.973945    2480 watch.go:40] Failed to load config from \"c:\\\\Users\\\\user\\\\Desktop\\\\EMPLEOS JESS\\\\dataconnect\": could not find dataconnect.yaml in `c:\\Users\\user\\Desktop\\EMPLEOS JESS\\dataconnect`\n"}}
[debug] [2026-08-31T17:17:23.988Z] E0831 13:17:23.987929    2480 watch.go:40] Failed to load config from "c:\\Users\\user\\Desktop\\EMPLEOS JESS\\dataconnect": could not find dataconnect.yaml in `c:\Users\user\Desktop\EMPLEOS JESS\dataconnect`
 {"metadata":{"emulator":{"name":"dataconnect"},"message":"E0831 13:17:23.987929    2480 watch.go:40] Failed to load config from \"c:\\\\Users\\\\user\\\\Desktop\\\\EMPLEOS JESS\\\\dataconnect\": could not find dataconnect.yaml in `c:\\Users\\user\\Desktop\\EMPLEOS JESS\\dataconnect`\n"}}
[debug] [2026-08-31T17:17:33.973Z] E0831 13:17:33.973981    2480 watch.go:116] watchAllDir unable to walk dir `c:\Users\user\Desktop\EMPLEOS JESS\dataconnect`: GetFileAttributesEx c:\Users\user\Desktop\EMPLEOS JESS\dataconnect: The system cannot find the file specified.
 {"metadata":{"emulator":{"name":"dataconnect"},"message":"E0831 13:17:33.973981    2480 watch.go:116] watchAllDir unable to walk dir `c:\\Users\\user\\Desktop\\EMPLEOS JESS\\dataconnect`: GetFileAttributesEx c:\\Users\\user\\Desktop\\EMPLEOS JESS\\dataconnect: The system cannot find the file specified.\n"}}
[debug] [2026-08-31T17:17:33.975Z] E0831 13:17:33.973981    2480 watch.go:40] Failed to load config from "c:\\Users\\user\\Desktop\\EMPLEOS JESS\\dataconnect": could not find dataconnect.yaml in `c:\Users\user\Desktop\EMPLEOS JESS\dataconnect`
 {"metadata":{"emulator":{"name":"dataconnect"},"message":"E0831 13:17:33.973981    2480 watch.go:40] Failed to load config from \"c:\\\\Users\\\\user\\\\Desktop\\\\EMPLEOS JESS\\\\dataconnect\": could not find dataconnect.yaml in `c:\\Users\\user\\Desktop\\EMPLEOS JESS\\dataconnect`\n"}}
[debug] [2026-08-31T17:17:43.993Z] E0831 13:17:43.993440    2480 watch.go:40] Failed to load config from "c:\\Users\\user\\Desktop\\EMPLEOS JESS\\dataconnect": could not find dataconnect.yaml in `c:\Users\user\Desktop\EMPLEOS JESS\dataconnect`
 {"metadata":{"emulator":{"name":"dataconnect"},"message":"E0831 13:17:43.993440    2480 watch.go:40] Failed to load config from \"c:\\\\Users\\\\user\\\\Desktop\\\\EMPLEOS JESS\\\\dataconnect\": could not find dataconnect.yaml in `c:\\Users\\user\\Desktop\\EMPLEOS JESS\\dataconnect`\n"}}
[debug] [2026-08-31T17:17:53.973Z] E0831 13:17:53.972904    2480 watch.go:40] Failed to load config from "c:\\Users\\user\\Desktop\\EMPLEOS JESS\\dataconnect": could not find dataconnect.yaml in `c:\Users\user\Desktop\EMPLEOS JESS\dataconnect`
 {"metadata":{"emulator":{"name":"dataconnect"},"message":"E0831 13:17:53.972904    2480 watch.go:40] Failed to load config from \"c:\\\\Users\\\\user\\\\Desktop\\\\EMPLEOS JESS\\\\dataconnect\": could not find dataconnect.yaml in `c:\\Users\\user\\Desktop\\EMPLEOS JESS\\dataconnect`\n"}}
[debug] [2026-08-31T17:18:03.973Z] E0831 13:18:03.973001    2480 watch.go:40] Failed to load config from "c:\\Users\\user\\Desktop\\EMPLEOS JESS\\dataconnect": could not find dataconnect.yaml in `c:\Users\user\Desktop\EMPLEOS JESS\dataconnect`
 {"metadata":{"emulator":{"name":"dataconnect"},"message":"E0831 13:18:03.973001    2480 watch.go:40] Failed to load config from \"c:\\\\Users\\\\user\\\\Desktop\\\\EMPLEOS JESS\\\\dataconnect\": could not find dataconnect.yaml in `c:\\Users\\user\\Desktop\\EMPLEOS JESS\\dataconnect`\n"}}
[debug] [2026-08-31T17:18:13.972Z] E0831 13:18:13.972756    2480 watch.go:40] Failed to load config from "c:\\Users\\user\\Desktop\\EMPLEOS JESS\\dataconnect": could not find dataconnect.yaml in `c:\Users\user\Desktop\EMPLEOS JESS\dataconnect`
 {"metadata":{"emulator":{"name":"dataconnect"},"message":"E0831 13:18:13.972756    2480 watch.go:40] Failed to load config from \"c:\\\\Users\\\\user\\\\Desktop\\\\EMPLEOS JESS\\\\dataconnect\": could not find dataconnect.yaml in `c:\\Users\\user\\Desktop\\EMPLEOS JESS\\dataconnect`\n"}}
[debug] [2026-08-31T17:18:23.973Z] E0831 13:18:23.972561    2480 watch.go:40] Failed to load config from "c:\\Users\\user\\Desktop\\EMPLEOS JESS\\dataconnect": could not find dataconnect.yaml in `c:\Users\user\Desktop\EMPLEOS JESS\dataconnect`
 {"metadata":{"emulator":{"name":"dataconnect"},"message":"E0831 13:18:23.972561    2480 watch.go:40] Failed to load config from \"c:\\\\Users\\\\user\\\\Desktop\\\\EMPLEOS JESS\\\\dataconnect\": could not find dataconnect.yaml in `c:\\Users\\user\\Desktop\\EMPLEOS JESS\\dataconnect`\n"}}
[debug] [2026-08-31T17:18:33.974Z] E0831 13:18:33.974039    2480 watch.go:116] watchAllDir unable to walk dir `c:\Users\user\Desktop\EMPLEOS JESS\dataconnect`: GetFileAttributesEx c:\Users\user\Desktop\EMPLEOS JESS\dataconnect: The system cannot find the file specified.
 {"metadata":{"emulator":{"name":"dataconnect"},"message":"E0831 13:18:33.974039    2480 watch.go:116] watchAllDir unable to walk dir `c:\\Users\\user\\Desktop\\EMPLEOS JESS\\dataconnect`: GetFileAttributesEx c:\\Users\\user\\Desktop\\EMPLEOS JESS\\dataconnect: The system cannot find the file specified.\n"}}
[debug] [2026-08-31T17:18:33.978Z] E0831 13:18:33.974039    2480 watch.go:40] Failed to load config from "c:\\Users\\user\\Desktop\\EMPLEOS JESS\\dataconnect": could not find dataconnect.yaml in `c:\Users\user\Desktop\EMPLEOS JESS\dataconnect`
 {"metadata":{"emulator":{"name":"dataconnect"},"message":"E0831 13:18:33.974039    2480 watch.go:40] Failed to load config from \"c:\\\\Users\\\\user\\\\Desktop\\\\EMPLEOS JESS\\\\dataconnect\": could not find dataconnect.yaml in `c:\\Users\\user\\Desktop\\EMPLEOS JESS\\dataconnect`\n"}}
[debug] [2026-08-31T17:18:43.974Z] E0831 13:18:43.974393    2480 watch.go:40] Failed to load config from "c:\\Users\\user\\Desktop\\EMPLEOS JESS\\dataconnect": could not find dataconnect.yaml in `c:\Users\user\Desktop\EMPLEOS JESS\dataconnect`
 {"metadata":{"emulator":{"name":"dataconnect"},"message":"E0831 13:18:43.974393    2480 watch.go:40] Failed to load config from \"c:\\\\Users\\\\user\\\\Desktop\\\\EMPLEOS JESS\\\\dataconnect\": could not find dataconnect.yaml in `c:\\Users\\user\\Desktop\\EMPLEOS JESS\\dataconnect`\n"}}
[debug] [2026-08-31T17:18:53.973Z] E0831 13:18:53.973617    2480 watch.go:40] Failed to load config from "c:\\Users\\user\\Desktop\\EMPLEOS JESS\\dataconnect": could not find dataconnect.yaml in `c:\Users\user\Desktop\EMPLEOS JESS\dataconnect`
 {"metadata":{"emulator":{"name":"dataconnect"},"message":"E0831 13:18:53.973617    2480 watch.go:40] Failed to load config from \"c:\\\\Users\\\\user\\\\Desktop\\\\EMPLEOS JESS\\\\dataconnect\": could not find dataconnect.yaml in `c:\\Users\\user\\Desktop\\EMPLEOS JESS\\dataconnect`\n"}}
[debug] [2026-08-31T17:19:03.972Z] E0831 13:19:03.973018    2480 watch.go:40] Failed to load config from "c:\\Users\\user\\Desktop\\EMPLEOS JESS\\dataconnect": could not find dataconnect.yaml in `c:\Users\user\Desktop\EMPLEOS JESS\dataconnect`
 {"metadata":{"emulator":{"name":"dataconnect"},"message":"E0831 13:19:03.973018    2480 watch.go:40] Failed to load config from \"c:\\\\Users\\\\user\\\\Desktop\\\\EMPLEOS JESS\\\\dataconnect\": could not find dataconnect.yaml in `c:\\Users\\user\\Desktop\\EMPLEOS JESS\\dataconnect`\n"}}
[debug] [2026-08-31T17:19:13.972Z] E0831 13:19:13.972602    2480 watch.go:40] Failed to load config from "c:\\Users\\user\\Desktop\\EMPLEOS JESS\\dataconnect": could not find dataconnect.yaml in `c:\Users\user\Desktop\EMPLEOS JESS\dataconnect`
 {"metadata":{"emulator":{"name":"dataconnect"},"message":"E0831 13:19:13.972602    2480 watch.go:40] Failed to load config from \"c:\\\\Users\\\\user\\\\Desktop\\\\EMPLEOS JESS\\\\dataconnect\": could not find dataconnect.yaml in `c:\\Users\\user\\Desktop\\EMPLEOS JESS\\dataconnect`\n"}}
[debug] [2026-08-31T17:19:23.972Z] E0831 13:19:23.972718    2480 watch.go:40] Failed to load config from "c:\\Users\\user\\Desktop\\EMPLEOS JESS\\dataconnect": could not find dataconnect.yaml in `c:\Users\user\Desktop\EMPLEOS JESS\dataconnect`
 {"metadata":{"emulator":{"name":"dataconnect"},"message":"E0831 13:19:23.972718    2480 watch.go:40] Failed to load config from \"c:\\\\Users\\\\user\\\\Desktop\\\\EMPLEOS JESS\\\\dataconnect\": could not find dataconnect.yaml in `c:\\Users\\user\\Desktop\\EMPLEOS JESS\\dataconnect`\n"}}
[debug] [2026-08-31T17:19:33.972Z] E0831 13:19:33.973044    2480 watch.go:116] watchAllDir unable to walk dir `c:\Users\user\Desktop\EMPLEOS JESS\dataconnect`: GetFileAttributesEx c:\Users\user\Desktop\EMPLEOS JESS\dataconnect: The system cannot find the file specified.
 {"metadata":{"emulator":{"name":"dataconnect"},"message":"E0831 13:19:33.973044    2480 watch.go:116] watchAllDir unable to walk dir `c:\\Users\\user\\Desktop\\EMPLEOS JESS\\dataconnect`: GetFileAttributesEx c:\\Users\\user\\Desktop\\EMPLEOS JESS\\dataconnect: The system cannot find the file specified.\n"}}
[debug] [2026-08-31T17:19:33.973Z] E0831 13:19:33.973044    2480 watch.go:40] Failed to load config from "c:\\Users\\user\\Desktop\\EMPLEOS JESS\\dataconnect": could not find dataconnect.yaml in `c:\Users\user\Desktop\EMPLEOS JESS\dataconnect`
 {"metadata":{"emulator":{"name":"dataconnect"},"message":"E0831 13:19:33.973044    2480 watch.go:40] Failed to load config from \"c:\\\\Users\\\\user\\\\Desktop\\\\EMPLEOS JESS\\\\dataconnect\": could not find dataconnect.yaml in `c:\\Users\\user\\Desktop\\EMPLEOS JESS\\dataconnect`\n"}}
[debug] [2026-08-31T17:19:43.973Z] E0831 13:19:43.973561    2480 watch.go:40] Failed to load config from "c:\\Users\\user\\Desktop\\EMPLEOS JESS\\dataconnect": could not find dataconnect.yaml in `c:\Users\user\Desktop\EMPLEOS JESS\dataconnect`
 {"metadata":{"emulator":{"name":"dataconnect"},"message":"E0831 13:19:43.973561    2480 watch.go:40] Failed to load config from \"c:\\\\Users\\\\user\\\\Desktop\\\\EMPLEOS JESS\\\\dataconnect\": could not find dataconnect.yaml in `c:\\Users\\user\\Desktop\\EMPLEOS JESS\\dataconnect`\n"}}
[debug] [2026-08-31T17:19:53.973Z] E0831 13:19:53.973730    2480 watch.go:40] Failed to load config from "c:\\Users\\user\\Desktop\\EMPLEOS JESS\\dataconnect": could not find dataconnect.yaml in `c:\Users\user\Desktop\EMPLEOS JESS\dataconnect`
 {"metadata":{"emulator":{"name":"dataconnect"},"message":"E0831 13:19:53.973730    2480 watch.go:40] Failed to load config from \"c:\\\\Users\\\\user\\\\Desktop\\\\EMPLEOS JESS\\\\dataconnect\": could not find dataconnect.yaml in `c:\\Users\\user\\Desktop\\EMPLEOS JESS\\dataconnect`\n"}}
[debug] [2026-08-31T17:20:03.972Z] E0831 13:20:03.972438    2480 watch.go:40] Failed to load config from "c:\\Users\\user\\Desktop\\EMPLEOS JESS\\dataconnect": could not find dataconnect.yaml in `c:\Users\user\Desktop\EMPLEOS JESS\dataconnect`
 {"metadata":{"emulator":{"name":"dataconnect"},"message":"E0831 13:20:03.972438    2480 watch.go:40] Failed to load config from \"c:\\\\Users\\\\user\\\\Desktop\\\\EMPLEOS JESS\\\\dataconnect\": could not find dataconnect.yaml in `c:\\Users\\user\\Desktop\\EMPLEOS JESS\\dataconnect`\n"}}
[debug] [2026-08-31T17:20:13.973Z] E0831 13:20:13.973702    2480 watch.go:40] Failed to load config from "c:\\Users\\user\\Desktop\\EMPLEOS JESS\\dataconnect": could not find dataconnect.yaml in `c:\Users\user\Desktop\EMPLEOS JESS\dataconnect`
 {"metadata":{"emulator":{"name":"dataconnect"},"message":"E0831 13:20:13.973702    2480 watch.go:40] Failed to load config from \"c:\\\\Users\\\\user\\\\Desktop\\\\EMPLEOS JESS\\\\dataconnect\": could not find dataconnect.yaml in `c:\\Users\\user\\Desktop\\EMPLEOS JESS\\dataconnect`\n"}}
[debug] [2026-08-31T17:20:23.972Z] E0831 13:20:23.972383    2480 watch.go:40] Failed to load config from "c:\\Users\\user\\Desktop\\EMPLEOS JESS\\dataconnect": could not find dataconnect.yaml in `c:\Users\user\Desktop\EMPLEOS JESS\dataconnect`
 {"metadata":{"emulator":{"name":"dataconnect"},"message":"E0831 13:20:23.972383    2480 watch.go:40] Failed to load config from \"c:\\\\Users\\\\user\\\\Desktop\\\\EMPLEOS JESS\\\\dataconnect\": could not find dataconnect.yaml in `c:\\Users\\user\\Desktop\\EMPLEOS JESS\\dataconnect`\n"}}
[debug] [2026-08-31T17:20:33.972Z] E0831 13:20:33.972942    2480 watch.go:116] watchAllDir unable to walk dir `c:\Users\user\Desktop\EMPLEOS JESS\dataconnect`: GetFileAttributesEx c:\Users\user\Desktop\EMPLEOS JESS\dataconnect: The system cannot find the file specified.
 {"metadata":{"emulator":{"name":"dataconnect"},"message":"E0831 13:20:33.972942    2480 watch.go:116] watchAllDir unable to walk dir `c:\\Users\\user\\Desktop\\EMPLEOS JESS\\dataconnect`: GetFileAttributesEx c:\\Users\\user\\Desktop\\EMPLEOS JESS\\dataconnect: The system cannot find the file specified.\n"}}
[debug] [2026-08-31T17:20:33.973Z] E0831 13:20:33.972942    2480 watch.go:40] Failed to load config from "c:\\Users\\user\\Desktop\\EMPLEOS JESS\\dataconnect": could not find dataconnect.yaml in `c:\Users\user\Desktop\EMPLEOS JESS\dataconnect`
 {"metadata":{"emulator":{"name":"dataconnect"},"message":"E0831 13:20:33.972942    2480 watch.go:40] Failed to load config from \"c:\\\\Users\\\\user\\\\Desktop\\\\EMPLEOS JESS\\\\dataconnect\": could not find dataconnect.yaml in `c:\\Users\\user\\Desktop\\EMPLEOS JESS\\dataconnect`\n"}}
[debug] [2026-08-31T17:20:43.978Z] E0831 13:20:43.978190    2480 watch.go:40] Failed to load config from "c:\\Users\\user\\Desktop\\EMPLEOS JESS\\dataconnect": could not find dataconnect.yaml in `c:\Users\user\Desktop\EMPLEOS JESS\dataconnect`
 {"metadata":{"emulator":{"name":"dataconnect"},"message":"E0831 13:20:43.978190    2480 watch.go:40] Failed to load config from \"c:\\\\Users\\\\user\\\\Desktop\\\\EMPLEOS JESS\\\\dataconnect\": could not find dataconnect.yaml in `c:\\Users\\user\\Desktop\\EMPLEOS JESS\\dataconnect`\n"}}
[debug] [2026-08-31T17:20:53.973Z] E0831 13:20:53.973189    2480 watch.go:40] Failed to load config from "c:\\Users\\user\\Desktop\\EMPLEOS JESS\\dataconnect": could not find dataconnect.yaml in `c:\Users\user\Desktop\EMPLEOS JESS\dataconnect`
 {"metadata":{"emulator":{"name":"dataconnect"},"message":"E0831 13:20:53.973189    2480 watch.go:40] Failed to load config from \"c:\\\\Users\\\\user\\\\Desktop\\\\EMPLEOS JESS\\\\dataconnect\": could not find dataconnect.yaml in `c:\\Users\\user\\Desktop\\EMPLEOS JESS\\dataconnect`\n"}}
[debug] [2026-08-31T17:21:03.974Z] E0831 13:21:03.973943    2480 watch.go:40] Failed to load config from "c:\\Users\\user\\Desktop\\EMPLEOS JESS\\dataconnect": could not find dataconnect.yaml in `c:\Users\user\Desktop\EMPLEOS JESS\dataconnect`
 {"metadata":{"emulator":{"name":"dataconnect"},"message":"E0831 13:21:03.973943    2480 watch.go:40] Failed to load config from \"c:\\\\Users\\\\user\\\\Desktop\\\\EMPLEOS JESS\\\\dataconnect\": could not find dataconnect.yaml in `c:\\Users\\user\\Desktop\\EMPLEOS JESS\\dataconnect`\n"}}
[debug] [2026-08-31T17:21:13.974Z] E0831 13:21:13.974016    2480 watch.go:40] Failed to load config from "c:\\Users\\user\\Desktop\\EMPLEOS JESS\\dataconnect": could not find dataconnect.yaml in `c:\Users\user\Desktop\EMPLEOS JESS\dataconnect`
 {"metadata":{"emulator":{"name":"dataconnect"},"message":"E0831 13:21:13.974016    2480 watch.go:40] Failed to load config from \"c:\\\\Users\\\\user\\\\Desktop\\\\EMPLEOS JESS\\\\dataconnect\": could not find dataconnect.yaml in `c:\\Users\\user\\Desktop\\EMPLEOS JESS\\dataconnect`\n"}}
[debug] [2026-08-31T17:21:23.973Z] E0831 13:21:23.973469    2480 watch.go:40] Failed to load config from "c:\\Users\\user\\Desktop\\EMPLEOS JESS\\dataconnect": could not find dataconnect.yaml in `c:\Users\user\Desktop\EMPLEOS JESS\dataconnect`
 {"metadata":{"emulator":{"name":"dataconnect"},"message":"E0831 13:21:23.973469    2480 watch.go:40] Failed to load config from \"c:\\\\Users\\\\user\\\\Desktop\\\\EMPLEOS JESS\\\\dataconnect\": could not find dataconnect.yaml in `c:\\Users\\user\\Desktop\\EMPLEOS JESS\\dataconnect`\n"}}
[debug] [2026-08-31T17:21:33.973Z] E0831 13:21:33.973868    2480 watch.go:116] watchAllDir unable to walk dir `c:\Users\user\Desktop\EMPLEOS JESS\dataconnect`: GetFileAttributesEx c:\Users\user\Desktop\EMPLEOS JESS\dataconnect: The system cannot find the file specified.
 {"metadata":{"emulator":{"name":"dataconnect"},"message":"E0831 13:21:33.973868    2480 watch.go:116] watchAllDir unable to walk dir `c:\\Users\\user\\Desktop\\EMPLEOS JESS\\dataconnect`: GetFileAttributesEx c:\\Users\\user\\Desktop\\EMPLEOS JESS\\dataconnect: The system cannot find the file specified.\n"}}
[debug] [2026-08-31T17:21:33.974Z] E0831 13:21:33.973868    2480 watch.go:40] Failed to load config from "c:\\Users\\user\\Desktop\\EMPLEOS JESS\\dataconnect": could not find dataconnect.yaml in `c:\Users\user\Desktop\EMPLEOS JESS\dataconnect`
 {"metadata":{"emulator":{"name":"dataconnect"},"message":"E0831 13:21:33.973868    2480 watch.go:40] Failed to load config from \"c:\\\\Users\\\\user\\\\Desktop\\\\EMPLEOS JESS\\\\dataconnect\": could not find dataconnect.yaml in `c:\\Users\\user\\Desktop\\EMPLEOS JESS\\dataconnect`\n"}}
[debug] [2026-08-31T17:21:43.972Z] E0831 13:21:43.972533    2480 watch.go:40] Failed to load config from "c:\\Users\\user\\Desktop\\EMPLEOS JESS\\dataconnect": could not find dataconnect.yaml in `c:\Users\user\Desktop\EMPLEOS JESS\dataconnect`
 {"metadata":{"emulator":{"name":"dataconnect"},"message":"E0831 13:21:43.972533    2480 watch.go:40] Failed to load config from \"c:\\\\Users\\\\user\\\\Desktop\\\\EMPLEOS JESS\\\\dataconnect\": could not find dataconnect.yaml in `c:\\Users\\user\\Desktop\\EMPLEOS JESS\\dataconnect`\n"}}
[debug] [2026-08-31T17:21:53.972Z] E0831 13:21:53.972580    2480 watch.go:40] Failed to load config from "c:\\Users\\user\\Desktop\\EMPLEOS JESS\\dataconnect": could not find dataconnect.yaml in `c:\Users\user\Desktop\EMPLEOS JESS\dataconnect`
 {"metadata":{"emulator":{"name":"dataconnect"},"message":"E0831 13:21:53.972580    2480 watch.go:40] Failed to load config from \"c:\\\\Users\\\\user\\\\Desktop\\\\EMPLEOS JESS\\\\dataconnect\": could not find dataconnect.yaml in `c:\\Users\\user\\Desktop\\EMPLEOS JESS\\dataconnect`\n"}}
[debug] [2026-08-31T17:22:03.974Z] E0831 13:22:03.974301    2480 watch.go:40] Failed to load config from "c:\\Users\\user\\Desktop\\EMPLEOS JESS\\dataconnect": could not find dataconnect.yaml in `c:\Users\user\Desktop\EMPLEOS JESS\dataconnect`
 {"metadata":{"emulator":{"name":"dataconnect"},"message":"E0831 13:22:03.974301    2480 watch.go:40] Failed to load config from \"c:\\\\Users\\\\user\\\\Desktop\\\\EMPLEOS JESS\\\\dataconnect\": could not find dataconnect.yaml in `c:\\Users\\user\\Desktop\\EMPLEOS JESS\\dataconnect`\n"}}
[debug] [2026-08-31T17:22:13.972Z] E0831 13:22:13.973523    2480 watch.go:40] Failed to load config from "c:\\Users\\user\\Desktop\\EMPLEOS JESS\\dataconnect": could not find dataconnect.yaml in `c:\Users\user\Desktop\EMPLEOS JESS\dataconnect`
 {"metadata":{"emulator":{"name":"dataconnect"},"message":"E0831 13:22:13.973523    2480 watch.go:40] Failed to load config from \"c:\\\\Users\\\\user\\\\Desktop\\\\EMPLEOS JESS\\\\dataconnect\": could not find dataconnect.yaml in `c:\\Users\\user\\Desktop\\EMPLEOS JESS\\dataconnect`\n"}}
[debug] [2026-08-31T17:22:23.972Z] E0831 13:22:23.972498    2480 watch.go:40] Failed to load config from "c:\\Users\\user\\Desktop\\EMPLEOS JESS\\dataconnect": could not find dataconnect.yaml in `c:\Users\user\Desktop\EMPLEOS JESS\dataconnect`
 {"metadata":{"emulator":{"name":"dataconnect"},"message":"E0831 13:22:23.972498    2480 watch.go:40] Failed to load config from \"c:\\\\Users\\\\user\\\\Desktop\\\\EMPLEOS JESS\\\\dataconnect\": could not find dataconnect.yaml in `c:\\Users\\user\\Desktop\\EMPLEOS JESS\\dataconnect`\n"}}
[debug] [2026-08-31T17:22:33.972Z] E0831 13:22:33.972609    2480 watch.go:116] watchAllDir unable to walk dir `c:\Users\user\Desktop\EMPLEOS JESS\dataconnect`: GetFileAttributesEx c:\Users\user\Desktop\EMPLEOS JESS\dataconnect: The system cannot find the file specified.
 {"metadata":{"emulator":{"name":"dataconnect"},"message":"E0831 13:22:33.972609    2480 watch.go:116] watchAllDir unable to walk dir `c:\\Users\\user\\Desktop\\EMPLEOS JESS\\dataconnect`: GetFileAttributesEx c:\\Users\\user\\Desktop\\EMPLEOS JESS\\dataconnect: The system cannot find the file specified.\n"}}
[debug] [2026-08-31T17:22:33.972Z] E0831 13:22:33.972609    2480 watch.go:40] Failed to load config from "c:\\Users\\user\\Desktop\\EMPLEOS JESS\\dataconnect": could not find dataconnect.yaml in `c:\Users\user\Desktop\EMPLEOS JESS\dataconnect`
 {"metadata":{"emulator":{"name":"dataconnect"},"message":"E0831 13:22:33.972609    2480 watch.go:40] Failed to load config from \"c:\\\\Users\\\\user\\\\Desktop\\\\EMPLEOS JESS\\\\dataconnect\": could not find dataconnect.yaml in `c:\\Users\\user\\Desktop\\EMPLEOS JESS\\dataconnect`\n"}}
[debug] [2026-08-31T17:22:43.979Z] E0831 13:22:43.977660    2480 watch.go:40] Failed to load config from "c:\\Users\\user\\Desktop\\EMPLEOS JESS\\dataconnect": could not find dataconnect.yaml in `c:\Users\user\Desktop\EMPLEOS JESS\dataconnect`
 {"metadata":{"emulator":{"name":"dataconnect"},"message":"E0831 13:22:43.977660    2480 watch.go:40] Failed to load config from \"c:\\\\Users\\\\user\\\\Desktop\\\\EMPLEOS JESS\\\\dataconnect\": could not find dataconnect.yaml in `c:\\Users\\user\\Desktop\\EMPLEOS JESS\\dataconnect`\n"}}
[debug] [2026-08-31T17:22:53.989Z] E0831 13:22:53.989523    2480 watch.go:40] Failed to load config from "c:\\Users\\user\\Desktop\\EMPLEOS JESS\\dataconnect": could not find dataconnect.yaml in `c:\Users\user\Desktop\EMPLEOS JESS\dataconnect`
 {"metadata":{"emulator":{"name":"dataconnect"},"message":"E0831 13:22:53.989523    2480 watch.go:40] Failed to load config from \"c:\\\\Users\\\\user\\\\Desktop\\\\EMPLEOS JESS\\\\dataconnect\": could not find dataconnect.yaml in `c:\\Users\\user\\Desktop\\EMPLEOS JESS\\dataconnect`\n"}}
[debug] [2026-08-31T17:23:04.010Z] E0831 13:23:04.009635    2480 watch.go:40] Failed to load config from "c:\\Users\\user\\Desktop\\EMPLEOS JESS\\dataconnect": could not find dataconnect.yaml in `c:\Users\user\Desktop\EMPLEOS JESS\dataconnect`
 {"metadata":{"emulator":{"name":"dataconnect"},"message":"E0831 13:23:04.009635    2480 watch.go:40] Failed to load config from \"c:\\\\Users\\\\user\\\\Desktop\\\\EMPLEOS JESS\\\\dataconnect\": could not find dataconnect.yaml in `c:\\Users\\user\\Desktop\\EMPLEOS JESS\\dataconnect`\n"}}
[debug] [2026-08-31T17:23:13.973Z] E0831 13:23:13.973052    2480 watch.go:40] Failed to load config from "c:\\Users\\user\\Desktop\\EMPLEOS JESS\\dataconnect": could not find dataconnect.yaml in `c:\Users\user\Desktop\EMPLEOS JESS\dataconnect`
 {"metadata":{"emulator":{"name":"dataconnect"},"message":"E0831 13:23:13.973052    2480 watch.go:40] Failed to load config from \"c:\\\\Users\\\\user\\\\Desktop\\\\EMPLEOS JESS\\\\dataconnect\": could not find dataconnect.yaml in `c:\\Users\\user\\Desktop\\EMPLEOS JESS\\dataconnect`\n"}}
[debug] [2026-08-31T17:23:23.973Z] E0831 13:23:23.973256    2480 watch.go:40] Failed to load config from "c:\\Users\\user\\Desktop\\EMPLEOS JESS\\dataconnect": could not find dataconnect.yaml in `c:\Users\user\Desktop\EMPLEOS JESS\dataconnect`
 {"metadata":{"emulator":{"name":"dataconnect"},"message":"E0831 13:23:23.973256    2480 watch.go:40] Failed to load config from \"c:\\\\Users\\\\user\\\\Desktop\\\\EMPLEOS JESS\\\\dataconnect\": could not find dataconnect.yaml in `c:\\Users\\user\\Desktop\\EMPLEOS JESS\\dataconnect`\n"}}
[debug] [2026-08-31T17:23:33.971Z] E0831 13:23:33.972154    2480 watch.go:116] watchAllDir unable to walk dir `c:\Users\user\Desktop\EMPLEOS JESS\dataconnect`: GetFileAttributesEx c:\Users\user\Desktop\EMPLEOS JESS\dataconnect: The system cannot find the file specified.
 {"metadata":{"emulator":{"name":"dataconnect"},"message":"E0831 13:23:33.972154    2480 watch.go:116] watchAllDir unable to walk dir `c:\\Users\\user\\Desktop\\EMPLEOS JESS\\dataconnect`: GetFileAttributesEx c:\\Users\\user\\Desktop\\EMPLEOS JESS\\dataconnect: The system cannot find the file specified.\n"}}
[debug] [2026-08-31T17:23:33.973Z] E0831 13:23:33.973153    2480 watch.go:40] Failed to load config from "c:\\Users\\user\\Desktop\\EMPLEOS JESS\\dataconnect": could not find dataconnect.yaml in `c:\Users\user\Desktop\EMPLEOS JESS\dataconnect`
 {"metadata":{"emulator":{"name":"dataconnect"},"message":"E0831 13:23:33.973153    2480 watch.go:40] Failed to load config from \"c:\\\\Users\\\\user\\\\Desktop\\\\EMPLEOS JESS\\\\dataconnect\": could not find dataconnect.yaml in `c:\\Users\\user\\Desktop\\EMPLEOS JESS\\dataconnect`\n"}}
[debug] [2026-08-31T17:23:43.973Z] E0831 13:23:43.973120    2480 watch.go:40] Failed to load config from "c:\\Users\\user\\Desktop\\EMPLEOS JESS\\dataconnect": could not find dataconnect.yaml in `c:\Users\user\Desktop\EMPLEOS JESS\dataconnect`
 {"metadata":{"emulator":{"name":"dataconnect"},"message":"E0831 13:23:43.973120    2480 watch.go:40] Failed to load config from \"c:\\\\Users\\\\user\\\\Desktop\\\\EMPLEOS JESS\\\\dataconnect\": could not find dataconnect.yaml in `c:\\Users\\user\\Desktop\\EMPLEOS JESS\\dataconnect`\n"}}
[debug] [2026-08-31T17:23:53.973Z] E0831 13:23:53.973066    2480 watch.go:40] Failed to load config from "c:\\Users\\user\\Desktop\\EMPLEOS JESS\\dataconnect": could not find dataconnect.yaml in `c:\Users\user\Desktop\EMPLEOS JESS\dataconnect`
 {"metadata":{"emulator":{"name":"dataconnect"},"message":"E0831 13:23:53.973066    2480 watch.go:40] Failed to load config from \"c:\\\\Users\\\\user\\\\Desktop\\\\EMPLEOS JESS\\\\dataconnect\": could not find dataconnect.yaml in `c:\\Users\\user\\Desktop\\EMPLEOS JESS\\dataconnect`\n"}}
[debug] [2026-08-31T17:24:03.974Z] E0831 13:24:03.974569    2480 watch.go:40] Failed to load config from "c:\\Users\\user\\Desktop\\EMPLEOS JESS\\dataconnect": could not find dataconnect.yaml in `c:\Users\user\Desktop\EMPLEOS JESS\dataconnect`
 {"metadata":{"emulator":{"name":"dataconnect"},"message":"E0831 13:24:03.974569    2480 watch.go:40] Failed to load config from \"c:\\\\Users\\\\user\\\\Desktop\\\\EMPLEOS JESS\\\\dataconnect\": could not find dataconnect.yaml in `c:\\Users\\user\\Desktop\\EMPLEOS JESS\\dataconnect`\n"}}
[debug] [2026-08-31T17:24:13.975Z] E0831 13:24:13.973196    2480 watch.go:40] Failed to load config from "c:\\Users\\user\\Desktop\\EMPLEOS JESS\\dataconnect": could not find dataconnect.yaml in `c:\Users\user\Desktop\EMPLEOS JESS\dataconnect`
 {"metadata":{"emulator":{"name":"dataconnect"},"message":"E0831 13:24:13.973196    2480 watch.go:40] Failed to load config from \"c:\\\\Users\\\\user\\\\Desktop\\\\EMPLEOS JESS\\\\dataconnect\": could not find dataconnect.yaml in `c:\\Users\\user\\Desktop\\EMPLEOS JESS\\dataconnect`\n"}}
[debug] [2026-08-31T17:24:23.972Z] E0831 13:24:23.972457    2480 watch.go:40] Failed to load config from "c:\\Users\\user\\Desktop\\EMPLEOS JESS\\dataconnect": could not find dataconnect.yaml in `c:\Users\user\Desktop\EMPLEOS JESS\dataconnect`
 {"metadata":{"emulator":{"name":"dataconnect"},"message":"E0831 13:24:23.972457    2480 watch.go:40] Failed to load config from \"c:\\\\Users\\\\user\\\\Desktop\\\\EMPLEOS JESS\\\\dataconnect\": could not find dataconnect.yaml in `c:\\Users\\user\\Desktop\\EMPLEOS JESS\\dataconnect`\n"}}
[debug] [2026-08-31T17:24:33.972Z] E0831 13:24:33.972817    2480 watch.go:116] watchAllDir unable to walk dir `c:\Users\user\Desktop\EMPLEOS JESS\dataconnect`: GetFileAttributesEx c:\Users\user\Desktop\EMPLEOS JESS\dataconnect: The system cannot find the file specified.
 {"metadata":{"emulator":{"name":"dataconnect"},"message":"E0831 13:24:33.972817    2480 watch.go:116] watchAllDir unable to walk dir `c:\\Users\\user\\Desktop\\EMPLEOS JESS\\dataconnect`: GetFileAttributesEx c:\\Users\\user\\Desktop\\EMPLEOS JESS\\dataconnect: The system cannot find the file specified.\n"}}
[debug] [2026-08-31T17:24:33.974Z] E0831 13:24:33.973373    2480 watch.go:40] Failed to load config from "c:\\Users\\user\\Desktop\\EMPLEOS JESS\\dataconnect": could not find dataconnect.yaml in `c:\Users\user\Desktop\EMPLEOS JESS\dataconnect`
 {"metadata":{"emulator":{"name":"dataconnect"},"message":"E0831 13:24:33.973373    2480 watch.go:40] Failed to load config from \"c:\\\\Users\\\\user\\\\Desktop\\\\EMPLEOS JESS\\\\dataconnect\": could not find dataconnect.yaml in `c:\\Users\\user\\Desktop\\EMPLEOS JESS\\dataconnect`\n"}}
[debug] [2026-08-31T17:24:43.974Z] E0831 13:24:43.973643    2480 watch.go:40] Failed to load config from "c:\\Users\\user\\Desktop\\EMPLEOS JESS\\dataconnect": could not find dataconnect.yaml in `c:\Users\user\Desktop\EMPLEOS JESS\dataconnect`
 {"metadata":{"emulator":{"name":"dataconnect"},"message":"E0831 13:24:43.973643    2480 watch.go:40] Failed to load config from \"c:\\\\Users\\\\user\\\\Desktop\\\\EMPLEOS JESS\\\\dataconnect\": could not find dataconnect.yaml in `c:\\Users\\user\\Desktop\\EMPLEOS JESS\\dataconnect`\n"}}
[debug] [2026-08-31T17:24:53.990Z] E0831 13:24:53.990670    2480 watch.go:40] Failed to load config from "c:\\Users\\user\\Desktop\\EMPLEOS JESS\\dataconnect": could not find dataconnect.yaml in `c:\Users\user\Desktop\EMPLEOS JESS\dataconnect`
 {"metadata":{"emulator":{"name":"dataconnect"},"message":"E0831 13:24:53.990670    2480 watch.go:40] Failed to load config from \"c:\\\\Users\\\\user\\\\Desktop\\\\EMPLEOS JESS\\\\dataconnect\": could not find dataconnect.yaml in `c:\\Users\\user\\Desktop\\EMPLEOS JESS\\dataconnect`\n"}}
[debug] [2026-08-31T17:25:03.972Z] E0831 13:25:03.972824    2480 watch.go:40] Failed to load config from "c:\\Users\\user\\Desktop\\EMPLEOS JESS\\dataconnect": could not find dataconnect.yaml in `c:\Users\user\Desktop\EMPLEOS JESS\dataconnect`
 {"metadata":{"emulator":{"name":"dataconnect"},"message":"E0831 13:25:03.972824    2480 watch.go:40] Failed to load config from \"c:\\\\Users\\\\user\\\\Desktop\\\\EMPLEOS JESS\\\\dataconnect\": could not find dataconnect.yaml in `c:\\Users\\user\\Desktop\\EMPLEOS JESS\\dataconnect`\n"}}
[debug] [2026-08-31T17:25:13.973Z] E0831 13:25:13.972831    2480 watch.go:40] Failed to load config from "c:\\Users\\user\\Desktop\\EMPLEOS JESS\\dataconnect": could not find dataconnect.yaml in `c:\Users\user\Desktop\EMPLEOS JESS\dataconnect`
 {"metadata":{"emulator":{"name":"dataconnect"},"message":"E0831 13:25:13.972831    2480 watch.go:40] Failed to load config from \"c:\\\\Users\\\\user\\\\Desktop\\\\EMPLEOS JESS\\\\dataconnect\": could not find dataconnect.yaml in `c:\\Users\\user\\Desktop\\EMPLEOS JESS\\dataconnect`\n"}}
[debug] [2026-08-31T17:25:23.972Z] E0831 13:25:23.972842    2480 watch.go:40] Failed to load config from "c:\\Users\\user\\Desktop\\EMPLEOS JESS\\dataconnect": could not find dataconnect.yaml in `c:\Users\user\Desktop\EMPLEOS JESS\dataconnect`
 {"metadata":{"emulator":{"name":"dataconnect"},"message":"E0831 13:25:23.972842    2480 watch.go:40] Failed to load config from \"c:\\\\Users\\\\user\\\\Desktop\\\\EMPLEOS JESS\\\\dataconnect\": could not find dataconnect.yaml in `c:\\Users\\user\\Desktop\\EMPLEOS JESS\\dataconnect`\n"}}
[debug] [2026-08-31T17:25:33.973Z] E0831 13:25:33.972794    2480 watch.go:116] watchAllDir unable to walk dir `c:\Users\user\Desktop\EMPLEOS JESS\dataconnect`: GetFileAttributesEx c:\Users\user\Desktop\EMPLEOS JESS\dataconnect: The system cannot find the file specified.
 {"metadata":{"emulator":{"name":"dataconnect"},"message":"E0831 13:25:33.972794    2480 watch.go:116] watchAllDir unable to walk dir `c:\\Users\\user\\Desktop\\EMPLEOS JESS\\dataconnect`: GetFileAttributesEx c:\\Users\\user\\Desktop\\EMPLEOS JESS\\dataconnect: The system cannot find the file specified.\n"}}
[debug] [2026-08-31T17:25:33.974Z] E0831 13:25:33.973369    2480 watch.go:40] Failed to load config from "c:\\Users\\user\\Desktop\\EMPLEOS JESS\\dataconnect": could not find dataconnect.yaml in `c:\Users\user\Desktop\EMPLEOS JESS\dataconnect`
 {"metadata":{"emulator":{"name":"dataconnect"},"message":"E0831 13:25:33.973369    2480 watch.go:40] Failed to load config from \"c:\\\\Users\\\\user\\\\Desktop\\\\EMPLEOS JESS\\\\dataconnect\": could not find dataconnect.yaml in `c:\\Users\\user\\Desktop\\EMPLEOS JESS\\dataconnect`\n"}}
[debug] [2026-08-31T17:25:43.972Z] E0831 13:25:43.972888    2480 watch.go:40] Failed to load config from "c:\\Users\\user\\Desktop\\EMPLEOS JESS\\dataconnect": could not find dataconnect.yaml in `c:\Users\user\Desktop\EMPLEOS JESS\dataconnect`
 {"metadata":{"emulator":{"name":"dataconnect"},"message":"E0831 13:25:43.972888    2480 watch.go:40] Failed to load config from \"c:\\\\Users\\\\user\\\\Desktop\\\\EMPLEOS JESS\\\\dataconnect\": could not find dataconnect.yaml in `c:\\Users\\user\\Desktop\\EMPLEOS JESS\\dataconnect`\n"}}
[debug] [2026-08-31T17:25:53.973Z] E0831 13:25:53.973005    2480 watch.go:40] Failed to load config from "c:\\Users\\user\\Desktop\\EMPLEOS JESS\\dataconnect": could not find dataconnect.yaml in `c:\Users\user\Desktop\EMPLEOS JESS\dataconnect`
 {"metadata":{"emulator":{"name":"dataconnect"},"message":"E0831 13:25:53.973005    2480 watch.go:40] Failed to load config from \"c:\\\\Users\\\\user\\\\Desktop\\\\EMPLEOS JESS\\\\dataconnect\": could not find dataconnect.yaml in `c:\\Users\\user\\Desktop\\EMPLEOS JESS\\dataconnect`\n"}}
[debug] [2026-08-31T17:26:03.972Z] E0831 13:26:03.972158    2480 watch.go:40] Failed to load config from "c:\\Users\\user\\Desktop\\EMPLEOS JESS\\dataconnect": could not find dataconnect.yaml in `c:\Users\user\Desktop\EMPLEOS JESS\dataconnect`
 {"metadata":{"emulator":{"name":"dataconnect"},"message":"E0831 13:26:03.972158    2480 watch.go:40] Failed to load config from \"c:\\\\Users\\\\user\\\\Desktop\\\\EMPLEOS JESS\\\\dataconnect\": could not find dataconnect.yaml in `c:\\Users\\user\\Desktop\\EMPLEOS JESS\\dataconnect`\n"}}
[debug] [2026-08-31T17:26:13.973Z] E0831 13:26:13.973738    2480 watch.go:40] Failed to load config from "c:\\Users\\user\\Desktop\\EMPLEOS JESS\\dataconnect": could not find dataconnect.yaml in `c:\Users\user\Desktop\EMPLEOS JESS\dataconnect`
 {"metadata":{"emulator":{"name":"dataconnect"},"message":"E0831 13:26:13.973738    2480 watch.go:40] Failed to load config from \"c:\\\\Users\\\\user\\\\Desktop\\\\EMPLEOS JESS\\\\dataconnect\": could not find dataconnect.yaml in `c:\\Users\\user\\Desktop\\EMPLEOS JESS\\dataconnect`\n"}}
[debug] [2026-08-31T17:26:23.974Z] E0831 13:26:23.973743    2480 watch.go:40] Failed to load config from "c:\\Users\\user\\Desktop\\EMPLEOS JESS\\dataconnect": could not find dataconnect.yaml in `c:\Users\user\Desktop\EMPLEOS JESS\dataconnect`
 {"metadata":{"emulator":{"name":"dataconnect"},"message":"E0831 13:26:23.973743    2480 watch.go:40] Failed to load config from \"c:\\\\Users\\\\user\\\\Desktop\\\\EMPLEOS JESS\\\\dataconnect\": could not find dataconnect.yaml in `c:\\Users\\user\\Desktop\\EMPLEOS JESS\\dataconnect`\n"}}
[debug] [2026-08-31T17:26:33.973Z] E0831 13:26:33.973263    2480 watch.go:116] watchAllDir unable to walk dir `c:\Users\user\Desktop\EMPLEOS JESS\dataconnect`: GetFileAttributesEx c:\Users\user\Desktop\EMPLEOS JESS\dataconnect: The system cannot find the file specified.
 {"metadata":{"emulator":{"name":"dataconnect"},"message":"E0831 13:26:33.973263    2480 watch.go:116] watchAllDir unable to walk dir `c:\\Users\\user\\Desktop\\EMPLEOS JESS\\dataconnect`: GetFileAttributesEx c:\\Users\\user\\Desktop\\EMPLEOS JESS\\dataconnect: The system cannot find the file specified.\n"}}
[debug] [2026-08-31T17:26:33.973Z] E0831 13:26:33.973263    2480 watch.go:40] Failed to load config from "c:\\Users\\user\\Desktop\\EMPLEOS JESS\\dataconnect": could not find dataconnect.yaml in `c:\Users\user\Desktop\EMPLEOS JESS\dataconnect`
 {"metadata":{"emulator":{"name":"dataconnect"},"message":"E0831 13:26:33.973263    2480 watch.go:40] Failed to load config from \"c:\\\\Users\\\\user\\\\Desktop\\\\EMPLEOS JESS\\\\dataconnect\": could not find dataconnect.yaml in `c:\\Users\\user\\Desktop\\EMPLEOS JESS\\dataconnect`\n"}}
[debug] [2026-08-31T17:26:43.973Z] E0831 13:26:43.972983    2480 watch.go:40] Failed to load config from "c:\\Users\\user\\Desktop\\EMPLEOS JESS\\dataconnect": could not find dataconnect.yaml in `c:\Users\user\Desktop\EMPLEOS JESS\dataconnect`
 {"metadata":{"emulator":{"name":"dataconnect"},"message":"E0831 13:26:43.972983    2480 watch.go:40] Failed to load config from \"c:\\\\Users\\\\user\\\\Desktop\\\\EMPLEOS JESS\\\\dataconnect\": could not find dataconnect.yaml in `c:\\Users\\user\\Desktop\\EMPLEOS JESS\\dataconnect`\n"}}
[debug] [2026-08-31T17:26:53.972Z] E0831 13:26:53.972573    2480 watch.go:40] Failed to load config from "c:\\Users\\user\\Desktop\\EMPLEOS JESS\\dataconnect": could not find dataconnect.yaml in `c:\Users\user\Desktop\EMPLEOS JESS\dataconnect`
 {"metadata":{"emulator":{"name":"dataconnect"},"message":"E0831 13:26:53.972573    2480 watch.go:40] Failed to load config from \"c:\\\\Users\\\\user\\\\Desktop\\\\EMPLEOS JESS\\\\dataconnect\": could not find dataconnect.yaml in `c:\\Users\\user\\Desktop\\EMPLEOS JESS\\dataconnect`\n"}}
[debug] [2026-08-31T17:27:03.972Z] E0831 13:27:03.972990    2480 watch.go:40] Failed to load config from "c:\\Users\\user\\Desktop\\EMPLEOS JESS\\dataconnect": could not find dataconnect.yaml in `c:\Users\user\Desktop\EMPLEOS JESS\dataconnect`
 {"metadata":{"emulator":{"name":"dataconnect"},"message":"E0831 13:27:03.972990    2480 watch.go:40] Failed to load config from \"c:\\\\Users\\\\user\\\\Desktop\\\\EMPLEOS JESS\\\\dataconnect\": could not find dataconnect.yaml in `c:\\Users\\user\\Desktop\\EMPLEOS JESS\\dataconnect`\n"}}
[debug] [2026-08-31T17:27:13.973Z] E0831 13:27:13.974024    2480 watch.go:40] Failed to load config from "c:\\Users\\user\\Desktop\\EMPLEOS JESS\\dataconnect": could not find dataconnect.yaml in `c:\Users\user\Desktop\EMPLEOS JESS\dataconnect`
 {"metadata":{"emulator":{"name":"dataconnect"},"message":"E0831 13:27:13.974024    2480 watch.go:40] Failed to load config from \"c:\\\\Users\\\\user\\\\Desktop\\\\EMPLEOS JESS\\\\dataconnect\": could not find dataconnect.yaml in `c:\\Users\\user\\Desktop\\EMPLEOS JESS\\dataconnect`\n"}}
[debug] [2026-08-31T17:27:23.972Z] E0831 13:27:23.972656    2480 watch.go:40] Failed to load config from "c:\\Users\\user\\Desktop\\EMPLEOS JESS\\dataconnect": could not find dataconnect.yaml in `c:\Users\user\Desktop\EMPLEOS JESS\dataconnect`
 {"metadata":{"emulator":{"name":"dataconnect"},"message":"E0831 13:27:23.972656    2480 watch.go:40] Failed to load config from \"c:\\\\Users\\\\user\\\\Desktop\\\\EMPLEOS JESS\\\\dataconnect\": could not find dataconnect.yaml in `c:\\Users\\user\\Desktop\\EMPLEOS JESS\\dataconnect`\n"}}
[debug] [2026-08-31T17:27:33.972Z] E0831 13:27:33.973183    2480 watch.go:116] watchAllDir unable to walk dir `c:\Users\user\Desktop\EMPLEOS JESS\dataconnect`: GetFileAttributesEx c:\Users\user\Desktop\EMPLEOS JESS\dataconnect: The system cannot find the file specified.
 {"metadata":{"emulator":{"name":"dataconnect"},"message":"E0831 13:27:33.973183    2480 watch.go:116] watchAllDir unable to walk dir `c:\\Users\\user\\Desktop\\EMPLEOS JESS\\dataconnect`: GetFileAttributesEx c:\\Users\\user\\Desktop\\EMPLEOS JESS\\dataconnect: The system cannot find the file specified.\n"}}
[debug] [2026-08-31T17:27:33.973Z] E0831 13:27:33.973183    2480 watch.go:40] Failed to load config from "c:\\Users\\user\\Desktop\\EMPLEOS JESS\\dataconnect": could not find dataconnect.yaml in `c:\Users\user\Desktop\EMPLEOS JESS\dataconnect`
 {"metadata":{"emulator":{"name":"dataconnect"},"message":"E0831 13:27:33.973183    2480 watch.go:40] Failed to load config from \"c:\\\\Users\\\\user\\\\Desktop\\\\EMPLEOS JESS\\\\dataconnect\": could not find dataconnect.yaml in `c:\\Users\\user\\Desktop\\EMPLEOS JESS\\dataconnect`\n"}}
[debug] [2026-08-31T17:27:43.972Z] E0831 13:27:43.972262    2480 watch.go:40] Failed to load config from "c:\\Users\\user\\Desktop\\EMPLEOS JESS\\dataconnect": could not find dataconnect.yaml in `c:\Users\user\Desktop\EMPLEOS JESS\dataconnect`
 {"metadata":{"emulator":{"name":"dataconnect"},"message":"E0831 13:27:43.972262    2480 watch.go:40] Failed to load config from \"c:\\\\Users\\\\user\\\\Desktop\\\\EMPLEOS JESS\\\\dataconnect\": could not find dataconnect.yaml in `c:\\Users\\user\\Desktop\\EMPLEOS JESS\\dataconnect`\n"}}
[debug] [2026-08-31T17:27:53.974Z] E0831 13:27:53.973612    2480 watch.go:40] Failed to load config from "c:\\Users\\user\\Desktop\\EMPLEOS JESS\\dataconnect": could not find dataconnect.yaml in `c:\Users\user\Desktop\EMPLEOS JESS\dataconnect`
 {"metadata":{"emulator":{"name":"dataconnect"},"message":"E0831 13:27:53.973612    2480 watch.go:40] Failed to load config from \"c:\\\\Users\\\\user\\\\Desktop\\\\EMPLEOS JESS\\\\dataconnect\": could not find dataconnect.yaml in `c:\\Users\\user\\Desktop\\EMPLEOS JESS\\dataconnect`\n"}}
[debug] [2026-08-31T17:28:03.973Z] E0831 13:28:03.972118    2480 watch.go:40] Failed to load config from "c:\\Users\\user\\Desktop\\EMPLEOS JESS\\dataconnect": could not find dataconnect.yaml in `c:\Users\user\Desktop\EMPLEOS JESS\dataconnect`
 {"metadata":{"emulator":{"name":"dataconnect"},"message":"E0831 13:28:03.972118    2480 watch.go:40] Failed to load config from \"c:\\\\Users\\\\user\\\\Desktop\\\\EMPLEOS JESS\\\\dataconnect\": could not find dataconnect.yaml in `c:\\Users\\user\\Desktop\\EMPLEOS JESS\\dataconnect`\n"}}
[debug] [2026-08-31T17:28:13.973Z] E0831 13:28:13.972679    2480 watch.go:40] Failed to load config from "c:\\Users\\user\\Desktop\\EMPLEOS JESS\\dataconnect": could not find dataconnect.yaml in `c:\Users\user\Desktop\EMPLEOS JESS\dataconnect`
 {"metadata":{"emulator":{"name":"dataconnect"},"message":"E0831 13:28:13.972679    2480 watch.go:40] Failed to load config from \"c:\\\\Users\\\\user\\\\Desktop\\\\EMPLEOS JESS\\\\dataconnect\": could not find dataconnect.yaml in `c:\\Users\\user\\Desktop\\EMPLEOS JESS\\dataconnect`\n"}}
[debug] [2026-08-31T17:28:23.975Z] E0831 13:28:23.974510    2480 watch.go:40] Failed to load config from "c:\\Users\\user\\Desktop\\EMPLEOS JESS\\dataconnect": could not find dataconnect.yaml in `c:\Users\user\Desktop\EMPLEOS JESS\dataconnect`
 {"metadata":{"emulator":{"name":"dataconnect"},"message":"E0831 13:28:23.974510    2480 watch.go:40] Failed to load config from \"c:\\\\Users\\\\user\\\\Desktop\\\\EMPLEOS JESS\\\\dataconnect\": could not find dataconnect.yaml in `c:\\Users\\user\\Desktop\\EMPLEOS JESS\\dataconnect`\n"}}
[debug] [2026-08-31T17:28:33.973Z] E0831 13:28:33.972194    2480 watch.go:116] watchAllDir unable to walk dir `c:\Users\user\Desktop\EMPLEOS JESS\dataconnect`: GetFileAttributesEx c:\Users\user\Desktop\EMPLEOS JESS\dataconnect: The system cannot find the file specified.
E0831 13:28:33.972194    2480 watch.go:40] Failed to load config from "c:\\Users\\user\\Desktop\\EMPLEOS JESS\\dataconnect": could not find dataconnect.yaml in `c:\Users\user\Desktop\EMPLEOS JESS\dataconnect`
 {"metadata":{"emulator":{"name":"dataconnect"},"message":"E0831 13:28:33.972194    2480 watch.go:116] watchAllDir unable to walk dir `c:\\Users\\user\\Desktop\\EMPLEOS JESS\\dataconnect`: GetFileAttributesEx c:\\Users\\user\\Desktop\\EMPLEOS JESS\\dataconnect: The system cannot find the file specified.\nE0831 13:28:33.972194    2480 watch.go:40] Failed to load config from \"c:\\\\Users\\\\user\\\\Desktop\\\\EMPLEOS JESS\\\\dataconnect\": could not find dataconnect.yaml in `c:\\Users\\user\\Desktop\\EMPLEOS JESS\\dataconnect`\n"}}
[debug] [2026-08-31T17:28:43.973Z] E0831 13:28:43.973129    2480 watch.go:40] Failed to load config from "c:\\Users\\user\\Desktop\\EMPLEOS JESS\\dataconnect": could not find dataconnect.yaml in `c:\Users\user\Desktop\EMPLEOS JESS\dataconnect`
 {"metadata":{"emulator":{"name":"dataconnect"},"message":"E0831 13:28:43.973129    2480 watch.go:40] Failed to load config from \"c:\\\\Users\\\\user\\\\Desktop\\\\EMPLEOS JESS\\\\dataconnect\": could not find dataconnect.yaml in `c:\\Users\\user\\Desktop\\EMPLEOS JESS\\dataconnect`\n"}}
[debug] [2026-08-31T17:28:53.973Z] E0831 13:28:53.972647    2480 watch.go:40] Failed to load config from "c:\\Users\\user\\Desktop\\EMPLEOS JESS\\dataconnect": could not find dataconnect.yaml in `c:\Users\user\Desktop\EMPLEOS JESS\dataconnect`
 {"metadata":{"emulator":{"name":"dataconnect"},"message":"E0831 13:28:53.972647    2480 watch.go:40] Failed to load config from \"c:\\\\Users\\\\user\\\\Desktop\\\\EMPLEOS JESS\\\\dataconnect\": could not find dataconnect.yaml in `c:\\Users\\user\\Desktop\\EMPLEOS JESS\\dataconnect`\n"}}
[debug] [2026-08-31T17:29:03.971Z] E0831 13:29:03.972376    2480 watch.go:40] Failed to load config from "c:\\Users\\user\\Desktop\\EMPLEOS JESS\\dataconnect": could not find dataconnect.yaml in `c:\Users\user\Desktop\EMPLEOS JESS\dataconnect`
 {"metadata":{"emulator":{"name":"dataconnect"},"message":"E0831 13:29:03.972376    2480 watch.go:40] Failed to load config from \"c:\\\\Users\\\\user\\\\Desktop\\\\EMPLEOS JESS\\\\dataconnect\": could not find dataconnect.yaml in `c:\\Users\\user\\Desktop\\EMPLEOS JESS\\dataconnect`\n"}}
[debug] [2026-08-31T17:29:13.972Z] E0831 13:29:13.973909    2480 watch.go:40] Failed to load config from "c:\\Users\\user\\Desktop\\EMPLEOS JESS\\dataconnect": could not find dataconnect.yaml in `c:\Users\user\Desktop\EMPLEOS JESS\dataconnect`
 {"metadata":{"emulator":{"name":"dataconnect"},"message":"E0831 13:29:13.973909    2480 watch.go:40] Failed to load config from \"c:\\\\Users\\\\user\\\\Desktop\\\\EMPLEOS JESS\\\\dataconnect\": could not find dataconnect.yaml in `c:\\Users\\user\\Desktop\\EMPLEOS JESS\\dataconnect`\n"}}
[debug] [2026-08-31T17:29:23.971Z] E0831 13:29:23.972922    2480 watch.go:40] Failed to load config from "c:\\Users\\user\\Desktop\\EMPLEOS JESS\\dataconnect": could not find dataconnect.yaml in `c:\Users\user\Desktop\EMPLEOS JESS\dataconnect`
 {"metadata":{"emulator":{"name":"dataconnect"},"message":"E0831 13:29:23.972922    2480 watch.go:40] Failed to load config from \"c:\\\\Users\\\\user\\\\Desktop\\\\EMPLEOS JESS\\\\dataconnect\": could not find dataconnect.yaml in `c:\\Users\\user\\Desktop\\EMPLEOS JESS\\dataconnect`\n"}}
[debug] [2026-08-31T17:29:33.971Z] E0831 13:29:33.972555    2480 watch.go:116] watchAllDir unable to walk dir `c:\Users\user\Desktop\EMPLEOS JESS\dataconnect`: GetFileAttributesEx c:\Users\user\Desktop\EMPLEOS JESS\dataconnect: The system cannot find the file specified.
 {"metadata":{"emulator":{"name":"dataconnect"},"message":"E0831 13:29:33.972555    2480 watch.go:116] watchAllDir unable to walk dir `c:\\Users\\user\\Desktop\\EMPLEOS JESS\\dataconnect`: GetFileAttributesEx c:\\Users\\user\\Desktop\\EMPLEOS JESS\\dataconnect: The system cannot find the file specified.\n"}}
[debug] [2026-08-31T17:29:33.974Z] E0831 13:29:33.973122    2480 watch.go:40] Failed to load config from "c:\\Users\\user\\Desktop\\EMPLEOS JESS\\dataconnect": could not find dataconnect.yaml in `c:\Users\user\Desktop\EMPLEOS JESS\dataconnect`
 {"metadata":{"emulator":{"name":"dataconnect"},"message":"E0831 13:29:33.973122    2480 watch.go:40] Failed to load config from \"c:\\\\Users\\\\user\\\\Desktop\\\\EMPLEOS JESS\\\\dataconnect\": could not find dataconnect.yaml in `c:\\Users\\user\\Desktop\\EMPLEOS JESS\\dataconnect`\n"}}
[debug] [2026-08-31T17:29:43.971Z] E0831 13:29:43.972529    2480 watch.go:40] Failed to load config from "c:\\Users\\user\\Desktop\\EMPLEOS JESS\\dataconnect": could not find dataconnect.yaml in `c:\Users\user\Desktop\EMPLEOS JESS\dataconnect`
 {"metadata":{"emulator":{"name":"dataconnect"},"message":"E0831 13:29:43.972529    2480 watch.go:40] Failed to load config from \"c:\\\\Users\\\\user\\\\Desktop\\\\EMPLEOS JESS\\\\dataconnect\": could not find dataconnect.yaml in `c:\\Users\\user\\Desktop\\EMPLEOS JESS\\dataconnect`\n"}}
[debug] [2026-08-31T17:29:53.970Z] E0831 13:29:53.972157    2480 watch.go:40] Failed to load config from "c:\\Users\\user\\Desktop\\EMPLEOS JESS\\dataconnect": could not find dataconnect.yaml in `c:\Users\user\Desktop\EMPLEOS JESS\dataconnect`
 {"metadata":{"emulator":{"name":"dataconnect"},"message":"E0831 13:29:53.972157    2480 watch.go:40] Failed to load config from \"c:\\\\Users\\\\user\\\\Desktop\\\\EMPLEOS JESS\\\\dataconnect\": could not find dataconnect.yaml in `c:\\Users\\user\\Desktop\\EMPLEOS JESS\\dataconnect`\n"}}
[debug] [2026-08-31T17:30:03.972Z] E0831 13:30:03.973152    2480 watch.go:40] Failed to load config from "c:\\Users\\user\\Desktop\\EMPLEOS JESS\\dataconnect": could not find dataconnect.yaml in `c:\Users\user\Desktop\EMPLEOS JESS\dataconnect`
 {"metadata":{"emulator":{"name":"dataconnect"},"message":"E0831 13:30:03.973152    2480 watch.go:40] Failed to load config from \"c:\\\\Users\\\\user\\\\Desktop\\\\EMPLEOS JESS\\\\dataconnect\": could not find dataconnect.yaml in `c:\\Users\\user\\Desktop\\EMPLEOS JESS\\dataconnect`\n"}}
[debug] [2026-08-31T17:30:13.971Z] E0831 13:30:13.972124    2480 watch.go:40] Failed to load config from "c:\\Users\\user\\Desktop\\EMPLEOS JESS\\dataconnect": could not find dataconnect.yaml in `c:\Users\user\Desktop\EMPLEOS JESS\dataconnect`
 {"metadata":{"emulator":{"name":"dataconnect"},"message":"E0831 13:30:13.972124    2480 watch.go:40] Failed to load config from \"c:\\\\Users\\\\user\\\\Desktop\\\\EMPLEOS JESS\\\\dataconnect\": could not find dataconnect.yaml in `c:\\Users\\user\\Desktop\\EMPLEOS JESS\\dataconnect`\n"}}
[debug] [2026-08-31T17:30:23.972Z] E0831 13:30:23.973708    2480 watch.go:40] Failed to load config from "c:\\Users\\user\\Desktop\\EMPLEOS JESS\\dataconnect": could not find dataconnect.yaml in `c:\Users\user\Desktop\EMPLEOS JESS\dataconnect`
 {"metadata":{"emulator":{"name":"dataconnect"},"message":"E0831 13:30:23.973708    2480 watch.go:40] Failed to load config from \"c:\\\\Users\\\\user\\\\Desktop\\\\EMPLEOS JESS\\\\dataconnect\": could not find dataconnect.yaml in `c:\\Users\\user\\Desktop\\EMPLEOS JESS\\dataconnect`\n"}}
[debug] [2026-08-31T17:30:33.972Z] E0831 13:30:33.972835    2480 watch.go:116] watchAllDir unable to walk dir `c:\Users\user\Desktop\EMPLEOS JESS\dataconnect`: GetFileAttributesEx c:\Users\user\Desktop\EMPLEOS JESS\dataconnect: The system cannot find the file specified.
 {"metadata":{"emulator":{"name":"dataconnect"},"message":"E0831 13:30:33.972835    2480 watch.go:116] watchAllDir unable to walk dir `c:\\Users\\user\\Desktop\\EMPLEOS JESS\\dataconnect`: GetFileAttributesEx c:\\Users\\user\\Desktop\\EMPLEOS JESS\\dataconnect: The system cannot find the file specified.\n"}}
[debug] [2026-08-31T17:30:33.972Z] E0831 13:30:33.972835    2480 watch.go:40] Failed to load config from "c:\\Users\\user\\Desktop\\EMPLEOS JESS\\dataconnect": could not find dataconnect.yaml in `c:\Users\user\Desktop\EMPLEOS JESS\dataconnect`
 {"metadata":{"emulator":{"name":"dataconnect"},"message":"E0831 13:30:33.972835    2480 watch.go:40] Failed to load config from \"c:\\\\Users\\\\user\\\\Desktop\\\\EMPLEOS JESS\\\\dataconnect\": could not find dataconnect.yaml in `c:\\Users\\user\\Desktop\\EMPLEOS JESS\\dataconnect`\n"}}
[debug] [2026-08-31T17:30:43.973Z] E0831 13:30:43.972684    2480 watch.go:40] Failed to load config from "c:\\Users\\user\\Desktop\\EMPLEOS JESS\\dataconnect": could not find dataconnect.yaml in `c:\Users\user\Desktop\EMPLEOS JESS\dataconnect`
 {"metadata":{"emulator":{"name":"dataconnect"},"message":"E0831 13:30:43.972684    2480 watch.go:40] Failed to load config from \"c:\\\\Users\\\\user\\\\Desktop\\\\EMPLEOS JESS\\\\dataconnect\": could not find dataconnect.yaml in `c:\\Users\\user\\Desktop\\EMPLEOS JESS\\dataconnect`\n"}}
[debug] [2026-08-31T17:30:53.984Z] E0831 13:30:53.983820    2480 watch.go:40] Failed to load config from "c:\\Users\\user\\Desktop\\EMPLEOS JESS\\dataconnect": could not find dataconnect.yaml in `c:\Users\user\Desktop\EMPLEOS JESS\dataconnect`
 {"metadata":{"emulator":{"name":"dataconnect"},"message":"E0831 13:30:53.983820    2480 watch.go:40] Failed to load config from \"c:\\\\Users\\\\user\\\\Desktop\\\\EMPLEOS JESS\\\\dataconnect\": could not find dataconnect.yaml in `c:\\Users\\user\\Desktop\\EMPLEOS JESS\\dataconnect`\n"}}
[debug] [2026-08-31T17:31:03.973Z] E0831 13:31:03.973551    2480 watch.go:40] Failed to load config from "c:\\Users\\user\\Desktop\\EMPLEOS JESS\\dataconnect": could not find dataconnect.yaml in `c:\Users\user\Desktop\EMPLEOS JESS\dataconnect`
 {"metadata":{"emulator":{"name":"dataconnect"},"message":"E0831 13:31:03.973551    2480 watch.go:40] Failed to load config from \"c:\\\\Users\\\\user\\\\Desktop\\\\EMPLEOS JESS\\\\dataconnect\": could not find dataconnect.yaml in `c:\\Users\\user\\Desktop\\EMPLEOS JESS\\dataconnect`\n"}}
[debug] [2026-08-31T17:31:13.972Z] E0831 13:31:13.972441    2480 watch.go:40] Failed to load config from "c:\\Users\\user\\Desktop\\EMPLEOS JESS\\dataconnect": could not find dataconnect.yaml in `c:\Users\user\Desktop\EMPLEOS JESS\dataconnect`
 {"metadata":{"emulator":{"name":"dataconnect"},"message":"E0831 13:31:13.972441    2480 watch.go:40] Failed to load config from \"c:\\\\Users\\\\user\\\\Desktop\\\\EMPLEOS JESS\\\\dataconnect\": could not find dataconnect.yaml in `c:\\Users\\user\\Desktop\\EMPLEOS JESS\\dataconnect`\n"}}
[debug] [2026-08-31T17:31:23.972Z] E0831 13:31:23.972675    2480 watch.go:40] Failed to load config from "c:\\Users\\user\\Desktop\\EMPLEOS JESS\\dataconnect": could not find dataconnect.yaml in `c:\Users\user\Desktop\EMPLEOS JESS\dataconnect`
 {"metadata":{"emulator":{"name":"dataconnect"},"message":"E0831 13:31:23.972675    2480 watch.go:40] Failed to load config from \"c:\\\\Users\\\\user\\\\Desktop\\\\EMPLEOS JESS\\\\dataconnect\": could not find dataconnect.yaml in `c:\\Users\\user\\Desktop\\EMPLEOS JESS\\dataconnect`\n"}}
[debug] [2026-08-31T17:31:33.973Z] E0831 13:31:33.973938    2480 watch.go:116] watchAllDir unable to walk dir `c:\Users\user\Desktop\EMPLEOS JESS\dataconnect`: GetFileAttributesEx c:\Users\user\Desktop\EMPLEOS JESS\dataconnect: The system cannot find the file specified.
 {"metadata":{"emulator":{"name":"dataconnect"},"message":"E0831 13:31:33.973938    2480 watch.go:116] watchAllDir unable to walk dir `c:\\Users\\user\\Desktop\\EMPLEOS JESS\\dataconnect`: GetFileAttributesEx c:\\Users\\user\\Desktop\\EMPLEOS JESS\\dataconnect: The system cannot find the file specified.\n"}}
[debug] [2026-08-31T17:31:33.974Z] E0831 13:31:33.973938    2480 watch.go:40] Failed to load config from "c:\\Users\\user\\Desktop\\EMPLEOS JESS\\dataconnect": could not find dataconnect.yaml in `c:\Users\user\Desktop\EMPLEOS JESS\dataconnect`
 {"metadata":{"emulator":{"name":"dataconnect"},"message":"E0831 13:31:33.973938    2480 watch.go:40] Failed to load config from \"c:\\\\Users\\\\user\\\\Desktop\\\\EMPLEOS JESS\\\\dataconnect\": could not find dataconnect.yaml in `c:\\Users\\user\\Desktop\\EMPLEOS JESS\\dataconnect`\n"}}
[debug] [2026-08-31T17:31:43.973Z] E0831 13:31:43.973790    2480 watch.go:40] Failed to load config from "c:\\Users\\user\\Desktop\\EMPLEOS JESS\\dataconnect": could not find dataconnect.yaml in `c:\Users\user\Desktop\EMPLEOS JESS\dataconnect`
 {"metadata":{"emulator":{"name":"dataconnect"},"message":"E0831 13:31:43.973790    2480 watch.go:40] Failed to load config from \"c:\\\\Users\\\\user\\\\Desktop\\\\EMPLEOS JESS\\\\dataconnect\": could not find dataconnect.yaml in `c:\\Users\\user\\Desktop\\EMPLEOS JESS\\dataconnect`\n"}}
[debug] [2026-08-31T17:31:53.974Z] E0831 13:31:53.973851    2480 watch.go:40] Failed to load config from "c:\\Users\\user\\Desktop\\EMPLEOS JESS\\dataconnect": could not find dataconnect.yaml in `c:\Users\user\Desktop\EMPLEOS JESS\dataconnect`
 {"metadata":{"emulator":{"name":"dataconnect"},"message":"E0831 13:31:53.973851    2480 watch.go:40] Failed to load config from \"c:\\\\Users\\\\user\\\\Desktop\\\\EMPLEOS JESS\\\\dataconnect\": could not find dataconnect.yaml in `c:\\Users\\user\\Desktop\\EMPLEOS JESS\\dataconnect`\n"}}
[debug] [2026-08-31T17:32:03.973Z] E0831 13:32:03.973661    2480 watch.go:40] Failed to load config from "c:\\Users\\user\\Desktop\\EMPLEOS JESS\\dataconnect": could not find dataconnect.yaml in `c:\Users\user\Desktop\EMPLEOS JESS\dataconnect`
 {"metadata":{"emulator":{"name":"dataconnect"},"message":"E0831 13:32:03.973661    2480 watch.go:40] Failed to load config from \"c:\\\\Users\\\\user\\\\Desktop\\\\EMPLEOS JESS\\\\dataconnect\": could not find dataconnect.yaml in `c:\\Users\\user\\Desktop\\EMPLEOS JESS\\dataconnect`\n"}}
[debug] [2026-08-31T17:32:13.974Z] E0831 13:32:13.973857    2480 watch.go:40] Failed to load config from "c:\\Users\\user\\Desktop\\EMPLEOS JESS\\dataconnect": could not find dataconnect.yaml in `c:\Users\user\Desktop\EMPLEOS JESS\dataconnect`
 {"metadata":{"emulator":{"name":"dataconnect"},"message":"E0831 13:32:13.973857    2480 watch.go:40] Failed to load config from \"c:\\\\Users\\\\user\\\\Desktop\\\\EMPLEOS JESS\\\\dataconnect\": could not find dataconnect.yaml in `c:\\Users\\user\\Desktop\\EMPLEOS JESS\\dataconnect`\n"}}
[debug] [2026-08-31T17:32:23.974Z] E0831 13:32:23.974583    2480 watch.go:40] Failed to load config from "c:\\Users\\user\\Desktop\\EMPLEOS JESS\\dataconnect": could not find dataconnect.yaml in `c:\Users\user\Desktop\EMPLEOS JESS\dataconnect`
 {"metadata":{"emulator":{"name":"dataconnect"},"message":"E0831 13:32:23.974583    2480 watch.go:40] Failed to load config from \"c:\\\\Users\\\\user\\\\Desktop\\\\EMPLEOS JESS\\\\dataconnect\": could not find dataconnect.yaml in `c:\\Users\\user\\Desktop\\EMPLEOS JESS\\dataconnect`\n"}}
[debug] [2026-08-31T17:32:33.974Z] E0831 13:32:33.974380    2480 watch.go:116] watchAllDir unable to walk dir `c:\Users\user\Desktop\EMPLEOS JESS\dataconnect`: GetFileAttributesEx c:\Users\user\Desktop\EMPLEOS JESS\dataconnect: The system cannot find the file specified.
 {"metadata":{"emulator":{"name":"dataconnect"},"message":"E0831 13:32:33.974380    2480 watch.go:116] watchAllDir unable to walk dir `c:\\Users\\user\\Desktop\\EMPLEOS JESS\\dataconnect`: GetFileAttributesEx c:\\Users\\user\\Desktop\\EMPLEOS JESS\\dataconnect: The system cannot find the file specified.\n"}}
[debug] [2026-08-31T17:32:33.975Z] E0831 13:32:33.974380    2480 watch.go:40] Failed to load config from "c:\\Users\\user\\Desktop\\EMPLEOS JESS\\dataconnect": could not find dataconnect.yaml in `c:\Users\user\Desktop\EMPLEOS JESS\dataconnect`
 {"metadata":{"emulator":{"name":"dataconnect"},"message":"E0831 13:32:33.974380    2480 watch.go:40] Failed to load config from \"c:\\\\Users\\\\user\\\\Desktop\\\\EMPLEOS JESS\\\\dataconnect\": could not find dataconnect.yaml in `c:\\Users\\user\\Desktop\\EMPLEOS JESS\\dataconnect`\n"}}
[debug] [2026-08-31T17:32:43.973Z] E0831 13:32:43.973755    2480 watch.go:40] Failed to load config from "c:\\Users\\user\\Desktop\\EMPLEOS JESS\\dataconnect": could not find dataconnect.yaml in `c:\Users\user\Desktop\EMPLEOS JESS\dataconnect`
 {"metadata":{"emulator":{"name":"dataconnect"},"message":"E0831 13:32:43.973755    2480 watch.go:40] Failed to load config from \"c:\\\\Users\\\\user\\\\Desktop\\\\EMPLEOS JESS\\\\dataconnect\": could not find dataconnect.yaml in `c:\\Users\\user\\Desktop\\EMPLEOS JESS\\dataconnect`\n"}}
[debug] [2026-08-31T17:32:53.972Z] E0831 13:32:53.972415    2480 watch.go:40] Failed to load config from "c:\\Users\\user\\Desktop\\EMPLEOS JESS\\dataconnect": could not find dataconnect.yaml in `c:\Users\user\Desktop\EMPLEOS JESS\dataconnect`
 {"metadata":{"emulator":{"name":"dataconnect"},"message":"E0831 13:32:53.972415    2480 watch.go:40] Failed to load config from \"c:\\\\Users\\\\user\\\\Desktop\\\\EMPLEOS JESS\\\\dataconnect\": could not find dataconnect.yaml in `c:\\Users\\user\\Desktop\\EMPLEOS JESS\\dataconnect`\n"}}
[debug] [2026-08-31T17:33:03.972Z] E0831 13:33:03.972415    2480 watch.go:40] Failed to load config from "c:\\Users\\user\\Desktop\\EMPLEOS JESS\\dataconnect": could not find dataconnect.yaml in `c:\Users\user\Desktop\EMPLEOS JESS\dataconnect`
 {"metadata":{"emulator":{"name":"dataconnect"},"message":"E0831 13:33:03.972415    2480 watch.go:40] Failed to load config from \"c:\\\\Users\\\\user\\\\Desktop\\\\EMPLEOS JESS\\\\dataconnect\": could not find dataconnect.yaml in `c:\\Users\\user\\Desktop\\EMPLEOS JESS\\dataconnect`\n"}}
[debug] [2026-08-31T17:33:13.972Z] E0831 13:33:13.972509    2480 watch.go:40] Failed to load config from "c:\\Users\\user\\Desktop\\EMPLEOS JESS\\dataconnect": could not find dataconnect.yaml in `c:\Users\user\Desktop\EMPLEOS JESS\dataconnect`
 {"metadata":{"emulator":{"name":"dataconnect"},"message":"E0831 13:33:13.972509    2480 watch.go:40] Failed to load config from \"c:\\\\Users\\\\user\\\\Desktop\\\\EMPLEOS JESS\\\\dataconnect\": could not find dataconnect.yaml in `c:\\Users\\user\\Desktop\\EMPLEOS JESS\\dataconnect`\n"}}
[debug] [2026-08-31T17:33:23.972Z] E0831 13:33:23.972311    2480 watch.go:40] Failed to load config from "c:\\Users\\user\\Desktop\\EMPLEOS JESS\\dataconnect": could not find dataconnect.yaml in `c:\Users\user\Desktop\EMPLEOS JESS\dataconnect`
 {"metadata":{"emulator":{"name":"dataconnect"},"message":"E0831 13:33:23.972311    2480 watch.go:40] Failed to load config from \"c:\\\\Users\\\\user\\\\Desktop\\\\EMPLEOS JESS\\\\dataconnect\": could not find dataconnect.yaml in `c:\\Users\\user\\Desktop\\EMPLEOS JESS\\dataconnect`\n"}}
[debug] [2026-08-31T17:33:33.973Z] E0831 13:33:33.972950    2480 watch.go:116] watchAllDir unable to walk dir `c:\Users\user\Desktop\EMPLEOS JESS\dataconnect`: GetFileAttributesEx c:\Users\user\Desktop\EMPLEOS JESS\dataconnect: The system cannot find the file specified.
 {"metadata":{"emulator":{"name":"dataconnect"},"message":"E0831 13:33:33.972950    2480 watch.go:116] watchAllDir unable to walk dir `c:\\Users\\user\\Desktop\\EMPLEOS JESS\\dataconnect`: GetFileAttributesEx c:\\Users\\user\\Desktop\\EMPLEOS JESS\\dataconnect: The system cannot find the file specified.\n"}}
[debug] [2026-08-31T17:33:33.975Z] E0831 13:33:33.973461    2480 watch.go:40] Failed to load config from "c:\\Users\\user\\Desktop\\EMPLEOS JESS\\dataconnect": could not find dataconnect.yaml in `c:\Users\user\Desktop\EMPLEOS JESS\dataconnect`
 {"metadata":{"emulator":{"name":"dataconnect"},"message":"E0831 13:33:33.973461    2480 watch.go:40] Failed to load config from \"c:\\\\Users\\\\user\\\\Desktop\\\\EMPLEOS JESS\\\\dataconnect\": could not find dataconnect.yaml in `c:\\Users\\user\\Desktop\\EMPLEOS JESS\\dataconnect`\n"}}
[debug] [2026-08-31T17:33:43.974Z] E0831 13:33:43.973480    2480 watch.go:40] Failed to load config from "c:\\Users\\user\\Desktop\\EMPLEOS JESS\\dataconnect": could not find dataconnect.yaml in `c:\Users\user\Desktop\EMPLEOS JESS\dataconnect`
 {"metadata":{"emulator":{"name":"dataconnect"},"message":"E0831 13:33:43.973480    2480 watch.go:40] Failed to load config from \"c:\\\\Users\\\\user\\\\Desktop\\\\EMPLEOS JESS\\\\dataconnect\": could not find dataconnect.yaml in `c:\\Users\\user\\Desktop\\EMPLEOS JESS\\dataconnect`\n"}}
[debug] [2026-08-31T17:33:53.975Z] E0831 13:33:53.975404    2480 watch.go:40] Failed to load config from "c:\\Users\\user\\Desktop\\EMPLEOS JESS\\dataconnect": could not find dataconnect.yaml in `c:\Users\user\Desktop\EMPLEOS JESS\dataconnect`
 {"metadata":{"emulator":{"name":"dataconnect"},"message":"E0831 13:33:53.975404    2480 watch.go:40] Failed to load config from \"c:\\\\Users\\\\user\\\\Desktop\\\\EMPLEOS JESS\\\\dataconnect\": could not find dataconnect.yaml in `c:\\Users\\user\\Desktop\\EMPLEOS JESS\\dataconnect`\n"}}
[debug] [2026-08-31T17:34:03.973Z] E0831 13:34:03.972903    2480 watch.go:40] Failed to load config from "c:\\Users\\user\\Desktop\\EMPLEOS JESS\\dataconnect": could not find dataconnect.yaml in `c:\Users\user\Desktop\EMPLEOS JESS\dataconnect`
 {"metadata":{"emulator":{"name":"dataconnect"},"message":"E0831 13:34:03.972903    2480 watch.go:40] Failed to load config from \"c:\\\\Users\\\\user\\\\Desktop\\\\EMPLEOS JESS\\\\dataconnect\": could not find dataconnect.yaml in `c:\\Users\\user\\Desktop\\EMPLEOS JESS\\dataconnect`\n"}}
[debug] [2026-08-31T17:34:13.973Z] E0831 13:34:13.972667    2480 watch.go:40] Failed to load config from "c:\\Users\\user\\Desktop\\EMPLEOS JESS\\dataconnect": could not find dataconnect.yaml in `c:\Users\user\Desktop\EMPLEOS JESS\dataconnect`
 {"metadata":{"emulator":{"name":"dataconnect"},"message":"E0831 13:34:13.972667    2480 watch.go:40] Failed to load config from \"c:\\\\Users\\\\user\\\\Desktop\\\\EMPLEOS JESS\\\\dataconnect\": could not find dataconnect.yaml in `c:\\Users\\user\\Desktop\\EMPLEOS JESS\\dataconnect`\n"}}
[debug] [2026-08-31T17:34:23.974Z] E0831 13:34:23.973307    2480 watch.go:40] Failed to load config from "c:\\Users\\user\\Desktop\\EMPLEOS JESS\\dataconnect": could not find dataconnect.yaml in `c:\Users\user\Desktop\EMPLEOS JESS\dataconnect`
 {"metadata":{"emulator":{"name":"dataconnect"},"message":"E0831 13:34:23.973307    2480 watch.go:40] Failed to load config from \"c:\\\\Users\\\\user\\\\Desktop\\\\EMPLEOS JESS\\\\dataconnect\": could not find dataconnect.yaml in `c:\\Users\\user\\Desktop\\EMPLEOS JESS\\dataconnect`\n"}}
[debug] [2026-08-31T17:34:33.972Z] E0831 13:34:33.972215    2480 watch.go:116] watchAllDir unable to walk dir `c:\Users\user\Desktop\EMPLEOS JESS\dataconnect`: GetFileAttributesEx c:\Users\user\Desktop\EMPLEOS JESS\dataconnect: The system cannot find the file specified.
 {"metadata":{"emulator":{"name":"dataconnect"},"message":"E0831 13:34:33.972215    2480 watch.go:116] watchAllDir unable to walk dir `c:\\Users\\user\\Desktop\\EMPLEOS JESS\\dataconnect`: GetFileAttributesEx c:\\Users\\user\\Desktop\\EMPLEOS JESS\\dataconnect: The system cannot find the file specified.\n"}}
[debug] [2026-08-31T17:34:33.973Z] E0831 13:34:33.972722    2480 watch.go:40] Failed to load config from "c:\\Users\\user\\Desktop\\EMPLEOS JESS\\dataconnect": could not find dataconnect.yaml in `c:\Users\user\Desktop\EMPLEOS JESS\dataconnect`
 {"metadata":{"emulator":{"name":"dataconnect"},"message":"E0831 13:34:33.972722    2480 watch.go:40] Failed to load config from \"c:\\\\Users\\\\user\\\\Desktop\\\\EMPLEOS JESS\\\\dataconnect\": could not find dataconnect.yaml in `c:\\Users\\user\\Desktop\\EMPLEOS JESS\\dataconnect`\n"}}
[debug] [2026-08-31T17:34:43.974Z] E0831 13:34:43.973905    2480 watch.go:40] Failed to load config from "c:\\Users\\user\\Desktop\\EMPLEOS JESS\\dataconnect": could not find dataconnect.yaml in `c:\Users\user\Desktop\EMPLEOS JESS\dataconnect`
 {"metadata":{"emulator":{"name":"dataconnect"},"message":"E0831 13:34:43.973905    2480 watch.go:40] Failed to load config from \"c:\\\\Users\\\\user\\\\Desktop\\\\EMPLEOS JESS\\\\dataconnect\": could not find dataconnect.yaml in `c:\\Users\\user\\Desktop\\EMPLEOS JESS\\dataconnect`\n"}}
[debug] [2026-08-31T17:34:53.973Z] E0831 13:34:53.972859    2480 watch.go:40] Failed to load config from "c:\\Users\\user\\Desktop\\EMPLEOS JESS\\dataconnect": could not find dataconnect.yaml in `c:\Users\user\Desktop\EMPLEOS JESS\dataconnect`
 {"metadata":{"emulator":{"name":"dataconnect"},"message":"E0831 13:34:53.972859    2480 watch.go:40] Failed to load config from \"c:\\\\Users\\\\user\\\\Desktop\\\\EMPLEOS JESS\\\\dataconnect\": could not find dataconnect.yaml in `c:\\Users\\user\\Desktop\\EMPLEOS JESS\\dataconnect`\n"}}
[debug] [2026-08-31T17:35:03.973Z] E0831 13:35:03.972387    2480 watch.go:40] Failed to load config from "c:\\Users\\user\\Desktop\\EMPLEOS JESS\\dataconnect": could not find dataconnect.yaml in `c:\Users\user\Desktop\EMPLEOS JESS\dataconnect`
 {"metadata":{"emulator":{"name":"dataconnect"},"message":"E0831 13:35:03.972387    2480 watch.go:40] Failed to load config from \"c:\\\\Users\\\\user\\\\Desktop\\\\EMPLEOS JESS\\\\dataconnect\": could not find dataconnect.yaml in `c:\\Users\\user\\Desktop\\EMPLEOS JESS\\dataconnect`\n"}}
[debug] [2026-08-31T17:35:13.974Z] E0831 13:35:13.973995    2480 watch.go:40] Failed to load config from "c:\\Users\\user\\Desktop\\EMPLEOS JESS\\dataconnect": could not find dataconnect.yaml in `c:\Users\user\Desktop\EMPLEOS JESS\dataconnect`
 {"metadata":{"emulator":{"name":"dataconnect"},"message":"E0831 13:35:13.973995    2480 watch.go:40] Failed to load config from \"c:\\\\Users\\\\user\\\\Desktop\\\\EMPLEOS JESS\\\\dataconnect\": could not find dataconnect.yaml in `c:\\Users\\user\\Desktop\\EMPLEOS JESS\\dataconnect`\n"}}
[debug] [2026-08-31T17:35:23.974Z] E0831 13:35:23.973338    2480 watch.go:40] Failed to load config from "c:\\Users\\user\\Desktop\\EMPLEOS JESS\\dataconnect": could not find dataconnect.yaml in `c:\Users\user\Desktop\EMPLEOS JESS\dataconnect`
 {"metadata":{"emulator":{"name":"dataconnect"},"message":"E0831 13:35:23.973338    2480 watch.go:40] Failed to load config from \"c:\\\\Users\\\\user\\\\Desktop\\\\EMPLEOS JESS\\\\dataconnect\": could not find dataconnect.yaml in `c:\\Users\\user\\Desktop\\EMPLEOS JESS\\dataconnect`\n"}}
[debug] [2026-08-31T17:35:33.972Z] E0831 13:35:33.972101    2480 watch.go:116] watchAllDir unable to walk dir `c:\Users\user\Desktop\EMPLEOS JESS\dataconnect`: GetFileAttributesEx c:\Users\user\Desktop\EMPLEOS JESS\dataconnect: The system cannot find the file specified.
 {"metadata":{"emulator":{"name":"dataconnect"},"message":"E0831 13:35:33.972101    2480 watch.go:116] watchAllDir unable to walk dir `c:\\Users\\user\\Desktop\\EMPLEOS JESS\\dataconnect`: GetFileAttributesEx c:\\Users\\user\\Desktop\\EMPLEOS JESS\\dataconnect: The system cannot find the file specified.\n"}}
[debug] [2026-08-31T17:35:33.974Z] E0831 13:35:33.974423    2480 watch.go:40] Failed to load config from "c:\\Users\\user\\Desktop\\EMPLEOS JESS\\dataconnect": could not find dataconnect.yaml in `c:\Users\user\Desktop\EMPLEOS JESS\dataconnect`
 {"metadata":{"emulator":{"name":"dataconnect"},"message":"E0831 13:35:33.974423    2480 watch.go:40] Failed to load config from \"c:\\\\Users\\\\user\\\\Desktop\\\\EMPLEOS JESS\\\\dataconnect\": could not find dataconnect.yaml in `c:\\Users\\user\\Desktop\\EMPLEOS JESS\\dataconnect`\n"}}
[debug] [2026-08-31T17:35:43.974Z] E0831 13:35:43.973086    2480 watch.go:40] Failed to load config from "c:\\Users\\user\\Desktop\\EMPLEOS JESS\\dataconnect": could not find dataconnect.yaml in `c:\Users\user\Desktop\EMPLEOS JESS\dataconnect`
 {"metadata":{"emulator":{"name":"dataconnect"},"message":"E0831 13:35:43.973086    2480 watch.go:40] Failed to load config from \"c:\\\\Users\\\\user\\\\Desktop\\\\EMPLEOS JESS\\\\dataconnect\": could not find dataconnect.yaml in `c:\\Users\\user\\Desktop\\EMPLEOS JESS\\dataconnect`\n"}}
[debug] [2026-08-31T17:35:53.974Z] E0831 13:35:53.974010    2480 watch.go:40] Failed to load config from "c:\\Users\\user\\Desktop\\EMPLEOS JESS\\dataconnect": could not find dataconnect.yaml in `c:\Users\user\Desktop\EMPLEOS JESS\dataconnect`
 {"metadata":{"emulator":{"name":"dataconnect"},"message":"E0831 13:35:53.974010    2480 watch.go:40] Failed to load config from \"c:\\\\Users\\\\user\\\\Desktop\\\\EMPLEOS JESS\\\\dataconnect\": could not find dataconnect.yaml in `c:\\Users\\user\\Desktop\\EMPLEOS JESS\\dataconnect`\n"}}
[debug] [2026-08-31T17:36:03.974Z] E0831 13:36:03.973903    2480 watch.go:40] Failed to load config from "c:\\Users\\user\\Desktop\\EMPLEOS JESS\\dataconnect": could not find dataconnect.yaml in `c:\Users\user\Desktop\EMPLEOS JESS\dataconnect`
 {"metadata":{"emulator":{"name":"dataconnect"},"message":"E0831 13:36:03.973903    2480 watch.go:40] Failed to load config from \"c:\\\\Users\\\\user\\\\Desktop\\\\EMPLEOS JESS\\\\dataconnect\": could not find dataconnect.yaml in `c:\\Users\\user\\Desktop\\EMPLEOS JESS\\dataconnect`\n"}}
[debug] [2026-08-31T17:36:13.973Z] E0831 13:36:13.972759    2480 watch.go:40] Failed to load config from "c:\\Users\\user\\Desktop\\EMPLEOS JESS\\dataconnect": could not find dataconnect.yaml in `c:\Users\user\Desktop\EMPLEOS JESS\dataconnect`
 {"metadata":{"emulator":{"name":"dataconnect"},"message":"E0831 13:36:13.972759    2480 watch.go:40] Failed to load config from \"c:\\\\Users\\\\user\\\\Desktop\\\\EMPLEOS JESS\\\\dataconnect\": could not find dataconnect.yaml in `c:\\Users\\user\\Desktop\\EMPLEOS JESS\\dataconnect`\n"}}
[debug] [2026-08-31T17:36:23.972Z] E0831 13:36:23.973338    2480 watch.go:40] Failed to load config from "c:\\Users\\user\\Desktop\\EMPLEOS JESS\\dataconnect": could not find dataconnect.yaml in `c:\Users\user\Desktop\EMPLEOS JESS\dataconnect`
 {"metadata":{"emulator":{"name":"dataconnect"},"message":"E0831 13:36:23.973338    2480 watch.go:40] Failed to load config from \"c:\\\\Users\\\\user\\\\Desktop\\\\EMPLEOS JESS\\\\dataconnect\": could not find dataconnect.yaml in `c:\\Users\\user\\Desktop\\EMPLEOS JESS\\dataconnect`\n"}}
[debug] [2026-08-31T17:36:33.972Z] E0831 13:36:33.972181    2480 watch.go:116] watchAllDir unable to walk dir `c:\Users\user\Desktop\EMPLEOS JESS\dataconnect`: GetFileAttributesEx c:\Users\user\Desktop\EMPLEOS JESS\dataconnect: The system cannot find the file specified.
 {"metadata":{"emulator":{"name":"dataconnect"},"message":"E0831 13:36:33.972181    2480 watch.go:116] watchAllDir unable to walk dir `c:\\Users\\user\\Desktop\\EMPLEOS JESS\\dataconnect`: GetFileAttributesEx c:\\Users\\user\\Desktop\\EMPLEOS JESS\\dataconnect: The system cannot find the file specified.\n"}}
[debug] [2026-08-31T17:36:33.977Z] E0831 13:36:33.978676    2480 watch.go:40] Failed to load config from "c:\\Users\\user\\Desktop\\EMPLEOS JESS\\dataconnect": could not find dataconnect.yaml in `c:\Users\user\Desktop\EMPLEOS JESS\dataconnect`
 {"metadata":{"emulator":{"name":"dataconnect"},"message":"E0831 13:36:33.978676    2480 watch.go:40] Failed to load config from \"c:\\\\Users\\\\user\\\\Desktop\\\\EMPLEOS JESS\\\\dataconnect\": could not find dataconnect.yaml in `c:\\Users\\user\\Desktop\\EMPLEOS JESS\\dataconnect`\n"}}
[debug] [2026-08-31T17:36:43.974Z] E0831 13:36:43.975606    2480 watch.go:40] Failed to load config from "c:\\Users\\user\\Desktop\\EMPLEOS JESS\\dataconnect": could not find dataconnect.yaml in `c:\Users\user\Desktop\EMPLEOS JESS\dataconnect`
 {"metadata":{"emulator":{"name":"dataconnect"},"message":"E0831 13:36:43.975606    2480 watch.go:40] Failed to load config from \"c:\\\\Users\\\\user\\\\Desktop\\\\EMPLEOS JESS\\\\dataconnect\": could not find dataconnect.yaml in `c:\\Users\\user\\Desktop\\EMPLEOS JESS\\dataconnect`\n"}}
[debug] [2026-08-31T17:36:53.972Z] E0831 13:36:53.972918    2480 watch.go:40] Failed to load config from "c:\\Users\\user\\Desktop\\EMPLEOS JESS\\dataconnect": could not find dataconnect.yaml in `c:\Users\user\Desktop\EMPLEOS JESS\dataconnect`
 {"metadata":{"emulator":{"name":"dataconnect"},"message":"E0831 13:36:53.972918    2480 watch.go:40] Failed to load config from \"c:\\\\Users\\\\user\\\\Desktop\\\\EMPLEOS JESS\\\\dataconnect\": could not find dataconnect.yaml in `c:\\Users\\user\\Desktop\\EMPLEOS JESS\\dataconnect`\n"}}
[debug] [2026-08-31T17:37:03.972Z] E0831 13:37:03.973256    2480 watch.go:40] Failed to load config from "c:\\Users\\user\\Desktop\\EMPLEOS JESS\\dataconnect": could not find dataconnect.yaml in `c:\Users\user\Desktop\EMPLEOS JESS\dataconnect`
 {"metadata":{"emulator":{"name":"dataconnect"},"message":"E0831 13:37:03.973256    2480 watch.go:40] Failed to load config from \"c:\\\\Users\\\\user\\\\Desktop\\\\EMPLEOS JESS\\\\dataconnect\": could not find dataconnect.yaml in `c:\\Users\\user\\Desktop\\EMPLEOS JESS\\dataconnect`\n"}}
[debug] [2026-08-31T17:37:13.974Z] E0831 13:37:13.974209    2480 watch.go:40] Failed to load config from "c:\\Users\\user\\Desktop\\EMPLEOS JESS\\dataconnect": could not find dataconnect.yaml in `c:\Users\user\Desktop\EMPLEOS JESS\dataconnect`
 {"metadata":{"emulator":{"name":"dataconnect"},"message":"E0831 13:37:13.974209    2480 watch.go:40] Failed to load config from \"c:\\\\Users\\\\user\\\\Desktop\\\\EMPLEOS JESS\\\\dataconnect\": could not find dataconnect.yaml in `c:\\Users\\user\\Desktop\\EMPLEOS JESS\\dataconnect`\n"}}
[debug] [2026-08-31T17:37:23.972Z] E0831 13:37:23.972985    2480 watch.go:40] Failed to load config from "c:\\Users\\user\\Desktop\\EMPLEOS JESS\\dataconnect": could not find dataconnect.yaml in `c:\Users\user\Desktop\EMPLEOS JESS\dataconnect`
 {"metadata":{"emulator":{"name":"dataconnect"},"message":"E0831 13:37:23.972985    2480 watch.go:40] Failed to load config from \"c:\\\\Users\\\\user\\\\Desktop\\\\EMPLEOS JESS\\\\dataconnect\": could not find dataconnect.yaml in `c:\\Users\\user\\Desktop\\EMPLEOS JESS\\dataconnect`\n"}}
[debug] [2026-08-31T17:37:33.972Z] E0831 13:37:33.973047    2480 watch.go:116] watchAllDir unable to walk dir `c:\Users\user\Desktop\EMPLEOS JESS\dataconnect`: GetFileAttributesEx c:\Users\user\Desktop\EMPLEOS JESS\dataconnect: The system cannot find the file specified.
 {"metadata":{"emulator":{"name":"dataconnect"},"message":"E0831 13:37:33.973047    2480 watch.go:116] watchAllDir unable to walk dir `c:\\Users\\user\\Desktop\\EMPLEOS JESS\\dataconnect`: GetFileAttributesEx c:\\Users\\user\\Desktop\\EMPLEOS JESS\\dataconnect: The system cannot find the file specified.\n"}}
[debug] [2026-08-31T17:37:33.973Z] E0831 13:37:33.973047    2480 watch.go:40] Failed to load config from "c:\\Users\\user\\Desktop\\EMPLEOS JESS\\dataconnect": could not find dataconnect.yaml in `c:\Users\user\Desktop\EMPLEOS JESS\dataconnect`
 {"metadata":{"emulator":{"name":"dataconnect"},"message":"E0831 13:37:33.973047    2480 watch.go:40] Failed to load config from \"c:\\\\Users\\\\user\\\\Desktop\\\\EMPLEOS JESS\\\\dataconnect\": could not find dataconnect.yaml in `c:\\Users\\user\\Desktop\\EMPLEOS JESS\\dataconnect`\n"}}
[debug] [2026-08-31T17:37:44.021Z] E0831 13:37:44.020993    2480 watch.go:40] Failed to load config from "c:\\Users\\user\\Desktop\\EMPLEOS JESS\\dataconnect": could not find dataconnect.yaml in `c:\Users\user\Desktop\EMPLEOS JESS\dataconnect`
 {"metadata":{"emulator":{"name":"dataconnect"},"message":"E0831 13:37:44.020993    2480 watch.go:40] Failed to load config from \"c:\\\\Users\\\\user\\\\Desktop\\\\EMPLEOS JESS\\\\dataconnect\": could not find dataconnect.yaml in `c:\\Users\\user\\Desktop\\EMPLEOS JESS\\dataconnect`\n"}}
[debug] [2026-08-31T17:37:53.973Z] E0831 13:37:53.973761    2480 watch.go:40] Failed to load config from "c:\\Users\\user\\Desktop\\EMPLEOS JESS\\dataconnect": could not find dataconnect.yaml in `c:\Users\user\Desktop\EMPLEOS JESS\dataconnect`
 {"metadata":{"emulator":{"name":"dataconnect"},"message":"E0831 13:37:53.973761    2480 watch.go:40] Failed to load config from \"c:\\\\Users\\\\user\\\\Desktop\\\\EMPLEOS JESS\\\\dataconnect\": could not find dataconnect.yaml in `c:\\Users\\user\\Desktop\\EMPLEOS JESS\\dataconnect`\n"}}
[debug] [2026-08-31T17:38:03.973Z] E0831 13:38:03.973588    2480 watch.go:40] Failed to load config from "c:\\Users\\user\\Desktop\\EMPLEOS JESS\\dataconnect": could not find dataconnect.yaml in `c:\Users\user\Desktop\EMPLEOS JESS\dataconnect`
 {"metadata":{"emulator":{"name":"dataconnect"},"message":"E0831 13:38:03.973588    2480 watch.go:40] Failed to load config from \"c:\\\\Users\\\\user\\\\Desktop\\\\EMPLEOS JESS\\\\dataconnect\": could not find dataconnect.yaml in `c:\\Users\\user\\Desktop\\EMPLEOS JESS\\dataconnect`\n"}}
[debug] [2026-08-31T17:38:13.972Z] E0831 13:38:13.972823    2480 watch.go:40] Failed to load config from "c:\\Users\\user\\Desktop\\EMPLEOS JESS\\dataconnect": could not find dataconnect.yaml in `c:\Users\user\Desktop\EMPLEOS JESS\dataconnect`
 {"metadata":{"emulator":{"name":"dataconnect"},"message":"E0831 13:38:13.972823    2480 watch.go:40] Failed to load config from \"c:\\\\Users\\\\user\\\\Desktop\\\\EMPLEOS JESS\\\\dataconnect\": could not find dataconnect.yaml in `c:\\Users\\user\\Desktop\\EMPLEOS JESS\\dataconnect`\n"}}
[debug] [2026-08-31T17:38:23.973Z] E0831 13:38:23.973790    2480 watch.go:40] Failed to load config from "c:\\Users\\user\\Desktop\\EMPLEOS JESS\\dataconnect": could not find dataconnect.yaml in `c:\Users\user\Desktop\EMPLEOS JESS\dataconnect`
 {"metadata":{"emulator":{"name":"dataconnect"},"message":"E0831 13:38:23.973790    2480 watch.go:40] Failed to load config from \"c:\\\\Users\\\\user\\\\Desktop\\\\EMPLEOS JESS\\\\dataconnect\": could not find dataconnect.yaml in `c:\\Users\\user\\Desktop\\EMPLEOS JESS\\dataconnect`\n"}}
[debug] [2026-08-31T17:38:33.974Z] E0831 13:38:33.973912    2480 watch.go:116] watchAllDir unable to walk dir `c:\Users\user\Desktop\EMPLEOS JESS\dataconnect`: GetFileAttributesEx c:\Users\user\Desktop\EMPLEOS JESS\dataconnect: The system cannot find the file specified.
 {"metadata":{"emulator":{"name":"dataconnect"},"message":"E0831 13:38:33.973912    2480 watch.go:116] watchAllDir unable to walk dir `c:\\Users\\user\\Desktop\\EMPLEOS JESS\\dataconnect`: GetFileAttributesEx c:\\Users\\user\\Desktop\\EMPLEOS JESS\\dataconnect: The system cannot find the file specified.\n"}}
[debug] [2026-08-31T17:38:33.976Z] E0831 13:38:33.975912    2480 watch.go:40] Failed to load config from "c:\\Users\\user\\Desktop\\EMPLEOS JESS\\dataconnect": could not find dataconnect.yaml in `c:\Users\user\Desktop\EMPLEOS JESS\dataconnect`
 {"metadata":{"emulator":{"name":"dataconnect"},"message":"E0831 13:38:33.975912    2480 watch.go:40] Failed to load config from \"c:\\\\Users\\\\user\\\\Desktop\\\\EMPLEOS JESS\\\\dataconnect\": could not find dataconnect.yaml in `c:\\Users\\user\\Desktop\\EMPLEOS JESS\\dataconnect`\n"}}
[debug] [2026-08-31T17:38:44.270Z] E0831 13:38:43.989076    2480 watch.go:40] Failed to load config from "c:\\Users\\user\\Desktop\\EMPLEOS JESS\\dataconnect": could not find dataconnect.yaml in `c:\Users\user\Desktop\EMPLEOS JESS\dataconnect`
 {"metadata":{"emulator":{"name":"dataconnect"},"message":"E0831 13:38:43.989076    2480 watch.go:40] Failed to load config from \"c:\\\\Users\\\\user\\\\Desktop\\\\EMPLEOS JESS\\\\dataconnect\": could not find dataconnect.yaml in `c:\\Users\\user\\Desktop\\EMPLEOS JESS\\dataconnect`\n"}}
[debug] [2026-08-31T17:38:53.971Z] E0831 13:38:53.972321    2480 watch.go:40] Failed to load config from "c:\\Users\\user\\Desktop\\EMPLEOS JESS\\dataconnect": could not find dataconnect.yaml in `c:\Users\user\Desktop\EMPLEOS JESS\dataconnect`
 {"metadata":{"emulator":{"name":"dataconnect"},"message":"E0831 13:38:53.972321    2480 watch.go:40] Failed to load config from \"c:\\\\Users\\\\user\\\\Desktop\\\\EMPLEOS JESS\\\\dataconnect\": could not find dataconnect.yaml in `c:\\Users\\user\\Desktop\\EMPLEOS JESS\\dataconnect`\n"}}
[debug] [2026-08-31T17:39:03.971Z] E0831 13:39:03.972136    2480 watch.go:40] Failed to load config from "c:\\Users\\user\\Desktop\\EMPLEOS JESS\\dataconnect": could not find dataconnect.yaml in `c:\Users\user\Desktop\EMPLEOS JESS\dataconnect`
 {"metadata":{"emulator":{"name":"dataconnect"},"message":"E0831 13:39:03.972136    2480 watch.go:40] Failed to load config from \"c:\\\\Users\\\\user\\\\Desktop\\\\EMPLEOS JESS\\\\dataconnect\": could not find dataconnect.yaml in `c:\\Users\\user\\Desktop\\EMPLEOS JESS\\dataconnect`\n"}}
[debug] [2026-08-31T17:39:13.971Z] E0831 13:39:13.972217    2480 watch.go:40] Failed to load config from "c:\\Users\\user\\Desktop\\EMPLEOS JESS\\dataconnect": could not find dataconnect.yaml in `c:\Users\user\Desktop\EMPLEOS JESS\dataconnect`
 {"metadata":{"emulator":{"name":"dataconnect"},"message":"E0831 13:39:13.972217    2480 watch.go:40] Failed to load config from \"c:\\\\Users\\\\user\\\\Desktop\\\\EMPLEOS JESS\\\\dataconnect\": could not find dataconnect.yaml in `c:\\Users\\user\\Desktop\\EMPLEOS JESS\\dataconnect`\n"}}
[debug] [2026-08-31T17:39:23.975Z] E0831 13:39:23.975177    2480 watch.go:40] Failed to load config from "c:\\Users\\user\\Desktop\\EMPLEOS JESS\\dataconnect": could not find dataconnect.yaml in `c:\Users\user\Desktop\EMPLEOS JESS\dataconnect`
 {"metadata":{"emulator":{"name":"dataconnect"},"message":"E0831 13:39:23.975177    2480 watch.go:40] Failed to load config from \"c:\\\\Users\\\\user\\\\Desktop\\\\EMPLEOS JESS\\\\dataconnect\": could not find dataconnect.yaml in `c:\\Users\\user\\Desktop\\EMPLEOS JESS\\dataconnect`\n"}}
[debug] [2026-08-31T17:39:33.973Z] E0831 13:39:33.973799    2480 watch.go:116] watchAllDir unable to walk dir `c:\Users\user\Desktop\EMPLEOS JESS\dataconnect`: GetFileAttributesEx c:\Users\user\Desktop\EMPLEOS JESS\dataconnect: The system cannot find the file specified.
 {"metadata":{"emulator":{"name":"dataconnect"},"message":"E0831 13:39:33.973799    2480 watch.go:116] watchAllDir unable to walk dir `c:\\Users\\user\\Desktop\\EMPLEOS JESS\\dataconnect`: GetFileAttributesEx c:\\Users\\user\\Desktop\\EMPLEOS JESS\\dataconnect: The system cannot find the file specified.\n"}}
[debug] [2026-08-31T17:39:33.974Z] E0831 13:39:33.973799    2480 watch.go:40] Failed to load config from "c:\\Users\\user\\Desktop\\EMPLEOS JESS\\dataconnect": could not find dataconnect.yaml in `c:\Users\user\Desktop\EMPLEOS JESS\dataconnect`
 {"metadata":{"emulator":{"name":"dataconnect"},"message":"E0831 13:39:33.973799    2480 watch.go:40] Failed to load config from \"c:\\\\Users\\\\user\\\\Desktop\\\\EMPLEOS JESS\\\\dataconnect\": could not find dataconnect.yaml in `c:\\Users\\user\\Desktop\\EMPLEOS JESS\\dataconnect`\n"}}
[debug] [2026-08-31T17:39:43.972Z] E0831 13:39:43.972946    2480 watch.go:40] Failed to load config from "c:\\Users\\user\\Desktop\\EMPLEOS JESS\\dataconnect": could not find dataconnect.yaml in `c:\Users\user\Desktop\EMPLEOS JESS\dataconnect`
 {"metadata":{"emulator":{"name":"dataconnect"},"message":"E0831 13:39:43.972946    2480 watch.go:40] Failed to load config from \"c:\\\\Users\\\\user\\\\Desktop\\\\EMPLEOS JESS\\\\dataconnect\": could not find dataconnect.yaml in `c:\\Users\\user\\Desktop\\EMPLEOS JESS\\dataconnect`\n"}}
[debug] [2026-08-31T17:39:53.976Z] E0831 13:39:53.974690    2480 watch.go:40] Failed to load config from "c:\\Users\\user\\Desktop\\EMPLEOS JESS\\dataconnect": could not find dataconnect.yaml in `c:\Users\user\Desktop\EMPLEOS JESS\dataconnect`
 {"metadata":{"emulator":{"name":"dataconnect"},"message":"E0831 13:39:53.974690    2480 watch.go:40] Failed to load config from \"c:\\\\Users\\\\user\\\\Desktop\\\\EMPLEOS JESS\\\\dataconnect\": could not find dataconnect.yaml in `c:\\Users\\user\\Desktop\\EMPLEOS JESS\\dataconnect`\n"}}
[debug] [2026-08-31T17:40:03.974Z] E0831 13:40:03.973978    2480 watch.go:40] Failed to load config from "c:\\Users\\user\\Desktop\\EMPLEOS JESS\\dataconnect": could not find dataconnect.yaml in `c:\Users\user\Desktop\EMPLEOS JESS\dataconnect`
 {"metadata":{"emulator":{"name":"dataconnect"},"message":"E0831 13:40:03.973978    2480 watch.go:40] Failed to load config from \"c:\\\\Users\\\\user\\\\Desktop\\\\EMPLEOS JESS\\\\dataconnect\": could not find dataconnect.yaml in `c:\\Users\\user\\Desktop\\EMPLEOS JESS\\dataconnect`\n"}}
[debug] [2026-08-31T17:40:13.975Z] E0831 13:40:13.974884    2480 watch.go:40] Failed to load config from "c:\\Users\\user\\Desktop\\EMPLEOS JESS\\dataconnect": could not find dataconnect.yaml in `c:\Users\user\Desktop\EMPLEOS JESS\dataconnect`
 {"metadata":{"emulator":{"name":"dataconnect"},"message":"E0831 13:40:13.974884    2480 watch.go:40] Failed to load config from \"c:\\\\Users\\\\user\\\\Desktop\\\\EMPLEOS JESS\\\\dataconnect\": could not find dataconnect.yaml in `c:\\Users\\user\\Desktop\\EMPLEOS JESS\\dataconnect`\n"}}
[debug] [2026-08-31T17:40:23.973Z] E0831 13:40:23.973776    2480 watch.go:40] Failed to load config from "c:\\Users\\user\\Desktop\\EMPLEOS JESS\\dataconnect": could not find dataconnect.yaml in `c:\Users\user\Desktop\EMPLEOS JESS\dataconnect`
 {"metadata":{"emulator":{"name":"dataconnect"},"message":"E0831 13:40:23.973776    2480 watch.go:40] Failed to load config from \"c:\\\\Users\\\\user\\\\Desktop\\\\EMPLEOS JESS\\\\dataconnect\": could not find dataconnect.yaml in `c:\\Users\\user\\Desktop\\EMPLEOS JESS\\dataconnect`\n"}}
[debug] [2026-08-31T17:40:33.972Z] E0831 13:40:33.973686    2480 watch.go:116] watchAllDir unable to walk dir `c:\Users\user\Desktop\EMPLEOS JESS\dataconnect`: GetFileAttributesEx c:\Users\user\Desktop\EMPLEOS JESS\dataconnect: The system cannot find the file specified.
 {"metadata":{"emulator":{"name":"dataconnect"},"message":"E0831 13:40:33.973686    2480 watch.go:116] watchAllDir unable to walk dir `c:\\Users\\user\\Desktop\\EMPLEOS JESS\\dataconnect`: GetFileAttributesEx c:\\Users\\user\\Desktop\\EMPLEOS JESS\\dataconnect: The system cannot find the file specified.\n"}}
[debug] [2026-08-31T17:40:33.973Z] E0831 13:40:33.973686    2480 watch.go:40] Failed to load config from "c:\\Users\\user\\Desktop\\EMPLEOS JESS\\dataconnect": could not find dataconnect.yaml in `c:\Users\user\Desktop\EMPLEOS JESS\dataconnect`
 {"metadata":{"emulator":{"name":"dataconnect"},"message":"E0831 13:40:33.973686    2480 watch.go:40] Failed to load config from \"c:\\\\Users\\\\user\\\\Desktop\\\\EMPLEOS JESS\\\\dataconnect\": could not find dataconnect.yaml in `c:\\Users\\user\\Desktop\\EMPLEOS JESS\\dataconnect`\n"}}
[debug] [2026-08-31T17:40:43.972Z] E0831 13:40:43.972740    2480 watch.go:40] Failed to load config from "c:\\Users\\user\\Desktop\\EMPLEOS JESS\\dataconnect": could not find dataconnect.yaml in `c:\Users\user\Desktop\EMPLEOS JESS\dataconnect`
 {"metadata":{"emulator":{"name":"dataconnect"},"message":"E0831 13:40:43.972740    2480 watch.go:40] Failed to load config from \"c:\\\\Users\\\\user\\\\Desktop\\\\EMPLEOS JESS\\\\dataconnect\": could not find dataconnect.yaml in `c:\\Users\\user\\Desktop\\EMPLEOS JESS\\dataconnect`\n"}}
[debug] [2026-08-31T17:40:53.971Z] E0831 13:40:53.972362    2480 watch.go:40] Failed to load config from "c:\\Users\\user\\Desktop\\EMPLEOS JESS\\dataconnect": could not find dataconnect.yaml in `c:\Users\user\Desktop\EMPLEOS JESS\dataconnect`
 {"metadata":{"emulator":{"name":"dataconnect"},"message":"E0831 13:40:53.972362    2480 watch.go:40] Failed to load config from \"c:\\\\Users\\\\user\\\\Desktop\\\\EMPLEOS JESS\\\\dataconnect\": could not find dataconnect.yaml in `c:\\Users\\user\\Desktop\\EMPLEOS JESS\\dataconnect`\n"}}
[debug] [2026-08-31T17:41:03.972Z] E0831 13:41:03.972883    2480 watch.go:40] Failed to load config from "c:\\Users\\user\\Desktop\\EMPLEOS JESS\\dataconnect": could not find dataconnect.yaml in `c:\Users\user\Desktop\EMPLEOS JESS\dataconnect`
 {"metadata":{"emulator":{"name":"dataconnect"},"message":"E0831 13:41:03.972883    2480 watch.go:40] Failed to load config from \"c:\\\\Users\\\\user\\\\Desktop\\\\EMPLEOS JESS\\\\dataconnect\": could not find dataconnect.yaml in `c:\\Users\\user\\Desktop\\EMPLEOS JESS\\dataconnect`\n"}}
[debug] [2026-08-31T17:41:13.972Z] E0831 13:41:13.973597    2480 watch.go:40] Failed to load config from "c:\\Users\\user\\Desktop\\EMPLEOS JESS\\dataconnect": could not find dataconnect.yaml in `c:\Users\user\Desktop\EMPLEOS JESS\dataconnect`
 {"metadata":{"emulator":{"name":"dataconnect"},"message":"E0831 13:41:13.973597    2480 watch.go:40] Failed to load config from \"c:\\\\Users\\\\user\\\\Desktop\\\\EMPLEOS JESS\\\\dataconnect\": could not find dataconnect.yaml in `c:\\Users\\user\\Desktop\\EMPLEOS JESS\\dataconnect`\n"}}
[debug] [2026-08-31T17:41:23.972Z] E0831 13:41:23.973361    2480 watch.go:40] Failed to load config from "c:\\Users\\user\\Desktop\\EMPLEOS JESS\\dataconnect": could not find dataconnect.yaml in `c:\Users\user\Desktop\EMPLEOS JESS\dataconnect`
 {"metadata":{"emulator":{"name":"dataconnect"},"message":"E0831 13:41:23.973361    2480 watch.go:40] Failed to load config from \"c:\\\\Users\\\\user\\\\Desktop\\\\EMPLEOS JESS\\\\dataconnect\": could not find dataconnect.yaml in `c:\\Users\\user\\Desktop\\EMPLEOS JESS\\dataconnect`\n"}}
[debug] [2026-08-31T17:41:33.972Z] E0831 13:41:33.972426    2480 watch.go:116] watchAllDir unable to walk dir `c:\Users\user\Desktop\EMPLEOS JESS\dataconnect`: GetFileAttributesEx c:\Users\user\Desktop\EMPLEOS JESS\dataconnect: The system cannot find the file specified.
 {"metadata":{"emulator":{"name":"dataconnect"},"message":"E0831 13:41:33.972426    2480 watch.go:116] watchAllDir unable to walk dir `c:\\Users\\user\\Desktop\\EMPLEOS JESS\\dataconnect`: GetFileAttributesEx c:\\Users\\user\\Desktop\\EMPLEOS JESS\\dataconnect: The system cannot find the file specified.\n"}}
[debug] [2026-08-31T17:41:33.974Z] E0831 13:41:33.973007    2480 watch.go:40] Failed to load config from "c:\\Users\\user\\Desktop\\EMPLEOS JESS\\dataconnect": could not find dataconnect.yaml in `c:\Users\user\Desktop\EMPLEOS JESS\dataconnect`
 {"metadata":{"emulator":{"name":"dataconnect"},"message":"E0831 13:41:33.973007    2480 watch.go:40] Failed to load config from \"c:\\\\Users\\\\user\\\\Desktop\\\\EMPLEOS JESS\\\\dataconnect\": could not find dataconnect.yaml in `c:\\Users\\user\\Desktop\\EMPLEOS JESS\\dataconnect`\n"}}
[debug] [2026-08-31T17:41:43.973Z] E0831 13:41:43.973531    2480 watch.go:40] Failed to load config from "c:\\Users\\user\\Desktop\\EMPLEOS JESS\\dataconnect": could not find dataconnect.yaml in `c:\Users\user\Desktop\EMPLEOS JESS\dataconnect`
 {"metadata":{"emulator":{"name":"dataconnect"},"message":"E0831 13:41:43.973531    2480 watch.go:40] Failed to load config from \"c:\\\\Users\\\\user\\\\Desktop\\\\EMPLEOS JESS\\\\dataconnect\": could not find dataconnect.yaml in `c:\\Users\\user\\Desktop\\EMPLEOS JESS\\dataconnect`\n"}}
[debug] [2026-08-31T17:41:53.973Z] E0831 13:41:53.973063    2480 watch.go:40] Failed to load config from "c:\\Users\\user\\Desktop\\EMPLEOS JESS\\dataconnect": could not find dataconnect.yaml in `c:\Users\user\Desktop\EMPLEOS JESS\dataconnect`
 {"metadata":{"emulator":{"name":"dataconnect"},"message":"E0831 13:41:53.973063    2480 watch.go:40] Failed to load config from \"c:\\\\Users\\\\user\\\\Desktop\\\\EMPLEOS JESS\\\\dataconnect\": could not find dataconnect.yaml in `c:\\Users\\user\\Desktop\\EMPLEOS JESS\\dataconnect`\n"}}
[debug] [2026-08-31T17:42:03.974Z] E0831 13:42:03.973011    2480 watch.go:40] Failed to load config from "c:\\Users\\user\\Desktop\\EMPLEOS JESS\\dataconnect": could not find dataconnect.yaml in `c:\Users\user\Desktop\EMPLEOS JESS\dataconnect`
 {"metadata":{"emulator":{"name":"dataconnect"},"message":"E0831 13:42:03.973011    2480 watch.go:40] Failed to load config from \"c:\\\\Users\\\\user\\\\Desktop\\\\EMPLEOS JESS\\\\dataconnect\": could not find dataconnect.yaml in `c:\\Users\\user\\Desktop\\EMPLEOS JESS\\dataconnect`\n"}}
[debug] [2026-08-31T17:42:13.974Z] E0831 13:42:13.973292    2480 watch.go:40] Failed to load config from "c:\\Users\\user\\Desktop\\EMPLEOS JESS\\dataconnect": could not find dataconnect.yaml in `c:\Users\user\Desktop\EMPLEOS JESS\dataconnect`
 {"metadata":{"emulator":{"name":"dataconnect"},"message":"E0831 13:42:13.973292    2480 watch.go:40] Failed to load config from \"c:\\\\Users\\\\user\\\\Desktop\\\\EMPLEOS JESS\\\\dataconnect\": could not find dataconnect.yaml in `c:\\Users\\user\\Desktop\\EMPLEOS JESS\\dataconnect`\n"}}
[debug] [2026-08-31T17:42:23.973Z] E0831 13:42:23.972939    2480 watch.go:40] Failed to load config from "c:\\Users\\user\\Desktop\\EMPLEOS JESS\\dataconnect": could not find dataconnect.yaml in `c:\Users\user\Desktop\EMPLEOS JESS\dataconnect`
 {"metadata":{"emulator":{"name":"dataconnect"},"message":"E0831 13:42:23.972939    2480 watch.go:40] Failed to load config from \"c:\\\\Users\\\\user\\\\Desktop\\\\EMPLEOS JESS\\\\dataconnect\": could not find dataconnect.yaml in `c:\\Users\\user\\Desktop\\EMPLEOS JESS\\dataconnect`\n"}}
[debug] [2026-08-31T17:42:33.974Z] E0831 13:42:33.973661    2480 watch.go:116] watchAllDir unable to walk dir `c:\Users\user\Desktop\EMPLEOS JESS\dataconnect`: GetFileAttributesEx c:\Users\user\Desktop\EMPLEOS JESS\dataconnect: The system cannot find the file specified.
 {"metadata":{"emulator":{"name":"dataconnect"},"message":"E0831 13:42:33.973661    2480 watch.go:116] watchAllDir unable to walk dir `c:\\Users\\user\\Desktop\\EMPLEOS JESS\\dataconnect`: GetFileAttributesEx c:\\Users\\user\\Desktop\\EMPLEOS JESS\\dataconnect: The system cannot find the file specified.\n"}}
[debug] [2026-08-31T17:42:33.980Z] E0831 13:42:33.974769    2480 watch.go:40] Failed to load config from "c:\\Users\\user\\Desktop\\EMPLEOS JESS\\dataconnect": could not find dataconnect.yaml in `c:\Users\user\Desktop\EMPLEOS JESS\dataconnect`
 {"metadata":{"emulator":{"name":"dataconnect"},"message":"E0831 13:42:33.974769    2480 watch.go:40] Failed to load config from \"c:\\\\Users\\\\user\\\\Desktop\\\\EMPLEOS JESS\\\\dataconnect\": could not find dataconnect.yaml in `c:\\Users\\user\\Desktop\\EMPLEOS JESS\\dataconnect`\n"}}
[debug] [2026-08-31T17:42:43.973Z] E0831 13:42:43.973238    2480 watch.go:40] Failed to load config from "c:\\Users\\user\\Desktop\\EMPLEOS JESS\\dataconnect": could not find dataconnect.yaml in `c:\Users\user\Desktop\EMPLEOS JESS\dataconnect`
 {"metadata":{"emulator":{"name":"dataconnect"},"message":"E0831 13:42:43.973238    2480 watch.go:40] Failed to load config from \"c:\\\\Users\\\\user\\\\Desktop\\\\EMPLEOS JESS\\\\dataconnect\": could not find dataconnect.yaml in `c:\\Users\\user\\Desktop\\EMPLEOS JESS\\dataconnect`\n"}}
[debug] [2026-08-31T17:42:53.972Z] E0831 13:42:53.972317    2480 watch.go:40] Failed to load config from "c:\\Users\\user\\Desktop\\EMPLEOS JESS\\dataconnect": could not find dataconnect.yaml in `c:\Users\user\Desktop\EMPLEOS JESS\dataconnect`
 {"metadata":{"emulator":{"name":"dataconnect"},"message":"E0831 13:42:53.972317    2480 watch.go:40] Failed to load config from \"c:\\\\Users\\\\user\\\\Desktop\\\\EMPLEOS JESS\\\\dataconnect\": could not find dataconnect.yaml in `c:\\Users\\user\\Desktop\\EMPLEOS JESS\\dataconnect`\n"}}
[debug] [2026-08-31T17:43:03.974Z] E0831 13:43:03.972850    2480 watch.go:40] Failed to load config from "c:\\Users\\user\\Desktop\\EMPLEOS JESS\\dataconnect": could not find dataconnect.yaml in `c:\Users\user\Desktop\EMPLEOS JESS\dataconnect`
 {"metadata":{"emulator":{"name":"dataconnect"},"message":"E0831 13:43:03.972850    2480 watch.go:40] Failed to load config from \"c:\\\\Users\\\\user\\\\Desktop\\\\EMPLEOS JESS\\\\dataconnect\": could not find dataconnect.yaml in `c:\\Users\\user\\Desktop\\EMPLEOS JESS\\dataconnect`\n"}}
[debug] [2026-08-31T17:43:13.973Z] E0831 13:43:13.972965    2480 watch.go:40] Failed to load config from "c:\\Users\\user\\Desktop\\EMPLEOS JESS\\dataconnect": could not find dataconnect.yaml in `c:\Users\user\Desktop\EMPLEOS JESS\dataconnect`
 {"metadata":{"emulator":{"name":"dataconnect"},"message":"E0831 13:43:13.972965    2480 watch.go:40] Failed to load config from \"c:\\\\Users\\\\user\\\\Desktop\\\\EMPLEOS JESS\\\\dataconnect\": could not find dataconnect.yaml in `c:\\Users\\user\\Desktop\\EMPLEOS JESS\\dataconnect`\n"}}
[debug] [2026-08-31T17:43:23.975Z] E0831 13:43:23.974627    2480 watch.go:40] Failed to load config from "c:\\Users\\user\\Desktop\\EMPLEOS JESS\\dataconnect": could not find dataconnect.yaml in `c:\Users\user\Desktop\EMPLEOS JESS\dataconnect`
 {"metadata":{"emulator":{"name":"dataconnect"},"message":"E0831 13:43:23.974627    2480 watch.go:40] Failed to load config from \"c:\\\\Users\\\\user\\\\Desktop\\\\EMPLEOS JESS\\\\dataconnect\": could not find dataconnect.yaml in `c:\\Users\\user\\Desktop\\EMPLEOS JESS\\dataconnect`\n"}}
[debug] [2026-08-31T17:43:33.973Z] E0831 13:43:33.972856    2480 watch.go:116] watchAllDir unable to walk dir `c:\Users\user\Desktop\EMPLEOS JESS\dataconnect`: GetFileAttributesEx c:\Users\user\Desktop\EMPLEOS JESS\dataconnect: The system cannot find the file specified.
 {"metadata":{"emulator":{"name":"dataconnect"},"message":"E0831 13:43:33.972856    2480 watch.go:116] watchAllDir unable to walk dir `c:\\Users\\user\\Desktop\\EMPLEOS JESS\\dataconnect`: GetFileAttributesEx c:\\Users\\user\\Desktop\\EMPLEOS JESS\\dataconnect: The system cannot find the file specified.\n"}}
[debug] [2026-08-31T17:43:33.973Z] E0831 13:43:33.972856    2480 watch.go:40] Failed to load config from "c:\\Users\\user\\Desktop\\EMPLEOS JESS\\dataconnect": could not find dataconnect.yaml in `c:\Users\user\Desktop\EMPLEOS JESS\dataconnect`
 {"metadata":{"emulator":{"name":"dataconnect"},"message":"E0831 13:43:33.972856    2480 watch.go:40] Failed to load config from \"c:\\\\Users\\\\user\\\\Desktop\\\\EMPLEOS JESS\\\\dataconnect\": could not find dataconnect.yaml in `c:\\Users\\user\\Desktop\\EMPLEOS JESS\\dataconnect`\n"}}
[debug] [2026-08-31T17:43:43.972Z] E0831 13:43:43.973101    2480 watch.go:40] Failed to load config from "c:\\Users\\user\\Desktop\\EMPLEOS JESS\\dataconnect": could not find dataconnect.yaml in `c:\Users\user\Desktop\EMPLEOS JESS\dataconnect`
 {"metadata":{"emulator":{"name":"dataconnect"},"message":"E0831 13:43:43.973101    2480 watch.go:40] Failed to load config from \"c:\\\\Users\\\\user\\\\Desktop\\\\EMPLEOS JESS\\\\dataconnect\": could not find dataconnect.yaml in `c:\\Users\\user\\Desktop\\EMPLEOS JESS\\dataconnect`\n"}}
[debug] [2026-08-31T17:43:53.971Z] E0831 13:43:53.972567    2480 watch.go:40] Failed to load config from "c:\\Users\\user\\Desktop\\EMPLEOS JESS\\dataconnect": could not find dataconnect.yaml in `c:\Users\user\Desktop\EMPLEOS JESS\dataconnect`
 {"metadata":{"emulator":{"name":"dataconnect"},"message":"E0831 13:43:53.972567    2480 watch.go:40] Failed to load config from \"c:\\\\Users\\\\user\\\\Desktop\\\\EMPLEOS JESS\\\\dataconnect\": could not find dataconnect.yaml in `c:\\Users\\user\\Desktop\\EMPLEOS JESS\\dataconnect`\n"}}
[debug] [2026-08-31T17:44:03.972Z] E0831 13:44:03.973885    2480 watch.go:40] Failed to load config from "c:\\Users\\user\\Desktop\\EMPLEOS JESS\\dataconnect": could not find dataconnect.yaml in `c:\Users\user\Desktop\EMPLEOS JESS\dataconnect`
 {"metadata":{"emulator":{"name":"dataconnect"},"message":"E0831 13:44:03.973885    2480 watch.go:40] Failed to load config from \"c:\\\\Users\\\\user\\\\Desktop\\\\EMPLEOS JESS\\\\dataconnect\": could not find dataconnect.yaml in `c:\\Users\\user\\Desktop\\EMPLEOS JESS\\dataconnect`\n"}}
[debug] [2026-08-31T17:44:14.018Z] E0831 13:44:14.019319    2480 watch.go:40] Failed to load config from "c:\\Users\\user\\Desktop\\EMPLEOS JESS\\dataconnect": could not find dataconnect.yaml in `c:\Users\user\Desktop\EMPLEOS JESS\dataconnect`
 {"metadata":{"emulator":{"name":"dataconnect"},"message":"E0831 13:44:14.019319    2480 watch.go:40] Failed to load config from \"c:\\\\Users\\\\user\\\\Desktop\\\\EMPLEOS JESS\\\\dataconnect\": could not find dataconnect.yaml in `c:\\Users\\user\\Desktop\\EMPLEOS JESS\\dataconnect`\n"}}
[debug] [2026-08-31T17:44:23.973Z] E0831 13:44:23.973711    2480 watch.go:40] Failed to load config from "c:\\Users\\user\\Desktop\\EMPLEOS JESS\\dataconnect": could not find dataconnect.yaml in `c:\Users\user\Desktop\EMPLEOS JESS\dataconnect`
 {"metadata":{"emulator":{"name":"dataconnect"},"message":"E0831 13:44:23.973711    2480 watch.go:40] Failed to load config from \"c:\\\\Users\\\\user\\\\Desktop\\\\EMPLEOS JESS\\\\dataconnect\": could not find dataconnect.yaml in `c:\\Users\\user\\Desktop\\EMPLEOS JESS\\dataconnect`\n"}}
[debug] [2026-08-31T17:44:33.973Z] E0831 13:44:33.973556    2480 watch.go:116] watchAllDir unable to walk dir `c:\Users\user\Desktop\EMPLEOS JESS\dataconnect`: GetFileAttributesEx c:\Users\user\Desktop\EMPLEOS JESS\dataconnect: The system cannot find the file specified.
 {"metadata":{"emulator":{"name":"dataconnect"},"message":"E0831 13:44:33.973556    2480 watch.go:116] watchAllDir unable to walk dir `c:\\Users\\user\\Desktop\\EMPLEOS JESS\\dataconnect`: GetFileAttributesEx c:\\Users\\user\\Desktop\\EMPLEOS JESS\\dataconnect: The system cannot find the file specified.\n"}}
[debug] [2026-08-31T17:44:33.975Z] E0831 13:44:33.973556    2480 watch.go:40] Failed to load config from "c:\\Users\\user\\Desktop\\EMPLEOS JESS\\dataconnect": could not find dataconnect.yaml in `c:\Users\user\Desktop\EMPLEOS JESS\dataconnect`
 {"metadata":{"emulator":{"name":"dataconnect"},"message":"E0831 13:44:33.973556    2480 watch.go:40] Failed to load config from \"c:\\\\Users\\\\user\\\\Desktop\\\\EMPLEOS JESS\\\\dataconnect\": could not find dataconnect.yaml in `c:\\Users\\user\\Desktop\\EMPLEOS JESS\\dataconnect`\n"}}
[debug] [2026-08-31T17:44:43.974Z] E0831 13:44:43.974596    2480 watch.go:40] Failed to load config from "c:\\Users\\user\\Desktop\\EMPLEOS JESS\\dataconnect": could not find dataconnect.yaml in `c:\Users\user\Desktop\EMPLEOS JESS\dataconnect`
 {"metadata":{"emulator":{"name":"dataconnect"},"message":"E0831 13:44:43.974596    2480 watch.go:40] Failed to load config from \"c:\\\\Users\\\\user\\\\Desktop\\\\EMPLEOS JESS\\\\dataconnect\": could not find dataconnect.yaml in `c:\\Users\\user\\Desktop\\EMPLEOS JESS\\dataconnect`\n"}}
[debug] [2026-08-31T17:44:53.972Z] E0831 13:44:53.972764    2480 watch.go:40] Failed to load config from "c:\\Users\\user\\Desktop\\EMPLEOS JESS\\dataconnect": could not find dataconnect.yaml in `c:\Users\user\Desktop\EMPLEOS JESS\dataconnect`
 {"metadata":{"emulator":{"name":"dataconnect"},"message":"E0831 13:44:53.972764    2480 watch.go:40] Failed to load config from \"c:\\\\Users\\\\user\\\\Desktop\\\\EMPLEOS JESS\\\\dataconnect\": could not find dataconnect.yaml in `c:\\Users\\user\\Desktop\\EMPLEOS JESS\\dataconnect`\n"}}
[debug] [2026-08-31T17:45:03.972Z] E0831 13:45:03.973482    2480 watch.go:40] Failed to load config from "c:\\Users\\user\\Desktop\\EMPLEOS JESS\\dataconnect": could not find dataconnect.yaml in `c:\Users\user\Desktop\EMPLEOS JESS\dataconnect`
 {"metadata":{"emulator":{"name":"dataconnect"},"message":"E0831 13:45:03.973482    2480 watch.go:40] Failed to load config from \"c:\\\\Users\\\\user\\\\Desktop\\\\EMPLEOS JESS\\\\dataconnect\": could not find dataconnect.yaml in `c:\\Users\\user\\Desktop\\EMPLEOS JESS\\dataconnect`\n"}}
[debug] [2026-08-31T17:45:13.971Z] E0831 13:45:13.972453    2480 watch.go:40] Failed to load config from "c:\\Users\\user\\Desktop\\EMPLEOS JESS\\dataconnect": could not find dataconnect.yaml in `c:\Users\user\Desktop\EMPLEOS JESS\dataconnect`
 {"metadata":{"emulator":{"name":"dataconnect"},"message":"E0831 13:45:13.972453    2480 watch.go:40] Failed to load config from \"c:\\\\Users\\\\user\\\\Desktop\\\\EMPLEOS JESS\\\\dataconnect\": could not find dataconnect.yaml in `c:\\Users\\user\\Desktop\\EMPLEOS JESS\\dataconnect`\n"}}
[debug] [2026-08-31T17:45:23.971Z] E0831 13:45:23.972191    2480 watch.go:40] Failed to load config from "c:\\Users\\user\\Desktop\\EMPLEOS JESS\\dataconnect": could not find dataconnect.yaml in `c:\Users\user\Desktop\EMPLEOS JESS\dataconnect`
 {"metadata":{"emulator":{"name":"dataconnect"},"message":"E0831 13:45:23.972191    2480 watch.go:40] Failed to load config from \"c:\\\\Users\\\\user\\\\Desktop\\\\EMPLEOS JESS\\\\dataconnect\": could not find dataconnect.yaml in `c:\\Users\\user\\Desktop\\EMPLEOS JESS\\dataconnect`\n"}}
[debug] [2026-08-31T17:45:33.971Z] E0831 13:45:33.972290    2480 watch.go:116] watchAllDir unable to walk dir `c:\Users\user\Desktop\EMPLEOS JESS\dataconnect`: GetFileAttributesEx c:\Users\user\Desktop\EMPLEOS JESS\dataconnect: The system cannot find the file specified.
 {"metadata":{"emulator":{"name":"dataconnect"},"message":"E0831 13:45:33.972290    2480 watch.go:116] watchAllDir unable to walk dir `c:\\Users\\user\\Desktop\\EMPLEOS JESS\\dataconnect`: GetFileAttributesEx c:\\Users\\user\\Desktop\\EMPLEOS JESS\\dataconnect: The system cannot find the file specified.\n"}}
[debug] [2026-08-31T17:45:33.975Z] E0831 13:45:33.973296    2480 watch.go:40] Failed to load config from "c:\\Users\\user\\Desktop\\EMPLEOS JESS\\dataconnect": could not find dataconnect.yaml in `c:\Users\user\Desktop\EMPLEOS JESS\dataconnect`
 {"metadata":{"emulator":{"name":"dataconnect"},"message":"E0831 13:45:33.973296    2480 watch.go:40] Failed to load config from \"c:\\\\Users\\\\user\\\\Desktop\\\\EMPLEOS JESS\\\\dataconnect\": could not find dataconnect.yaml in `c:\\Users\\user\\Desktop\\EMPLEOS JESS\\dataconnect`\n"}}
[debug] [2026-08-31T17:45:43.974Z] E0831 13:45:43.973688    2480 watch.go:40] Failed to load config from "c:\\Users\\user\\Desktop\\EMPLEOS JESS\\dataconnect": could not find dataconnect.yaml in `c:\Users\user\Desktop\EMPLEOS JESS\dataconnect`
 {"metadata":{"emulator":{"name":"dataconnect"},"message":"E0831 13:45:43.973688    2480 watch.go:40] Failed to load config from \"c:\\\\Users\\\\user\\\\Desktop\\\\EMPLEOS JESS\\\\dataconnect\": could not find dataconnect.yaml in `c:\\Users\\user\\Desktop\\EMPLEOS JESS\\dataconnect`\n"}}
[debug] [2026-08-31T17:45:53.974Z] E0831 13:45:53.974143    2480 watch.go:40] Failed to load config from "c:\\Users\\user\\Desktop\\EMPLEOS JESS\\dataconnect": could not find dataconnect.yaml in `c:\Users\user\Desktop\EMPLEOS JESS\dataconnect`
 {"metadata":{"emulator":{"name":"dataconnect"},"message":"E0831 13:45:53.974143    2480 watch.go:40] Failed to load config from \"c:\\\\Users\\\\user\\\\Desktop\\\\EMPLEOS JESS\\\\dataconnect\": could not find dataconnect.yaml in `c:\\Users\\user\\Desktop\\EMPLEOS JESS\\dataconnect`\n"}}
[debug] [2026-08-31T17:46:03.975Z] E0831 13:46:03.975202    2480 watch.go:40] Failed to load config from "c:\\Users\\user\\Desktop\\EMPLEOS JESS\\dataconnect": could not find dataconnect.yaml in `c:\Users\user\Desktop\EMPLEOS JESS\dataconnect`
 {"metadata":{"emulator":{"name":"dataconnect"},"message":"E0831 13:46:03.975202    2480 watch.go:40] Failed to load config from \"c:\\\\Users\\\\user\\\\Desktop\\\\EMPLEOS JESS\\\\dataconnect\": could not find dataconnect.yaml in `c:\\Users\\user\\Desktop\\EMPLEOS JESS\\dataconnect`\n"}}
[debug] [2026-08-31T17:46:13.973Z] E0831 13:46:13.973867    2480 watch.go:40] Failed to load config from "c:\\Users\\user\\Desktop\\EMPLEOS JESS\\dataconnect": could not find dataconnect.yaml in `c:\Users\user\Desktop\EMPLEOS JESS\dataconnect`
 {"metadata":{"emulator":{"name":"dataconnect"},"message":"E0831 13:46:13.973867    2480 watch.go:40] Failed to load config from \"c:\\\\Users\\\\user\\\\Desktop\\\\EMPLEOS JESS\\\\dataconnect\": could not find dataconnect.yaml in `c:\\Users\\user\\Desktop\\EMPLEOS JESS\\dataconnect`\n"}}
[debug] [2026-08-31T17:46:23.976Z] E0831 13:46:23.975724    2480 watch.go:40] Failed to load config from "c:\\Users\\user\\Desktop\\EMPLEOS JESS\\dataconnect": could not find dataconnect.yaml in `c:\Users\user\Desktop\EMPLEOS JESS\dataconnect`
 {"metadata":{"emulator":{"name":"dataconnect"},"message":"E0831 13:46:23.975724    2480 watch.go:40] Failed to load config from \"c:\\\\Users\\\\user\\\\Desktop\\\\EMPLEOS JESS\\\\dataconnect\": could not find dataconnect.yaml in `c:\\Users\\user\\Desktop\\EMPLEOS JESS\\dataconnect`\n"}}
[debug] [2026-08-31T17:46:33.973Z] E0831 13:46:33.973031    2480 watch.go:116] watchAllDir unable to walk dir `c:\Users\user\Desktop\EMPLEOS JESS\dataconnect`: GetFileAttributesEx c:\Users\user\Desktop\EMPLEOS JESS\dataconnect: The system cannot find the file specified.
 {"metadata":{"emulator":{"name":"dataconnect"},"message":"E0831 13:46:33.973031    2480 watch.go:116] watchAllDir unable to walk dir `c:\\Users\\user\\Desktop\\EMPLEOS JESS\\dataconnect`: GetFileAttributesEx c:\\Users\\user\\Desktop\\EMPLEOS JESS\\dataconnect: The system cannot find the file specified.\n"}}
[debug] [2026-08-31T17:46:33.974Z] E0831 13:46:33.974271    2480 watch.go:40] Failed to load config from "c:\\Users\\user\\Desktop\\EMPLEOS JESS\\dataconnect": could not find dataconnect.yaml in `c:\Users\user\Desktop\EMPLEOS JESS\dataconnect`
 {"metadata":{"emulator":{"name":"dataconnect"},"message":"E0831 13:46:33.974271    2480 watch.go:40] Failed to load config from \"c:\\\\Users\\\\user\\\\Desktop\\\\EMPLEOS JESS\\\\dataconnect\": could not find dataconnect.yaml in `c:\\Users\\user\\Desktop\\EMPLEOS JESS\\dataconnect`\n"}}
[debug] [2026-08-31T17:46:43.973Z] E0831 13:46:43.973910    2480 watch.go:40] Failed to load config from "c:\\Users\\user\\Desktop\\EMPLEOS JESS\\dataconnect": could not find dataconnect.yaml in `c:\Users\user\Desktop\EMPLEOS JESS\dataconnect`
 {"metadata":{"emulator":{"name":"dataconnect"},"message":"E0831 13:46:43.973910    2480 watch.go:40] Failed to load config from \"c:\\\\Users\\\\user\\\\Desktop\\\\EMPLEOS JESS\\\\dataconnect\": could not find dataconnect.yaml in `c:\\Users\\user\\Desktop\\EMPLEOS JESS\\dataconnect`\n"}}
[debug] [2026-08-31T17:46:53.973Z] E0831 13:46:53.973945    2480 watch.go:40] Failed to load config from "c:\\Users\\user\\Desktop\\EMPLEOS JESS\\dataconnect": could not find dataconnect.yaml in `c:\Users\user\Desktop\EMPLEOS JESS\dataconnect`
 {"metadata":{"emulator":{"name":"dataconnect"},"message":"E0831 13:46:53.973945    2480 watch.go:40] Failed to load config from \"c:\\\\Users\\\\user\\\\Desktop\\\\EMPLEOS JESS\\\\dataconnect\": could not find dataconnect.yaml in `c:\\Users\\user\\Desktop\\EMPLEOS JESS\\dataconnect`\n"}}
[debug] [2026-08-31T17:47:03.971Z] E0831 13:47:03.972275    2480 watch.go:40] Failed to load config from "c:\\Users\\user\\Desktop\\EMPLEOS JESS\\dataconnect": could not find dataconnect.yaml in `c:\Users\user\Desktop\EMPLEOS JESS\dataconnect`
 {"metadata":{"emulator":{"name":"dataconnect"},"message":"E0831 13:47:03.972275    2480 watch.go:40] Failed to load config from \"c:\\\\Users\\\\user\\\\Desktop\\\\EMPLEOS JESS\\\\dataconnect\": could not find dataconnect.yaml in `c:\\Users\\user\\Desktop\\EMPLEOS JESS\\dataconnect`\n"}}
[debug] [2026-08-31T17:47:13.972Z] E0831 13:47:13.972871    2480 watch.go:40] Failed to load config from "c:\\Users\\user\\Desktop\\EMPLEOS JESS\\dataconnect": could not find dataconnect.yaml in `c:\Users\user\Desktop\EMPLEOS JESS\dataconnect`
 {"metadata":{"emulator":{"name":"dataconnect"},"message":"E0831 13:47:13.972871    2480 watch.go:40] Failed to load config from \"c:\\\\Users\\\\user\\\\Desktop\\\\EMPLEOS JESS\\\\dataconnect\": could not find dataconnect.yaml in `c:\\Users\\user\\Desktop\\EMPLEOS JESS\\dataconnect`\n"}}
[debug] [2026-08-31T17:47:23.973Z] E0831 13:47:23.973929    2480 watch.go:40] Failed to load config from "c:\\Users\\user\\Desktop\\EMPLEOS JESS\\dataconnect": could not find dataconnect.yaml in `c:\Users\user\Desktop\EMPLEOS JESS\dataconnect`
 {"metadata":{"emulator":{"name":"dataconnect"},"message":"E0831 13:47:23.973929    2480 watch.go:40] Failed to load config from \"c:\\\\Users\\\\user\\\\Desktop\\\\EMPLEOS JESS\\\\dataconnect\": could not find dataconnect.yaml in `c:\\Users\\user\\Desktop\\EMPLEOS JESS\\dataconnect`\n"}}
[debug] [2026-08-31T17:47:33.998Z] E0831 13:47:33.998488    2480 watch.go:116] watchAllDir unable to walk dir `c:\Users\user\Desktop\EMPLEOS JESS\dataconnect`: GetFileAttributesEx c:\Users\user\Desktop\EMPLEOS JESS\dataconnect: The system cannot find the file specified.
 {"metadata":{"emulator":{"name":"dataconnect"},"message":"E0831 13:47:33.998488    2480 watch.go:116] watchAllDir unable to walk dir `c:\\Users\\user\\Desktop\\EMPLEOS JESS\\dataconnect`: GetFileAttributesEx c:\\Users\\user\\Desktop\\EMPLEOS JESS\\dataconnect: The system cannot find the file specified.\n"}}
[debug] [2026-08-31T17:47:34.000Z] E0831 13:47:34.000482    2480 watch.go:40] Failed to load config from "c:\\Users\\user\\Desktop\\EMPLEOS JESS\\dataconnect": could not find dataconnect.yaml in `c:\Users\user\Desktop\EMPLEOS JESS\dataconnect`
 {"metadata":{"emulator":{"name":"dataconnect"},"message":"E0831 13:47:34.000482    2480 watch.go:40] Failed to load config from \"c:\\\\Users\\\\user\\\\Desktop\\\\EMPLEOS JESS\\\\dataconnect\": could not find dataconnect.yaml in `c:\\Users\\user\\Desktop\\EMPLEOS JESS\\dataconnect`\n"}}
[debug] [2026-08-31T17:47:43.973Z] E0831 13:47:43.973524    2480 watch.go:40] Failed to load config from "c:\\Users\\user\\Desktop\\EMPLEOS JESS\\dataconnect": could not find dataconnect.yaml in `c:\Users\user\Desktop\EMPLEOS JESS\dataconnect`
 {"metadata":{"emulator":{"name":"dataconnect"},"message":"E0831 13:47:43.973524    2480 watch.go:40] Failed to load config from \"c:\\\\Users\\\\user\\\\Desktop\\\\EMPLEOS JESS\\\\dataconnect\": could not find dataconnect.yaml in `c:\\Users\\user\\Desktop\\EMPLEOS JESS\\dataconnect`\n"}}
[debug] [2026-08-31T17:47:53.986Z] E0831 13:47:53.985831    2480 watch.go:40] Failed to load config from "c:\\Users\\user\\Desktop\\EMPLEOS JESS\\dataconnect": could not find dataconnect.yaml in `c:\Users\user\Desktop\EMPLEOS JESS\dataconnect`
 {"metadata":{"emulator":{"name":"dataconnect"},"message":"E0831 13:47:53.985831    2480 watch.go:40] Failed to load config from \"c:\\\\Users\\\\user\\\\Desktop\\\\EMPLEOS JESS\\\\dataconnect\": could not find dataconnect.yaml in `c:\\Users\\user\\Desktop\\EMPLEOS JESS\\dataconnect`\n"}}
[debug] [2026-08-31T17:48:03.979Z] E0831 13:48:03.979148    2480 watch.go:40] Failed to load config from "c:\\Users\\user\\Desktop\\EMPLEOS JESS\\dataconnect": could not find dataconnect.yaml in `c:\Users\user\Desktop\EMPLEOS JESS\dataconnect`
 {"metadata":{"emulator":{"name":"dataconnect"},"message":"E0831 13:48:03.979148    2480 watch.go:40] Failed to load config from \"c:\\\\Users\\\\user\\\\Desktop\\\\EMPLEOS JESS\\\\dataconnect\": could not find dataconnect.yaml in `c:\\Users\\user\\Desktop\\EMPLEOS JESS\\dataconnect`\n"}}
[debug] [2026-08-31T17:48:13.987Z] E0831 13:48:13.987079    2480 watch.go:40] Failed to load config from "c:\\Users\\user\\Desktop\\EMPLEOS JESS\\dataconnect": could not find dataconnect.yaml in `c:\Users\user\Desktop\EMPLEOS JESS\dataconnect`
 {"metadata":{"emulator":{"name":"dataconnect"},"message":"E0831 13:48:13.987079    2480 watch.go:40] Failed to load config from \"c:\\\\Users\\\\user\\\\Desktop\\\\EMPLEOS JESS\\\\dataconnect\": could not find dataconnect.yaml in `c:\\Users\\user\\Desktop\\EMPLEOS JESS\\dataconnect`\n"}}
[debug] [2026-08-31T17:48:23.972Z] E0831 13:48:23.972489    2480 watch.go:40] Failed to load config from "c:\\Users\\user\\Desktop\\EMPLEOS JESS\\dataconnect": could not find dataconnect.yaml in `c:\Users\user\Desktop\EMPLEOS JESS\dataconnect`
 {"metadata":{"emulator":{"name":"dataconnect"},"message":"E0831 13:48:23.972489    2480 watch.go:40] Failed to load config from \"c:\\\\Users\\\\user\\\\Desktop\\\\EMPLEOS JESS\\\\dataconnect\": could not find dataconnect.yaml in `c:\\Users\\user\\Desktop\\EMPLEOS JESS\\dataconnect`\n"}}
[debug] [2026-08-31T17:48:33.974Z] E0831 13:48:33.974720    2480 watch.go:116] watchAllDir unable to walk dir `c:\Users\user\Desktop\EMPLEOS JESS\dataconnect`: GetFileAttributesEx c:\Users\user\Desktop\EMPLEOS JESS\dataconnect: The system cannot find the file specified.
 {"metadata":{"emulator":{"name":"dataconnect"},"message":"E0831 13:48:33.974720    2480 watch.go:116] watchAllDir unable to walk dir `c:\\Users\\user\\Desktop\\EMPLEOS JESS\\dataconnect`: GetFileAttributesEx c:\\Users\\user\\Desktop\\EMPLEOS JESS\\dataconnect: The system cannot find the file specified.\n"}}
[debug] [2026-08-31T17:48:33.977Z] E0831 13:48:33.976713    2480 watch.go:40] Failed to load config from "c:\\Users\\user\\Desktop\\EMPLEOS JESS\\dataconnect": could not find dataconnect.yaml in `c:\Users\user\Desktop\EMPLEOS JESS\dataconnect`
 {"metadata":{"emulator":{"name":"dataconnect"},"message":"E0831 13:48:33.976713    2480 watch.go:40] Failed to load config from \"c:\\\\Users\\\\user\\\\Desktop\\\\EMPLEOS JESS\\\\dataconnect\": could not find dataconnect.yaml in `c:\\Users\\user\\Desktop\\EMPLEOS JESS\\dataconnect`\n"}}
[debug] [2026-08-31T17:48:43.974Z] E0831 13:48:43.973714    2480 watch.go:40] Failed to load config from "c:\\Users\\user\\Desktop\\EMPLEOS JESS\\dataconnect": could not find dataconnect.yaml in `c:\Users\user\Desktop\EMPLEOS JESS\dataconnect`
 {"metadata":{"emulator":{"name":"dataconnect"},"message":"E0831 13:48:43.973714    2480 watch.go:40] Failed to load config from \"c:\\\\Users\\\\user\\\\Desktop\\\\EMPLEOS JESS\\\\dataconnect\": could not find dataconnect.yaml in `c:\\Users\\user\\Desktop\\EMPLEOS JESS\\dataconnect`\n"}}
[debug] [2026-08-31T17:48:53.973Z] E0831 13:48:53.973106    2480 watch.go:40] Failed to load config from "c:\\Users\\user\\Desktop\\EMPLEOS JESS\\dataconnect": could not find dataconnect.yaml in `c:\Users\user\Desktop\EMPLEOS JESS\dataconnect`
 {"metadata":{"emulator":{"name":"dataconnect"},"message":"E0831 13:48:53.973106    2480 watch.go:40] Failed to load config from \"c:\\\\Users\\\\user\\\\Desktop\\\\EMPLEOS JESS\\\\dataconnect\": could not find dataconnect.yaml in `c:\\Users\\user\\Desktop\\EMPLEOS JESS\\dataconnect`\n"}}
[debug] [2026-08-31T17:49:03.974Z] E0831 13:49:03.974362    2480 watch.go:40] Failed to load config from "c:\\Users\\user\\Desktop\\EMPLEOS JESS\\dataconnect": could not find dataconnect.yaml in `c:\Users\user\Desktop\EMPLEOS JESS\dataconnect`
 {"metadata":{"emulator":{"name":"dataconnect"},"message":"E0831 13:49:03.974362    2480 watch.go:40] Failed to load config from \"c:\\\\Users\\\\user\\\\Desktop\\\\EMPLEOS JESS\\\\dataconnect\": could not find dataconnect.yaml in `c:\\Users\\user\\Desktop\\EMPLEOS JESS\\dataconnect`\n"}}
[debug] [2026-08-31T17:49:13.973Z] E0831 13:49:13.972822    2480 watch.go:40] Failed to load config from "c:\\Users\\user\\Desktop\\EMPLEOS JESS\\dataconnect": could not find dataconnect.yaml in `c:\Users\user\Desktop\EMPLEOS JESS\dataconnect`
 {"metadata":{"emulator":{"name":"dataconnect"},"message":"E0831 13:49:13.972822    2480 watch.go:40] Failed to load config from \"c:\\\\Users\\\\user\\\\Desktop\\\\EMPLEOS JESS\\\\dataconnect\": could not find dataconnect.yaml in `c:\\Users\\user\\Desktop\\EMPLEOS JESS\\dataconnect`\n"}}
[debug] [2026-08-31T17:49:23.972Z] E0831 13:49:23.972224    2480 watch.go:40] Failed to load config from "c:\\Users\\user\\Desktop\\EMPLEOS JESS\\dataconnect": could not find dataconnect.yaml in `c:\Users\user\Desktop\EMPLEOS JESS\dataconnect`
 {"metadata":{"emulator":{"name":"dataconnect"},"message":"E0831 13:49:23.972224    2480 watch.go:40] Failed to load config from \"c:\\\\Users\\\\user\\\\Desktop\\\\EMPLEOS JESS\\\\dataconnect\": could not find dataconnect.yaml in `c:\\Users\\user\\Desktop\\EMPLEOS JESS\\dataconnect`\n"}}
[debug] [2026-08-31T17:49:33.973Z] E0831 13:49:33.972640    2480 watch.go:116] watchAllDir unable to walk dir `c:\Users\user\Desktop\EMPLEOS JESS\dataconnect`: GetFileAttributesEx c:\Users\user\Desktop\EMPLEOS JESS\dataconnect: The system cannot find the file specified.
 {"metadata":{"emulator":{"name":"dataconnect"},"message":"E0831 13:49:33.972640    2480 watch.go:116] watchAllDir unable to walk dir `c:\\Users\\user\\Desktop\\EMPLEOS JESS\\dataconnect`: GetFileAttributesEx c:\\Users\\user\\Desktop\\EMPLEOS JESS\\dataconnect: The system cannot find the file specified.\n"}}
[debug] [2026-08-31T17:49:33.983Z] E0831 13:49:33.975487    2480 watch.go:40] Failed to load config from "c:\\Users\\user\\Desktop\\EMPLEOS JESS\\dataconnect": could not find dataconnect.yaml in `c:\Users\user\Desktop\EMPLEOS JESS\dataconnect`
 {"metadata":{"emulator":{"name":"dataconnect"},"message":"E0831 13:49:33.975487    2480 watch.go:40] Failed to load config from \"c:\\\\Users\\\\user\\\\Desktop\\\\EMPLEOS JESS\\\\dataconnect\": could not find dataconnect.yaml in `c:\\Users\\user\\Desktop\\EMPLEOS JESS\\dataconnect`\n"}}
[debug] [2026-08-31T17:49:43.974Z] E0831 13:49:43.973354    2480 watch.go:40] Failed to load config from "c:\\Users\\user\\Desktop\\EMPLEOS JESS\\dataconnect": could not find dataconnect.yaml in `c:\Users\user\Desktop\EMPLEOS JESS\dataconnect`
 {"metadata":{"emulator":{"name":"dataconnect"},"message":"E0831 13:49:43.973354    2480 watch.go:40] Failed to load config from \"c:\\\\Users\\\\user\\\\Desktop\\\\EMPLEOS JESS\\\\dataconnect\": could not find dataconnect.yaml in `c:\\Users\\user\\Desktop\\EMPLEOS JESS\\dataconnect`\n"}}
[debug] [2026-08-31T17:49:53.974Z] E0831 13:49:53.973098    2480 watch.go:40] Failed to load config from "c:\\Users\\user\\Desktop\\EMPLEOS JESS\\dataconnect": could not find dataconnect.yaml in `c:\Users\user\Desktop\EMPLEOS JESS\dataconnect`
 {"metadata":{"emulator":{"name":"dataconnect"},"message":"E0831 13:49:53.973098    2480 watch.go:40] Failed to load config from \"c:\\\\Users\\\\user\\\\Desktop\\\\EMPLEOS JESS\\\\dataconnect\": could not find dataconnect.yaml in `c:\\Users\\user\\Desktop\\EMPLEOS JESS\\dataconnect`\n"}}
[debug] [2026-08-31T17:50:03.973Z] E0831 13:50:03.973490    2480 watch.go:40] Failed to load config from "c:\\Users\\user\\Desktop\\EMPLEOS JESS\\dataconnect": could not find dataconnect.yaml in `c:\Users\user\Desktop\EMPLEOS JESS\dataconnect`
 {"metadata":{"emulator":{"name":"dataconnect"},"message":"E0831 13:50:03.973490    2480 watch.go:40] Failed to load config from \"c:\\\\Users\\\\user\\\\Desktop\\\\EMPLEOS JESS\\\\dataconnect\": could not find dataconnect.yaml in `c:\\Users\\user\\Desktop\\EMPLEOS JESS\\dataconnect`\n"}}
[debug] [2026-08-31T17:50:13.975Z] E0831 13:50:13.975197    2480 watch.go:40] Failed to load config from "c:\\Users\\user\\Desktop\\EMPLEOS JESS\\dataconnect": could not find dataconnect.yaml in `c:\Users\user\Desktop\EMPLEOS JESS\dataconnect`
 {"metadata":{"emulator":{"name":"dataconnect"},"message":"E0831 13:50:13.975197    2480 watch.go:40] Failed to load config from \"c:\\\\Users\\\\user\\\\Desktop\\\\EMPLEOS JESS\\\\dataconnect\": could not find dataconnect.yaml in `c:\\Users\\user\\Desktop\\EMPLEOS JESS\\dataconnect`\n"}}
[debug] [2026-08-31T17:50:23.972Z] E0831 13:50:23.972205    2480 watch.go:40] Failed to load config from "c:\\Users\\user\\Desktop\\EMPLEOS JESS\\dataconnect": could not find dataconnect.yaml in `c:\Users\user\Desktop\EMPLEOS JESS\dataconnect`
 {"metadata":{"emulator":{"name":"dataconnect"},"message":"E0831 13:50:23.972205    2480 watch.go:40] Failed to load config from \"c:\\\\Users\\\\user\\\\Desktop\\\\EMPLEOS JESS\\\\dataconnect\": could not find dataconnect.yaml in `c:\\Users\\user\\Desktop\\EMPLEOS JESS\\dataconnect`\n"}}
[debug] [2026-08-31T17:50:33.973Z] E0831 13:50:33.972427    2480 watch.go:116] watchAllDir unable to walk dir `c:\Users\user\Desktop\EMPLEOS JESS\dataconnect`: GetFileAttributesEx c:\Users\user\Desktop\EMPLEOS JESS\dataconnect: The system cannot find the file specified.
 {"metadata":{"emulator":{"name":"dataconnect"},"message":"E0831 13:50:33.972427    2480 watch.go:116] watchAllDir unable to walk dir `c:\\Users\\user\\Desktop\\EMPLEOS JESS\\dataconnect`: GetFileAttributesEx c:\\Users\\user\\Desktop\\EMPLEOS JESS\\dataconnect: The system cannot find the file specified.\n"}}
[debug] [2026-08-31T17:50:33.975Z] E0831 13:50:33.973435    2480 watch.go:40] Failed to load config from "c:\\Users\\user\\Desktop\\EMPLEOS JESS\\dataconnect": could not find dataconnect.yaml in `c:\Users\user\Desktop\EMPLEOS JESS\dataconnect`
 {"metadata":{"emulator":{"name":"dataconnect"},"message":"E0831 13:50:33.973435    2480 watch.go:40] Failed to load config from \"c:\\\\Users\\\\user\\\\Desktop\\\\EMPLEOS JESS\\\\dataconnect\": could not find dataconnect.yaml in `c:\\Users\\user\\Desktop\\EMPLEOS JESS\\dataconnect`\n"}}
[debug] [2026-08-31T17:50:43.989Z] E0831 13:50:43.988687    2480 watch.go:40] Failed to load config from "c:\\Users\\user\\Desktop\\EMPLEOS JESS\\dataconnect": could not find dataconnect.yaml in `c:\Users\user\Desktop\EMPLEOS JESS\dataconnect`
 {"metadata":{"emulator":{"name":"dataconnect"},"message":"E0831 13:50:43.988687    2480 watch.go:40] Failed to load config from \"c:\\\\Users\\\\user\\\\Desktop\\\\EMPLEOS JESS\\\\dataconnect\": could not find dataconnect.yaml in `c:\\Users\\user\\Desktop\\EMPLEOS JESS\\dataconnect`\n"}}
[debug] [2026-08-31T17:50:53.974Z] E0831 13:50:53.973848    2480 watch.go:40] Failed to load config from "c:\\Users\\user\\Desktop\\EMPLEOS JESS\\dataconnect": could not find dataconnect.yaml in `c:\Users\user\Desktop\EMPLEOS JESS\dataconnect`
 {"metadata":{"emulator":{"name":"dataconnect"},"message":"E0831 13:50:53.973848    2480 watch.go:40] Failed to load config from \"c:\\\\Users\\\\user\\\\Desktop\\\\EMPLEOS JESS\\\\dataconnect\": could not find dataconnect.yaml in `c:\\Users\\user\\Desktop\\EMPLEOS JESS\\dataconnect`\n"}}
[debug] [2026-08-31T17:51:03.974Z] E0831 13:51:03.972679    2480 watch.go:40] Failed to load config from "c:\\Users\\user\\Desktop\\EMPLEOS JESS\\dataconnect": could not find dataconnect.yaml in `c:\Users\user\Desktop\EMPLEOS JESS\dataconnect`
 {"metadata":{"emulator":{"name":"dataconnect"},"message":"E0831 13:51:03.972679    2480 watch.go:40] Failed to load config from \"c:\\\\Users\\\\user\\\\Desktop\\\\EMPLEOS JESS\\\\dataconnect\": could not find dataconnect.yaml in `c:\\Users\\user\\Desktop\\EMPLEOS JESS\\dataconnect`\n"}}
[debug] [2026-08-31T17:51:13.974Z] E0831 13:51:13.973788    2480 watch.go:40] Failed to load config from "c:\\Users\\user\\Desktop\\EMPLEOS JESS\\dataconnect": could not find dataconnect.yaml in `c:\Users\user\Desktop\EMPLEOS JESS\dataconnect`
 {"metadata":{"emulator":{"name":"dataconnect"},"message":"E0831 13:51:13.973788    2480 watch.go:40] Failed to load config from \"c:\\\\Users\\\\user\\\\Desktop\\\\EMPLEOS JESS\\\\dataconnect\": could not find dataconnect.yaml in `c:\\Users\\user\\Desktop\\EMPLEOS JESS\\dataconnect`\n"}}
[debug] [2026-08-31T17:51:23.973Z] E0831 13:51:23.973466    2480 watch.go:40] Failed to load config from "c:\\Users\\user\\Desktop\\EMPLEOS JESS\\dataconnect": could not find dataconnect.yaml in `c:\Users\user\Desktop\EMPLEOS JESS\dataconnect`
 {"metadata":{"emulator":{"name":"dataconnect"},"message":"E0831 13:51:23.973466    2480 watch.go:40] Failed to load config from \"c:\\\\Users\\\\user\\\\Desktop\\\\EMPLEOS JESS\\\\dataconnect\": could not find dataconnect.yaml in `c:\\Users\\user\\Desktop\\EMPLEOS JESS\\dataconnect`\n"}}
[debug] [2026-08-31T17:51:33.974Z] E0831 13:51:33.974230    2480 watch.go:116] watchAllDir unable to walk dir `c:\Users\user\Desktop\EMPLEOS JESS\dataconnect`: GetFileAttributesEx c:\Users\user\Desktop\EMPLEOS JESS\dataconnect: The system cannot find the file specified.
 {"metadata":{"emulator":{"name":"dataconnect"},"message":"E0831 13:51:33.974230    2480 watch.go:116] watchAllDir unable to walk dir `c:\\Users\\user\\Desktop\\EMPLEOS JESS\\dataconnect`: GetFileAttributesEx c:\\Users\\user\\Desktop\\EMPLEOS JESS\\dataconnect: The system cannot find the file specified.\n"}}
[debug] [2026-08-31T17:51:33.975Z] E0831 13:51:33.974230    2480 watch.go:40] Failed to load config from "c:\\Users\\user\\Desktop\\EMPLEOS JESS\\dataconnect": could not find dataconnect.yaml in `c:\Users\user\Desktop\EMPLEOS JESS\dataconnect`
 {"metadata":{"emulator":{"name":"dataconnect"},"message":"E0831 13:51:33.974230    2480 watch.go:40] Failed to load config from \"c:\\\\Users\\\\user\\\\Desktop\\\\EMPLEOS JESS\\\\dataconnect\": could not find dataconnect.yaml in `c:\\Users\\user\\Desktop\\EMPLEOS JESS\\dataconnect`\n"}}
[debug] [2026-08-31T17:51:43.975Z] E0831 13:51:43.973505    2480 watch.go:40] Failed to load config from "c:\\Users\\user\\Desktop\\EMPLEOS JESS\\dataconnect": could not find dataconnect.yaml in `c:\Users\user\Desktop\EMPLEOS JESS\dataconnect`
 {"metadata":{"emulator":{"name":"dataconnect"},"message":"E0831 13:51:43.973505    2480 watch.go:40] Failed to load config from \"c:\\\\Users\\\\user\\\\Desktop\\\\EMPLEOS JESS\\\\dataconnect\": could not find dataconnect.yaml in `c:\\Users\\user\\Desktop\\EMPLEOS JESS\\dataconnect`\n"}}
[debug] [2026-08-31T17:51:53.974Z] E0831 13:51:53.974075    2480 watch.go:40] Failed to load config from "c:\\Users\\user\\Desktop\\EMPLEOS JESS\\dataconnect": could not find dataconnect.yaml in `c:\Users\user\Desktop\EMPLEOS JESS\dataconnect`
 {"metadata":{"emulator":{"name":"dataconnect"},"message":"E0831 13:51:53.974075    2480 watch.go:40] Failed to load config from \"c:\\\\Users\\\\user\\\\Desktop\\\\EMPLEOS JESS\\\\dataconnect\": could not find dataconnect.yaml in `c:\\Users\\user\\Desktop\\EMPLEOS JESS\\dataconnect`\n"}}
[debug] [2026-08-31T17:52:03.973Z] E0831 13:52:03.973267    2480 watch.go:40] Failed to load config from "c:\\Users\\user\\Desktop\\EMPLEOS JESS\\dataconnect": could not find dataconnect.yaml in `c:\Users\user\Desktop\EMPLEOS JESS\dataconnect`
 {"metadata":{"emulator":{"name":"dataconnect"},"message":"E0831 13:52:03.973267    2480 watch.go:40] Failed to load config from \"c:\\\\Users\\\\user\\\\Desktop\\\\EMPLEOS JESS\\\\dataconnect\": could not find dataconnect.yaml in `c:\\Users\\user\\Desktop\\EMPLEOS JESS\\dataconnect`\n"}}
[debug] [2026-08-31T17:52:13.972Z] E0831 13:52:13.972857    2480 watch.go:40] Failed to load config from "c:\\Users\\user\\Desktop\\EMPLEOS JESS\\dataconnect": could not find dataconnect.yaml in `c:\Users\user\Desktop\EMPLEOS JESS\dataconnect`
 {"metadata":{"emulator":{"name":"dataconnect"},"message":"E0831 13:52:13.972857    2480 watch.go:40] Failed to load config from \"c:\\\\Users\\\\user\\\\Desktop\\\\EMPLEOS JESS\\\\dataconnect\": could not find dataconnect.yaml in `c:\\Users\\user\\Desktop\\EMPLEOS JESS\\dataconnect`\n"}}
[debug] [2026-08-31T17:52:23.975Z] E0831 13:52:23.974646    2480 watch.go:40] Failed to load config from "c:\\Users\\user\\Desktop\\EMPLEOS JESS\\dataconnect": could not find dataconnect.yaml in `c:\Users\user\Desktop\EMPLEOS JESS\dataconnect`
 {"metadata":{"emulator":{"name":"dataconnect"},"message":"E0831 13:52:23.974646    2480 watch.go:40] Failed to load config from \"c:\\\\Users\\\\user\\\\Desktop\\\\EMPLEOS JESS\\\\dataconnect\": could not find dataconnect.yaml in `c:\\Users\\user\\Desktop\\EMPLEOS JESS\\dataconnect`\n"}}
[debug] [2026-08-31T17:52:33.972Z] E0831 13:52:33.972438    2480 watch.go:116] watchAllDir unable to walk dir `c:\Users\user\Desktop\EMPLEOS JESS\dataconnect`: GetFileAttributesEx c:\Users\user\Desktop\EMPLEOS JESS\dataconnect: The system cannot find the file specified.
 {"metadata":{"emulator":{"name":"dataconnect"},"message":"E0831 13:52:33.972438    2480 watch.go:116] watchAllDir unable to walk dir `c:\\Users\\user\\Desktop\\EMPLEOS JESS\\dataconnect`: GetFileAttributesEx c:\\Users\\user\\Desktop\\EMPLEOS JESS\\dataconnect: The system cannot find the file specified.\n"}}
[debug] [2026-08-31T17:52:33.973Z] E0831 13:52:33.972438    2480 watch.go:40] Failed to load config from "c:\\Users\\user\\Desktop\\EMPLEOS JESS\\dataconnect": could not find dataconnect.yaml in `c:\Users\user\Desktop\EMPLEOS JESS\dataconnect`
 {"metadata":{"emulator":{"name":"dataconnect"},"message":"E0831 13:52:33.972438    2480 watch.go:40] Failed to load config from \"c:\\\\Users\\\\user\\\\Desktop\\\\EMPLEOS JESS\\\\dataconnect\": could not find dataconnect.yaml in `c:\\Users\\user\\Desktop\\EMPLEOS JESS\\dataconnect`\n"}}
[debug] [2026-08-31T17:52:43.973Z] E0831 13:52:43.972955    2480 watch.go:40] Failed to load config from "c:\\Users\\user\\Desktop\\EMPLEOS JESS\\dataconnect": could not find dataconnect.yaml in `c:\Users\user\Desktop\EMPLEOS JESS\dataconnect`
 {"metadata":{"emulator":{"name":"dataconnect"},"message":"E0831 13:52:43.972955    2480 watch.go:40] Failed to load config from \"c:\\\\Users\\\\user\\\\Desktop\\\\EMPLEOS JESS\\\\dataconnect\": could not find dataconnect.yaml in `c:\\Users\\user\\Desktop\\EMPLEOS JESS\\dataconnect`\n"}}
[debug] [2026-08-31T17:52:53.973Z] E0831 13:52:53.973445    2480 watch.go:40] Failed to load config from "c:\\Users\\user\\Desktop\\EMPLEOS JESS\\dataconnect": could not find dataconnect.yaml in `c:\Users\user\Desktop\EMPLEOS JESS\dataconnect`
 {"metadata":{"emulator":{"name":"dataconnect"},"message":"E0831 13:52:53.973445    2480 watch.go:40] Failed to load config from \"c:\\\\Users\\\\user\\\\Desktop\\\\EMPLEOS JESS\\\\dataconnect\": could not find dataconnect.yaml in `c:\\Users\\user\\Desktop\\EMPLEOS JESS\\dataconnect`\n"}}
[debug] [2026-08-31T17:53:03.973Z] E0831 13:53:03.973326    2480 watch.go:40] Failed to load config from "c:\\Users\\user\\Desktop\\EMPLEOS JESS\\dataconnect": could not find dataconnect.yaml in `c:\Users\user\Desktop\EMPLEOS JESS\dataconnect`
 {"metadata":{"emulator":{"name":"dataconnect"},"message":"E0831 13:53:03.973326    2480 watch.go:40] Failed to load config from \"c:\\\\Users\\\\user\\\\Desktop\\\\EMPLEOS JESS\\\\dataconnect\": could not find dataconnect.yaml in `c:\\Users\\user\\Desktop\\EMPLEOS JESS\\dataconnect`\n"}}
[debug] [2026-08-31T17:53:13.974Z] E0831 13:53:13.973865    2480 watch.go:40] Failed to load config from "c:\\Users\\user\\Desktop\\EMPLEOS JESS\\dataconnect": could not find dataconnect.yaml in `c:\Users\user\Desktop\EMPLEOS JESS\dataconnect`
 {"metadata":{"emulator":{"name":"dataconnect"},"message":"E0831 13:53:13.973865    2480 watch.go:40] Failed to load config from \"c:\\\\Users\\\\user\\\\Desktop\\\\EMPLEOS JESS\\\\dataconnect\": could not find dataconnect.yaml in `c:\\Users\\user\\Desktop\\EMPLEOS JESS\\dataconnect`\n"}}
[debug] [2026-08-31T17:53:23.974Z] E0831 13:53:23.974345    2480 watch.go:40] Failed to load config from "c:\\Users\\user\\Desktop\\EMPLEOS JESS\\dataconnect": could not find dataconnect.yaml in `c:\Users\user\Desktop\EMPLEOS JESS\dataconnect`
 {"metadata":{"emulator":{"name":"dataconnect"},"message":"E0831 13:53:23.974345    2480 watch.go:40] Failed to load config from \"c:\\\\Users\\\\user\\\\Desktop\\\\EMPLEOS JESS\\\\dataconnect\": could not find dataconnect.yaml in `c:\\Users\\user\\Desktop\\EMPLEOS JESS\\dataconnect`\n"}}
[debug] [2026-08-31T17:53:33.973Z] E0831 13:53:33.973544    2480 watch.go:116] watchAllDir unable to walk dir `c:\Users\user\Desktop\EMPLEOS JESS\dataconnect`: GetFileAttributesEx c:\Users\user\Desktop\EMPLEOS JESS\dataconnect: The system cannot find the file specified.
 {"metadata":{"emulator":{"name":"dataconnect"},"message":"E0831 13:53:33.973544    2480 watch.go:116] watchAllDir unable to walk dir `c:\\Users\\user\\Desktop\\EMPLEOS JESS\\dataconnect`: GetFileAttributesEx c:\\Users\\user\\Desktop\\EMPLEOS JESS\\dataconnect: The system cannot find the file specified.\n"}}
[debug] [2026-08-31T17:53:33.975Z] E0831 13:53:33.975208    2480 watch.go:40] Failed to load config from "c:\\Users\\user\\Desktop\\EMPLEOS JESS\\dataconnect": could not find dataconnect.yaml in `c:\Users\user\Desktop\EMPLEOS JESS\dataconnect`
 {"metadata":{"emulator":{"name":"dataconnect"},"message":"E0831 13:53:33.975208    2480 watch.go:40] Failed to load config from \"c:\\\\Users\\\\user\\\\Desktop\\\\EMPLEOS JESS\\\\dataconnect\": could not find dataconnect.yaml in `c:\\Users\\user\\Desktop\\EMPLEOS JESS\\dataconnect`\n"}}
[debug] [2026-08-31T17:53:43.975Z] E0831 13:53:43.974601    2480 watch.go:40] Failed to load config from "c:\\Users\\user\\Desktop\\EMPLEOS JESS\\dataconnect": could not find dataconnect.yaml in `c:\Users\user\Desktop\EMPLEOS JESS\dataconnect`
 {"metadata":{"emulator":{"name":"dataconnect"},"message":"E0831 13:53:43.974601    2480 watch.go:40] Failed to load config from \"c:\\\\Users\\\\user\\\\Desktop\\\\EMPLEOS JESS\\\\dataconnect\": could not find dataconnect.yaml in `c:\\Users\\user\\Desktop\\EMPLEOS JESS\\dataconnect`\n"}}
[debug] [2026-08-31T17:53:53.972Z] E0831 13:53:53.972542    2480 watch.go:40] Failed to load config from "c:\\Users\\user\\Desktop\\EMPLEOS JESS\\dataconnect": could not find dataconnect.yaml in `c:\Users\user\Desktop\EMPLEOS JESS\dataconnect`
 {"metadata":{"emulator":{"name":"dataconnect"},"message":"E0831 13:53:53.972542    2480 watch.go:40] Failed to load config from \"c:\\\\Users\\\\user\\\\Desktop\\\\EMPLEOS JESS\\\\dataconnect\": could not find dataconnect.yaml in `c:\\Users\\user\\Desktop\\EMPLEOS JESS\\dataconnect`\n"}}
[debug] [2026-08-31T17:54:03.974Z] E0831 13:54:03.973970    2480 watch.go:40] Failed to load config from "c:\\Users\\user\\Desktop\\EMPLEOS JESS\\dataconnect": could not find dataconnect.yaml in `c:\Users\user\Desktop\EMPLEOS JESS\dataconnect`
 {"metadata":{"emulator":{"name":"dataconnect"},"message":"E0831 13:54:03.973970    2480 watch.go:40] Failed to load config from \"c:\\\\Users\\\\user\\\\Desktop\\\\EMPLEOS JESS\\\\dataconnect\": could not find dataconnect.yaml in `c:\\Users\\user\\Desktop\\EMPLEOS JESS\\dataconnect`\n"}}
[debug] [2026-08-31T17:54:13.972Z] E0831 13:54:13.972298    2480 watch.go:40] Failed to load config from "c:\\Users\\user\\Desktop\\EMPLEOS JESS\\dataconnect": could not find dataconnect.yaml in `c:\Users\user\Desktop\EMPLEOS JESS\dataconnect`
 {"metadata":{"emulator":{"name":"dataconnect"},"message":"E0831 13:54:13.972298    2480 watch.go:40] Failed to load config from \"c:\\\\Users\\\\user\\\\Desktop\\\\EMPLEOS JESS\\\\dataconnect\": could not find dataconnect.yaml in `c:\\Users\\user\\Desktop\\EMPLEOS JESS\\dataconnect`\n"}}
[debug] [2026-08-31T17:54:23.974Z] E0831 13:54:23.973892    2480 watch.go:40] Failed to load config from "c:\\Users\\user\\Desktop\\EMPLEOS JESS\\dataconnect": could not find dataconnect.yaml in `c:\Users\user\Desktop\EMPLEOS JESS\dataconnect`
 {"metadata":{"emulator":{"name":"dataconnect"},"message":"E0831 13:54:23.973892    2480 watch.go:40] Failed to load config from \"c:\\\\Users\\\\user\\\\Desktop\\\\EMPLEOS JESS\\\\dataconnect\": could not find dataconnect.yaml in `c:\\Users\\user\\Desktop\\EMPLEOS JESS\\dataconnect`\n"}}
[debug] [2026-08-31T17:54:33.972Z] E0831 13:54:33.972398    2480 watch.go:116] watchAllDir unable to walk dir `c:\Users\user\Desktop\EMPLEOS JESS\dataconnect`: GetFileAttributesEx c:\Users\user\Desktop\EMPLEOS JESS\dataconnect: The system cannot find the file specified.
 {"metadata":{"emulator":{"name":"dataconnect"},"message":"E0831 13:54:33.972398    2480 watch.go:116] watchAllDir unable to walk dir `c:\\Users\\user\\Desktop\\EMPLEOS JESS\\dataconnect`: GetFileAttributesEx c:\\Users\\user\\Desktop\\EMPLEOS JESS\\dataconnect: The system cannot find the file specified.\n"}}
[debug] [2026-08-31T17:54:33.974Z] E0831 13:54:33.973405    2480 watch.go:40] Failed to load config from "c:\\Users\\user\\Desktop\\EMPLEOS JESS\\dataconnect": could not find dataconnect.yaml in `c:\Users\user\Desktop\EMPLEOS JESS\dataconnect`
 {"metadata":{"emulator":{"name":"dataconnect"},"message":"E0831 13:54:33.973405    2480 watch.go:40] Failed to load config from \"c:\\\\Users\\\\user\\\\Desktop\\\\EMPLEOS JESS\\\\dataconnect\": could not find dataconnect.yaml in `c:\\Users\\user\\Desktop\\EMPLEOS JESS\\dataconnect`\n"}}
[debug] [2026-08-31T17:54:43.975Z] E0831 13:54:43.974571    2480 watch.go:40] Failed to load config from "c:\\Users\\user\\Desktop\\EMPLEOS JESS\\dataconnect": could not find dataconnect.yaml in `c:\Users\user\Desktop\EMPLEOS JESS\dataconnect`
 {"metadata":{"emulator":{"name":"dataconnect"},"message":"E0831 13:54:43.974571    2480 watch.go:40] Failed to load config from \"c:\\\\Users\\\\user\\\\Desktop\\\\EMPLEOS JESS\\\\dataconnect\": could not find dataconnect.yaml in `c:\\Users\\user\\Desktop\\EMPLEOS JESS\\dataconnect`\n"}}
[debug] [2026-08-31T17:54:53.978Z] E0831 13:54:53.978209    2480 watch.go:40] Failed to load config from "c:\\Users\\user\\Desktop\\EMPLEOS JESS\\dataconnect": could not find dataconnect.yaml in `c:\Users\user\Desktop\EMPLEOS JESS\dataconnect`
 {"metadata":{"emulator":{"name":"dataconnect"},"message":"E0831 13:54:53.978209    2480 watch.go:40] Failed to load config from \"c:\\\\Users\\\\user\\\\Desktop\\\\EMPLEOS JESS\\\\dataconnect\": could not find dataconnect.yaml in `c:\\Users\\user\\Desktop\\EMPLEOS JESS\\dataconnect`\n"}}
[debug] [2026-08-31T17:55:03.973Z] E0831 13:55:03.972296    2480 watch.go:40] Failed to load config from "c:\\Users\\user\\Desktop\\EMPLEOS JESS\\dataconnect": could not find dataconnect.yaml in `c:\Users\user\Desktop\EMPLEOS JESS\dataconnect`
 {"metadata":{"emulator":{"name":"dataconnect"},"message":"E0831 13:55:03.972296    2480 watch.go:40] Failed to load config from \"c:\\\\Users\\\\user\\\\Desktop\\\\EMPLEOS JESS\\\\dataconnect\": could not find dataconnect.yaml in `c:\\Users\\user\\Desktop\\EMPLEOS JESS\\dataconnect`\n"}}
[debug] [2026-08-31T17:55:13.974Z] E0831 13:55:13.973795    2480 watch.go:40] Failed to load config from "c:\\Users\\user\\Desktop\\EMPLEOS JESS\\dataconnect": could not find dataconnect.yaml in `c:\Users\user\Desktop\EMPLEOS JESS\dataconnect`
 {"metadata":{"emulator":{"name":"dataconnect"},"message":"E0831 13:55:13.973795    2480 watch.go:40] Failed to load config from \"c:\\\\Users\\\\user\\\\Desktop\\\\EMPLEOS JESS\\\\dataconnect\": could not find dataconnect.yaml in `c:\\Users\\user\\Desktop\\EMPLEOS JESS\\dataconnect`\n"}}
[debug] [2026-08-31T17:55:23.973Z] E0831 13:55:23.972702    2480 watch.go:40] Failed to load config from "c:\\Users\\user\\Desktop\\EMPLEOS JESS\\dataconnect": could not find dataconnect.yaml in `c:\Users\user\Desktop\EMPLEOS JESS\dataconnect`
 {"metadata":{"emulator":{"name":"dataconnect"},"message":"E0831 13:55:23.972702    2480 watch.go:40] Failed to load config from \"c:\\\\Users\\\\user\\\\Desktop\\\\EMPLEOS JESS\\\\dataconnect\": could not find dataconnect.yaml in `c:\\Users\\user\\Desktop\\EMPLEOS JESS\\dataconnect`\n"}}
[debug] [2026-08-31T17:55:33.974Z] E0831 13:55:33.974540    2480 watch.go:116] watchAllDir unable to walk dir `c:\Users\user\Desktop\EMPLEOS JESS\dataconnect`: GetFileAttributesEx c:\Users\user\Desktop\EMPLEOS JESS\dataconnect: The system cannot find the file specified.
 {"metadata":{"emulator":{"name":"dataconnect"},"message":"E0831 13:55:33.974540    2480 watch.go:116] watchAllDir unable to walk dir `c:\\Users\\user\\Desktop\\EMPLEOS JESS\\dataconnect`: GetFileAttributesEx c:\\Users\\user\\Desktop\\EMPLEOS JESS\\dataconnect: The system cannot find the file specified.\n"}}
[debug] [2026-08-31T17:55:33.977Z] E0831 13:55:33.977051    2480 watch.go:40] Failed to load config from "c:\\Users\\user\\Desktop\\EMPLEOS JESS\\dataconnect": could not find dataconnect.yaml in `c:\Users\user\Desktop\EMPLEOS JESS\dataconnect`
 {"metadata":{"emulator":{"name":"dataconnect"},"message":"E0831 13:55:33.977051    2480 watch.go:40] Failed to load config from \"c:\\\\Users\\\\user\\\\Desktop\\\\EMPLEOS JESS\\\\dataconnect\": could not find dataconnect.yaml in `c:\\Users\\user\\Desktop\\EMPLEOS JESS\\dataconnect`\n"}}
[debug] [2026-08-31T17:55:43.972Z] E0831 13:55:43.972207    2480 watch.go:40] Failed to load config from "c:\\Users\\user\\Desktop\\EMPLEOS JESS\\dataconnect": could not find dataconnect.yaml in `c:\Users\user\Desktop\EMPLEOS JESS\dataconnect`
 {"metadata":{"emulator":{"name":"dataconnect"},"message":"E0831 13:55:43.972207    2480 watch.go:40] Failed to load config from \"c:\\\\Users\\\\user\\\\Desktop\\\\EMPLEOS JESS\\\\dataconnect\": could not find dataconnect.yaml in `c:\\Users\\user\\Desktop\\EMPLEOS JESS\\dataconnect`\n"}}
[debug] [2026-08-31T17:55:53.973Z] E0831 13:55:53.972254    2480 watch.go:40] Failed to load config from "c:\\Users\\user\\Desktop\\EMPLEOS JESS\\dataconnect": could not find dataconnect.yaml in `c:\Users\user\Desktop\EMPLEOS JESS\dataconnect`
 {"metadata":{"emulator":{"name":"dataconnect"},"message":"E0831 13:55:53.972254    2480 watch.go:40] Failed to load config from \"c:\\\\Users\\\\user\\\\Desktop\\\\EMPLEOS JESS\\\\dataconnect\": could not find dataconnect.yaml in `c:\\Users\\user\\Desktop\\EMPLEOS JESS\\dataconnect`\n"}}
[debug] [2026-08-31T17:56:03.971Z] E0831 13:56:03.972360    2480 watch.go:40] Failed to load config from "c:\\Users\\user\\Desktop\\EMPLEOS JESS\\dataconnect": could not find dataconnect.yaml in `c:\Users\user\Desktop\EMPLEOS JESS\dataconnect`
 {"metadata":{"emulator":{"name":"dataconnect"},"message":"E0831 13:56:03.972360    2480 watch.go:40] Failed to load config from \"c:\\\\Users\\\\user\\\\Desktop\\\\EMPLEOS JESS\\\\dataconnect\": could not find dataconnect.yaml in `c:\\Users\\user\\Desktop\\EMPLEOS JESS\\dataconnect`\n"}}
[debug] [2026-08-31T17:56:13.972Z] E0831 13:56:13.972909    2480 watch.go:40] Failed to load config from "c:\\Users\\user\\Desktop\\EMPLEOS JESS\\dataconnect": could not find dataconnect.yaml in `c:\Users\user\Desktop\EMPLEOS JESS\dataconnect`
 {"metadata":{"emulator":{"name":"dataconnect"},"message":"E0831 13:56:13.972909    2480 watch.go:40] Failed to load config from \"c:\\\\Users\\\\user\\\\Desktop\\\\EMPLEOS JESS\\\\dataconnect\": could not find dataconnect.yaml in `c:\\Users\\user\\Desktop\\EMPLEOS JESS\\dataconnect`\n"}}
[debug] [2026-08-31T17:56:23.973Z] E0831 13:56:23.974725    2480 watch.go:40] Failed to load config from "c:\\Users\\user\\Desktop\\EMPLEOS JESS\\dataconnect": could not find dataconnect.yaml in `c:\Users\user\Desktop\EMPLEOS JESS\dataconnect`
 {"metadata":{"emulator":{"name":"dataconnect"},"message":"E0831 13:56:23.974725    2480 watch.go:40] Failed to load config from \"c:\\\\Users\\\\user\\\\Desktop\\\\EMPLEOS JESS\\\\dataconnect\": could not find dataconnect.yaml in `c:\\Users\\user\\Desktop\\EMPLEOS JESS\\dataconnect`\n"}}
[debug] [2026-08-31T17:56:33.971Z] E0831 13:56:33.972347    2480 watch.go:116] watchAllDir unable to walk dir `c:\Users\user\Desktop\EMPLEOS JESS\dataconnect`: GetFileAttributesEx c:\Users\user\Desktop\EMPLEOS JESS\dataconnect: The system cannot find the file specified.
 {"metadata":{"emulator":{"name":"dataconnect"},"message":"E0831 13:56:33.972347    2480 watch.go:116] watchAllDir unable to walk dir `c:\\Users\\user\\Desktop\\EMPLEOS JESS\\dataconnect`: GetFileAttributesEx c:\\Users\\user\\Desktop\\EMPLEOS JESS\\dataconnect: The system cannot find the file specified.\n"}}
[debug] [2026-08-31T17:56:33.971Z] E0831 13:56:33.972347    2480 watch.go:40] Failed to load config from "c:\\Users\\user\\Desktop\\EMPLEOS JESS\\dataconnect": could not find dataconnect.yaml in `c:\Users\user\Desktop\EMPLEOS JESS\dataconnect`
 {"metadata":{"emulator":{"name":"dataconnect"},"message":"E0831 13:56:33.972347    2480 watch.go:40] Failed to load config from \"c:\\\\Users\\\\user\\\\Desktop\\\\EMPLEOS JESS\\\\dataconnect\": could not find dataconnect.yaml in `c:\\Users\\user\\Desktop\\EMPLEOS JESS\\dataconnect`\n"}}
[debug] [2026-08-31T17:56:43.972Z] E0831 13:56:43.973872    2480 watch.go:40] Failed to load config from "c:\\Users\\user\\Desktop\\EMPLEOS JESS\\dataconnect": could not find dataconnect.yaml in `c:\Users\user\Desktop\EMPLEOS JESS\dataconnect`
 {"metadata":{"emulator":{"name":"dataconnect"},"message":"E0831 13:56:43.973872    2480 watch.go:40] Failed to load config from \"c:\\\\Users\\\\user\\\\Desktop\\\\EMPLEOS JESS\\\\dataconnect\": could not find dataconnect.yaml in `c:\\Users\\user\\Desktop\\EMPLEOS JESS\\dataconnect`\n"}}
[debug] [2026-08-31T17:56:53.971Z] E0831 13:56:53.972890    2480 watch.go:40] Failed to load config from "c:\\Users\\user\\Desktop\\EMPLEOS JESS\\dataconnect": could not find dataconnect.yaml in `c:\Users\user\Desktop\EMPLEOS JESS\dataconnect`
 {"metadata":{"emulator":{"name":"dataconnect"},"message":"E0831 13:56:53.972890    2480 watch.go:40] Failed to load config from \"c:\\\\Users\\\\user\\\\Desktop\\\\EMPLEOS JESS\\\\dataconnect\": could not find dataconnect.yaml in `c:\\Users\\user\\Desktop\\EMPLEOS JESS\\dataconnect`\n"}}
[debug] [2026-08-31T17:57:03.975Z] E0831 13:57:03.974062    2480 watch.go:40] Failed to load config from "c:\\Users\\user\\Desktop\\EMPLEOS JESS\\dataconnect": could not find dataconnect.yaml in `c:\Users\user\Desktop\EMPLEOS JESS\dataconnect`
 {"metadata":{"emulator":{"name":"dataconnect"},"message":"E0831 13:57:03.974062    2480 watch.go:40] Failed to load config from \"c:\\\\Users\\\\user\\\\Desktop\\\\EMPLEOS JESS\\\\dataconnect\": could not find dataconnect.yaml in `c:\\Users\\user\\Desktop\\EMPLEOS JESS\\dataconnect`\n"}}
[debug] [2026-08-31T17:57:13.974Z] E0831 13:57:13.973818    2480 watch.go:40] Failed to load config from "c:\\Users\\user\\Desktop\\EMPLEOS JESS\\dataconnect": could not find dataconnect.yaml in `c:\Users\user\Desktop\EMPLEOS JESS\dataconnect`
 {"metadata":{"emulator":{"name":"dataconnect"},"message":"E0831 13:57:13.973818    2480 watch.go:40] Failed to load config from \"c:\\\\Users\\\\user\\\\Desktop\\\\EMPLEOS JESS\\\\dataconnect\": could not find dataconnect.yaml in `c:\\Users\\user\\Desktop\\EMPLEOS JESS\\dataconnect`\n"}}
[debug] [2026-08-31T17:57:23.973Z] E0831 13:57:23.973047    2480 watch.go:40] Failed to load config from "c:\\Users\\user\\Desktop\\EMPLEOS JESS\\dataconnect": could not find dataconnect.yaml in `c:\Users\user\Desktop\EMPLEOS JESS\dataconnect`
 {"metadata":{"emulator":{"name":"dataconnect"},"message":"E0831 13:57:23.973047    2480 watch.go:40] Failed to load config from \"c:\\\\Users\\\\user\\\\Desktop\\\\EMPLEOS JESS\\\\dataconnect\": could not find dataconnect.yaml in `c:\\Users\\user\\Desktop\\EMPLEOS JESS\\dataconnect`\n"}}
[debug] [2026-08-31T17:57:33.973Z] E0831 13:57:33.972952    2480 watch.go:116] watchAllDir unable to walk dir `c:\Users\user\Desktop\EMPLEOS JESS\dataconnect`: GetFileAttributesEx c:\Users\user\Desktop\EMPLEOS JESS\dataconnect: The system cannot find the file specified.
 {"metadata":{"emulator":{"name":"dataconnect"},"message":"E0831 13:57:33.972952    2480 watch.go:116] watchAllDir unable to walk dir `c:\\Users\\user\\Desktop\\EMPLEOS JESS\\dataconnect`: GetFileAttributesEx c:\\Users\\user\\Desktop\\EMPLEOS JESS\\dataconnect: The system cannot find the file specified.\n"}}
[debug] [2026-08-31T17:57:33.975Z] E0831 13:57:33.974041    2480 watch.go:40] Failed to load config from "c:\\Users\\user\\Desktop\\EMPLEOS JESS\\dataconnect": could not find dataconnect.yaml in `c:\Users\user\Desktop\EMPLEOS JESS\dataconnect`
 {"metadata":{"emulator":{"name":"dataconnect"},"message":"E0831 13:57:33.974041    2480 watch.go:40] Failed to load config from \"c:\\\\Users\\\\user\\\\Desktop\\\\EMPLEOS JESS\\\\dataconnect\": could not find dataconnect.yaml in `c:\\Users\\user\\Desktop\\EMPLEOS JESS\\dataconnect`\n"}}
[debug] [2026-08-31T17:57:43.973Z] E0831 13:57:43.973127    2480 watch.go:40] Failed to load config from "c:\\Users\\user\\Desktop\\EMPLEOS JESS\\dataconnect": could not find dataconnect.yaml in `c:\Users\user\Desktop\EMPLEOS JESS\dataconnect`
 {"metadata":{"emulator":{"name":"dataconnect"},"message":"E0831 13:57:43.973127    2480 watch.go:40] Failed to load config from \"c:\\\\Users\\\\user\\\\Desktop\\\\EMPLEOS JESS\\\\dataconnect\": could not find dataconnect.yaml in `c:\\Users\\user\\Desktop\\EMPLEOS JESS\\dataconnect`\n"}}
[debug] [2026-08-31T17:57:53.973Z] E0831 13:57:53.973416    2480 watch.go:40] Failed to load config from "c:\\Users\\user\\Desktop\\EMPLEOS JESS\\dataconnect": could not find dataconnect.yaml in `c:\Users\user\Desktop\EMPLEOS JESS\dataconnect`
 {"metadata":{"emulator":{"name":"dataconnect"},"message":"E0831 13:57:53.973416    2480 watch.go:40] Failed to load config from \"c:\\\\Users\\\\user\\\\Desktop\\\\EMPLEOS JESS\\\\dataconnect\": could not find dataconnect.yaml in `c:\\Users\\user\\Desktop\\EMPLEOS JESS\\dataconnect`\n"}}
[debug] [2026-08-31T17:58:03.974Z] E0831 13:58:03.974270    2480 watch.go:40] Failed to load config from "c:\\Users\\user\\Desktop\\EMPLEOS JESS\\dataconnect": could not find dataconnect.yaml in `c:\Users\user\Desktop\EMPLEOS JESS\dataconnect`
 {"metadata":{"emulator":{"name":"dataconnect"},"message":"E0831 13:58:03.974270    2480 watch.go:40] Failed to load config from \"c:\\\\Users\\\\user\\\\Desktop\\\\EMPLEOS JESS\\\\dataconnect\": could not find dataconnect.yaml in `c:\\Users\\user\\Desktop\\EMPLEOS JESS\\dataconnect`\n"}}
[debug] [2026-08-31T17:58:13.975Z] E0831 13:58:13.973197    2480 watch.go:40] Failed to load config from "c:\\Users\\user\\Desktop\\EMPLEOS JESS\\dataconnect": could not find dataconnect.yaml in `c:\Users\user\Desktop\EMPLEOS JESS\dataconnect`
 {"metadata":{"emulator":{"name":"dataconnect"},"message":"E0831 13:58:13.973197    2480 watch.go:40] Failed to load config from \"c:\\\\Users\\\\user\\\\Desktop\\\\EMPLEOS JESS\\\\dataconnect\": could not find dataconnect.yaml in `c:\\Users\\user\\Desktop\\EMPLEOS JESS\\dataconnect`\n"}}
[debug] [2026-08-31T17:58:23.973Z] E0831 13:58:23.973164    2480 watch.go:40] Failed to load config from "c:\\Users\\user\\Desktop\\EMPLEOS JESS\\dataconnect": could not find dataconnect.yaml in `c:\Users\user\Desktop\EMPLEOS JESS\dataconnect`
 {"metadata":{"emulator":{"name":"dataconnect"},"message":"E0831 13:58:23.973164    2480 watch.go:40] Failed to load config from \"c:\\\\Users\\\\user\\\\Desktop\\\\EMPLEOS JESS\\\\dataconnect\": could not find dataconnect.yaml in `c:\\Users\\user\\Desktop\\EMPLEOS JESS\\dataconnect`\n"}}
[debug] [2026-08-31T17:58:33.974Z] E0831 13:58:33.974209    2480 watch.go:116] watchAllDir unable to walk dir `c:\Users\user\Desktop\EMPLEOS JESS\dataconnect`: GetFileAttributesEx c:\Users\user\Desktop\EMPLEOS JESS\dataconnect: The system cannot find the file specified.
 {"metadata":{"emulator":{"name":"dataconnect"},"message":"E0831 13:58:33.974209    2480 watch.go:116] watchAllDir unable to walk dir `c:\\Users\\user\\Desktop\\EMPLEOS JESS\\dataconnect`: GetFileAttributesEx c:\\Users\\user\\Desktop\\EMPLEOS JESS\\dataconnect: The system cannot find the file specified.\n"}}
[debug] [2026-08-31T17:58:33.975Z] E0831 13:58:33.974209    2480 watch.go:40] Failed to load config from "c:\\Users\\user\\Desktop\\EMPLEOS JESS\\dataconnect": could not find dataconnect.yaml in `c:\Users\user\Desktop\EMPLEOS JESS\dataconnect`
 {"metadata":{"emulator":{"name":"dataconnect"},"message":"E0831 13:58:33.974209    2480 watch.go:40] Failed to load config from \"c:\\\\Users\\\\user\\\\Desktop\\\\EMPLEOS JESS\\\\dataconnect\": could not find dataconnect.yaml in `c:\\Users\\user\\Desktop\\EMPLEOS JESS\\dataconnect`\n"}}
[debug] [2026-08-31T17:58:43.974Z] E0831 13:58:43.973827    2480 watch.go:40] Failed to load config from "c:\\Users\\user\\Desktop\\EMPLEOS JESS\\dataconnect": could not find dataconnect.yaml in `c:\Users\user\Desktop\EMPLEOS JESS\dataconnect`
 {"metadata":{"emulator":{"name":"dataconnect"},"message":"E0831 13:58:43.973827    2480 watch.go:40] Failed to load config from \"c:\\\\Users\\\\user\\\\Desktop\\\\EMPLEOS JESS\\\\dataconnect\": could not find dataconnect.yaml in `c:\\Users\\user\\Desktop\\EMPLEOS JESS\\dataconnect`\n"}}
[debug] [2026-08-31T17:58:53.973Z] E0831 13:58:53.973313    2480 watch.go:40] Failed to load config from "c:\\Users\\user\\Desktop\\EMPLEOS JESS\\dataconnect": could not find dataconnect.yaml in `c:\Users\user\Desktop\EMPLEOS JESS\dataconnect`
 {"metadata":{"emulator":{"name":"dataconnect"},"message":"E0831 13:58:53.973313    2480 watch.go:40] Failed to load config from \"c:\\\\Users\\\\user\\\\Desktop\\\\EMPLEOS JESS\\\\dataconnect\": could not find dataconnect.yaml in `c:\\Users\\user\\Desktop\\EMPLEOS JESS\\dataconnect`\n"}}
[debug] [2026-08-31T17:59:03.973Z] E0831 13:59:03.972899    2480 watch.go:40] Failed to load config from "c:\\Users\\user\\Desktop\\EMPLEOS JESS\\dataconnect": could not find dataconnect.yaml in `c:\Users\user\Desktop\EMPLEOS JESS\dataconnect`
 {"metadata":{"emulator":{"name":"dataconnect"},"message":"E0831 13:59:03.972899    2480 watch.go:40] Failed to load config from \"c:\\\\Users\\\\user\\\\Desktop\\\\EMPLEOS JESS\\\\dataconnect\": could not find dataconnect.yaml in `c:\\Users\\user\\Desktop\\EMPLEOS JESS\\dataconnect`\n"}}
[debug] [2026-08-31T17:59:13.974Z] E0831 13:59:13.973634    2480 watch.go:40] Failed to load config from "c:\\Users\\user\\Desktop\\EMPLEOS JESS\\dataconnect": could not find dataconnect.yaml in `c:\Users\user\Desktop\EMPLEOS JESS\dataconnect`
 {"metadata":{"emulator":{"name":"dataconnect"},"message":"E0831 13:59:13.973634    2480 watch.go:40] Failed to load config from \"c:\\\\Users\\\\user\\\\Desktop\\\\EMPLEOS JESS\\\\dataconnect\": could not find dataconnect.yaml in `c:\\Users\\user\\Desktop\\EMPLEOS JESS\\dataconnect`\n"}}
[debug] [2026-08-31T17:59:23.972Z] E0831 13:59:23.972586    2480 watch.go:40] Failed to load config from "c:\\Users\\user\\Desktop\\EMPLEOS JESS\\dataconnect": could not find dataconnect.yaml in `c:\Users\user\Desktop\EMPLEOS JESS\dataconnect`
 {"metadata":{"emulator":{"name":"dataconnect"},"message":"E0831 13:59:23.972586    2480 watch.go:40] Failed to load config from \"c:\\\\Users\\\\user\\\\Desktop\\\\EMPLEOS JESS\\\\dataconnect\": could not find dataconnect.yaml in `c:\\Users\\user\\Desktop\\EMPLEOS JESS\\dataconnect`\n"}}
[debug] [2026-08-31T17:59:33.973Z] E0831 13:59:33.972461    2480 watch.go:116] watchAllDir unable to walk dir `c:\Users\user\Desktop\EMPLEOS JESS\dataconnect`: GetFileAttributesEx c:\Users\user\Desktop\EMPLEOS JESS\dataconnect: The system cannot find the file specified.
 {"metadata":{"emulator":{"name":"dataconnect"},"message":"E0831 13:59:33.972461    2480 watch.go:116] watchAllDir unable to walk dir `c:\\Users\\user\\Desktop\\EMPLEOS JESS\\dataconnect`: GetFileAttributesEx c:\\Users\\user\\Desktop\\EMPLEOS JESS\\dataconnect: The system cannot find the file specified.\n"}}
[debug] [2026-08-31T17:59:33.976Z] E0831 13:59:33.972461    2480 watch.go:40] Failed to load config from "c:\\Users\\user\\Desktop\\EMPLEOS JESS\\dataconnect": could not find dataconnect.yaml in `c:\Users\user\Desktop\EMPLEOS JESS\dataconnect`
 {"metadata":{"emulator":{"name":"dataconnect"},"message":"E0831 13:59:33.972461    2480 watch.go:40] Failed to load config from \"c:\\\\Users\\\\user\\\\Desktop\\\\EMPLEOS JESS\\\\dataconnect\": could not find dataconnect.yaml in `c:\\Users\\user\\Desktop\\EMPLEOS JESS\\dataconnect`\n"}}
[debug] [2026-08-31T17:59:43.972Z] E0831 13:59:43.972563    2480 watch.go:40] Failed to load config from "c:\\Users\\user\\Desktop\\EMPLEOS JESS\\dataconnect": could not find dataconnect.yaml in `c:\Users\user\Desktop\EMPLEOS JESS\dataconnect`
 {"metadata":{"emulator":{"name":"dataconnect"},"message":"E0831 13:59:43.972563    2480 watch.go:40] Failed to load config from \"c:\\\\Users\\\\user\\\\Desktop\\\\EMPLEOS JESS\\\\dataconnect\": could not find dataconnect.yaml in `c:\\Users\\user\\Desktop\\EMPLEOS JESS\\dataconnect`\n"}}
[debug] [2026-08-31T17:59:53.973Z] E0831 13:59:53.972394    2480 watch.go:40] Failed to load config from "c:\\Users\\user\\Desktop\\EMPLEOS JESS\\dataconnect": could not find dataconnect.yaml in `c:\Users\user\Desktop\EMPLEOS JESS\dataconnect`
 {"metadata":{"emulator":{"name":"dataconnect"},"message":"E0831 13:59:53.972394    2480 watch.go:40] Failed to load config from \"c:\\\\Users\\\\user\\\\Desktop\\\\EMPLEOS JESS\\\\dataconnect\": could not find dataconnect.yaml in `c:\\Users\\user\\Desktop\\EMPLEOS JESS\\dataconnect`\n"}}
[debug] [2026-08-31T18:00:03.973Z] E0831 14:00:03.973090    2480 watch.go:40] Failed to load config from "c:\\Users\\user\\Desktop\\EMPLEOS JESS\\dataconnect": could not find dataconnect.yaml in `c:\Users\user\Desktop\EMPLEOS JESS\dataconnect`
 {"metadata":{"emulator":{"name":"dataconnect"},"message":"E0831 14:00:03.973090    2480 watch.go:40] Failed to load config from \"c:\\\\Users\\\\user\\\\Desktop\\\\EMPLEOS JESS\\\\dataconnect\": could not find dataconnect.yaml in `c:\\Users\\user\\Desktop\\EMPLEOS JESS\\dataconnect`\n"}}
[debug] [2026-08-31T18:00:13.974Z] E0831 14:00:13.973679    2480 watch.go:40] Failed to load config from "c:\\Users\\user\\Desktop\\EMPLEOS JESS\\dataconnect": could not find dataconnect.yaml in `c:\Users\user\Desktop\EMPLEOS JESS\dataconnect`
 {"metadata":{"emulator":{"name":"dataconnect"},"message":"E0831 14:00:13.973679    2480 watch.go:40] Failed to load config from \"c:\\\\Users\\\\user\\\\Desktop\\\\EMPLEOS JESS\\\\dataconnect\": could not find dataconnect.yaml in `c:\\Users\\user\\Desktop\\EMPLEOS JESS\\dataconnect`\n"}}
[debug] [2026-08-31T18:00:23.972Z] E0831 14:00:23.972654    2480 watch.go:40] Failed to load config from "c:\\Users\\user\\Desktop\\EMPLEOS JESS\\dataconnect": could not find dataconnect.yaml in `c:\Users\user\Desktop\EMPLEOS JESS\dataconnect`
 {"metadata":{"emulator":{"name":"dataconnect"},"message":"E0831 14:00:23.972654    2480 watch.go:40] Failed to load config from \"c:\\\\Users\\\\user\\\\Desktop\\\\EMPLEOS JESS\\\\dataconnect\": could not find dataconnect.yaml in `c:\\Users\\user\\Desktop\\EMPLEOS JESS\\dataconnect`\n"}}
[debug] [2026-08-31T18:00:33.973Z] E0831 14:00:33.973700    2480 watch.go:116] watchAllDir unable to walk dir `c:\Users\user\Desktop\EMPLEOS JESS\dataconnect`: GetFileAttributesEx c:\Users\user\Desktop\EMPLEOS JESS\dataconnect: The system cannot find the file specified.
 {"metadata":{"emulator":{"name":"dataconnect"},"message":"E0831 14:00:33.973700    2480 watch.go:116] watchAllDir unable to walk dir `c:\\Users\\user\\Desktop\\EMPLEOS JESS\\dataconnect`: GetFileAttributesEx c:\\Users\\user\\Desktop\\EMPLEOS JESS\\dataconnect: The system cannot find the file specified.\n"}}
[debug] [2026-08-31T18:00:33.975Z] E0831 14:00:33.973700    2480 watch.go:40] Failed to load config from "c:\\Users\\user\\Desktop\\EMPLEOS JESS\\dataconnect": could not find dataconnect.yaml in `c:\Users\user\Desktop\EMPLEOS JESS\dataconnect`
 {"metadata":{"emulator":{"name":"dataconnect"},"message":"E0831 14:00:33.973700    2480 watch.go:40] Failed to load config from \"c:\\\\Users\\\\user\\\\Desktop\\\\EMPLEOS JESS\\\\dataconnect\": could not find dataconnect.yaml in `c:\\Users\\user\\Desktop\\EMPLEOS JESS\\dataconnect`\n"}}
[debug] [2026-08-31T18:00:43.972Z] E0831 14:00:43.972738    2480 watch.go:40] Failed to load config from "c:\\Users\\user\\Desktop\\EMPLEOS JESS\\dataconnect": could not find dataconnect.yaml in `c:\Users\user\Desktop\EMPLEOS JESS\dataconnect`
 {"metadata":{"emulator":{"name":"dataconnect"},"message":"E0831 14:00:43.972738    2480 watch.go:40] Failed to load config from \"c:\\\\Users\\\\user\\\\Desktop\\\\EMPLEOS JESS\\\\dataconnect\": could not find dataconnect.yaml in `c:\\Users\\user\\Desktop\\EMPLEOS JESS\\dataconnect`\n"}}
[debug] [2026-08-31T18:00:53.972Z] E0831 14:00:53.972848    2480 watch.go:40] Failed to load config from "c:\\Users\\user\\Desktop\\EMPLEOS JESS\\dataconnect": could not find dataconnect.yaml in `c:\Users\user\Desktop\EMPLEOS JESS\dataconnect`
 {"metadata":{"emulator":{"name":"dataconnect"},"message":"E0831 14:00:53.972848    2480 watch.go:40] Failed to load config from \"c:\\\\Users\\\\user\\\\Desktop\\\\EMPLEOS JESS\\\\dataconnect\": could not find dataconnect.yaml in `c:\\Users\\user\\Desktop\\EMPLEOS JESS\\dataconnect`\n"}}
[debug] [2026-08-31T18:01:03.972Z] E0831 14:01:03.972483    2480 watch.go:40] Failed to load config from "c:\\Users\\user\\Desktop\\EMPLEOS JESS\\dataconnect": could not find dataconnect.yaml in `c:\Users\user\Desktop\EMPLEOS JESS\dataconnect`
 {"metadata":{"emulator":{"name":"dataconnect"},"message":"E0831 14:01:03.972483    2480 watch.go:40] Failed to load config from \"c:\\\\Users\\\\user\\\\Desktop\\\\EMPLEOS JESS\\\\dataconnect\": could not find dataconnect.yaml in `c:\\Users\\user\\Desktop\\EMPLEOS JESS\\dataconnect`\n"}}
[debug] [2026-08-31T18:01:13.972Z] E0831 14:01:13.971997    2480 watch.go:40] Failed to load config from "c:\\Users\\user\\Desktop\\EMPLEOS JESS\\dataconnect": could not find dataconnect.yaml in `c:\Users\user\Desktop\EMPLEOS JESS\dataconnect`
 {"metadata":{"emulator":{"name":"dataconnect"},"message":"E0831 14:01:13.971997    2480 watch.go:40] Failed to load config from \"c:\\\\Users\\\\user\\\\Desktop\\\\EMPLEOS JESS\\\\dataconnect\": could not find dataconnect.yaml in `c:\\Users\\user\\Desktop\\EMPLEOS JESS\\dataconnect`\n"}}
[debug] [2026-08-31T18:01:23.971Z] E0831 14:01:23.972149    2480 watch.go:40] Failed to load config from "c:\\Users\\user\\Desktop\\EMPLEOS JESS\\dataconnect": could not find dataconnect.yaml in `c:\Users\user\Desktop\EMPLEOS JESS\dataconnect`
 {"metadata":{"emulator":{"name":"dataconnect"},"message":"E0831 14:01:23.972149    2480 watch.go:40] Failed to load config from \"c:\\\\Users\\\\user\\\\Desktop\\\\EMPLEOS JESS\\\\dataconnect\": could not find dataconnect.yaml in `c:\\Users\\user\\Desktop\\EMPLEOS JESS\\dataconnect`\n"}}
[debug] [2026-08-31T18:01:33.972Z] E0831 14:01:33.973034    2480 watch.go:116] watchAllDir unable to walk dir `c:\Users\user\Desktop\EMPLEOS JESS\dataconnect`: GetFileAttributesEx c:\Users\user\Desktop\EMPLEOS JESS\dataconnect: The system cannot find the file specified.
 {"metadata":{"emulator":{"name":"dataconnect"},"message":"E0831 14:01:33.973034    2480 watch.go:116] watchAllDir unable to walk dir `c:\\Users\\user\\Desktop\\EMPLEOS JESS\\dataconnect`: GetFileAttributesEx c:\\Users\\user\\Desktop\\EMPLEOS JESS\\dataconnect: The system cannot find the file specified.\n"}}
[debug] [2026-08-31T18:01:33.973Z] E0831 14:01:33.973034    2480 watch.go:40] Failed to load config from "c:\\Users\\user\\Desktop\\EMPLEOS JESS\\dataconnect": could not find dataconnect.yaml in `c:\Users\user\Desktop\EMPLEOS JESS\dataconnect`
 {"metadata":{"emulator":{"name":"dataconnect"},"message":"E0831 14:01:33.973034    2480 watch.go:40] Failed to load config from \"c:\\\\Users\\\\user\\\\Desktop\\\\EMPLEOS JESS\\\\dataconnect\": could not find dataconnect.yaml in `c:\\Users\\user\\Desktop\\EMPLEOS JESS\\dataconnect`\n"}}
[debug] [2026-08-31T18:01:43.971Z] E0831 14:01:43.972259    2480 watch.go:40] Failed to load config from "c:\\Users\\user\\Desktop\\EMPLEOS JESS\\dataconnect": could not find dataconnect.yaml in `c:\Users\user\Desktop\EMPLEOS JESS\dataconnect`
 {"metadata":{"emulator":{"name":"dataconnect"},"message":"E0831 14:01:43.972259    2480 watch.go:40] Failed to load config from \"c:\\\\Users\\\\user\\\\Desktop\\\\EMPLEOS JESS\\\\dataconnect\": could not find dataconnect.yaml in `c:\\Users\\user\\Desktop\\EMPLEOS JESS\\dataconnect`\n"}}
[debug] [2026-08-31T18:01:53.972Z] E0831 14:01:53.972264    2480 watch.go:40] Failed to load config from "c:\\Users\\user\\Desktop\\EMPLEOS JESS\\dataconnect": could not find dataconnect.yaml in `c:\Users\user\Desktop\EMPLEOS JESS\dataconnect`
 {"metadata":{"emulator":{"name":"dataconnect"},"message":"E0831 14:01:53.972264    2480 watch.go:40] Failed to load config from \"c:\\\\Users\\\\user\\\\Desktop\\\\EMPLEOS JESS\\\\dataconnect\": could not find dataconnect.yaml in `c:\\Users\\user\\Desktop\\EMPLEOS JESS\\dataconnect`\n"}}
[debug] [2026-08-31T18:02:03.972Z] E0831 14:02:03.972414    2480 watch.go:40] Failed to load config from "c:\\Users\\user\\Desktop\\EMPLEOS JESS\\dataconnect": could not find dataconnect.yaml in `c:\Users\user\Desktop\EMPLEOS JESS\dataconnect`
 {"metadata":{"emulator":{"name":"dataconnect"},"message":"E0831 14:02:03.972414    2480 watch.go:40] Failed to load config from \"c:\\\\Users\\\\user\\\\Desktop\\\\EMPLEOS JESS\\\\dataconnect\": could not find dataconnect.yaml in `c:\\Users\\user\\Desktop\\EMPLEOS JESS\\dataconnect`\n"}}
[debug] [2026-08-31T18:02:13.972Z] E0831 14:02:13.972494    2480 watch.go:40] Failed to load config from "c:\\Users\\user\\Desktop\\EMPLEOS JESS\\dataconnect": could not find dataconnect.yaml in `c:\Users\user\Desktop\EMPLEOS JESS\dataconnect`
 {"metadata":{"emulator":{"name":"dataconnect"},"message":"E0831 14:02:13.972494    2480 watch.go:40] Failed to load config from \"c:\\\\Users\\\\user\\\\Desktop\\\\EMPLEOS JESS\\\\dataconnect\": could not find dataconnect.yaml in `c:\\Users\\user\\Desktop\\EMPLEOS JESS\\dataconnect`\n"}}
[debug] [2026-08-31T18:02:23.972Z] E0831 14:02:23.972563    2480 watch.go:40] Failed to load config from "c:\\Users\\user\\Desktop\\EMPLEOS JESS\\dataconnect": could not find dataconnect.yaml in `c:\Users\user\Desktop\EMPLEOS JESS\dataconnect`
 {"metadata":{"emulator":{"name":"dataconnect"},"message":"E0831 14:02:23.972563    2480 watch.go:40] Failed to load config from \"c:\\\\Users\\\\user\\\\Desktop\\\\EMPLEOS JESS\\\\dataconnect\": could not find dataconnect.yaml in `c:\\Users\\user\\Desktop\\EMPLEOS JESS\\dataconnect`\n"}}
[debug] [2026-08-31T18:02:33.974Z] E0831 14:02:33.974172    2480 watch.go:116] watchAllDir unable to walk dir `c:\Users\user\Desktop\EMPLEOS JESS\dataconnect`: GetFileAttributesEx c:\Users\user\Desktop\EMPLEOS JESS\dataconnect: The system cannot find the file specified.
 {"metadata":{"emulator":{"name":"dataconnect"},"message":"E0831 14:02:33.974172    2480 watch.go:116] watchAllDir unable to walk dir `c:\\Users\\user\\Desktop\\EMPLEOS JESS\\dataconnect`: GetFileAttributesEx c:\\Users\\user\\Desktop\\EMPLEOS JESS\\dataconnect: The system cannot find the file specified.\n"}}
[debug] [2026-08-31T18:02:33.975Z] E0831 14:02:33.974172    2480 watch.go:40] Failed to load config from "c:\\Users\\user\\Desktop\\EMPLEOS JESS\\dataconnect": could not find dataconnect.yaml in `c:\Users\user\Desktop\EMPLEOS JESS\dataconnect`
 {"metadata":{"emulator":{"name":"dataconnect"},"message":"E0831 14:02:33.974172    2480 watch.go:40] Failed to load config from \"c:\\\\Users\\\\user\\\\Desktop\\\\EMPLEOS JESS\\\\dataconnect\": could not find dataconnect.yaml in `c:\\Users\\user\\Desktop\\EMPLEOS JESS\\dataconnect`\n"}}
[debug] [2026-08-31T18:02:43.972Z] E0831 14:02:43.972544    2480 watch.go:40] Failed to load config from "c:\\Users\\user\\Desktop\\EMPLEOS JESS\\dataconnect": could not find dataconnect.yaml in `c:\Users\user\Desktop\EMPLEOS JESS\dataconnect`
 {"metadata":{"emulator":{"name":"dataconnect"},"message":"E0831 14:02:43.972544    2480 watch.go:40] Failed to load config from \"c:\\\\Users\\\\user\\\\Desktop\\\\EMPLEOS JESS\\\\dataconnect\": could not find dataconnect.yaml in `c:\\Users\\user\\Desktop\\EMPLEOS JESS\\dataconnect`\n"}}
[debug] [2026-08-31T18:02:53.973Z] E0831 14:02:53.973010    2480 watch.go:40] Failed to load config from "c:\\Users\\user\\Desktop\\EMPLEOS JESS\\dataconnect": could not find dataconnect.yaml in `c:\Users\user\Desktop\EMPLEOS JESS\dataconnect`
 {"metadata":{"emulator":{"name":"dataconnect"},"message":"E0831 14:02:53.973010    2480 watch.go:40] Failed to load config from \"c:\\\\Users\\\\user\\\\Desktop\\\\EMPLEOS JESS\\\\dataconnect\": could not find dataconnect.yaml in `c:\\Users\\user\\Desktop\\EMPLEOS JESS\\dataconnect`\n"}}
[debug] [2026-08-31T18:03:03.973Z] E0831 14:03:03.972858    2480 watch.go:40] Failed to load config from "c:\\Users\\user\\Desktop\\EMPLEOS JESS\\dataconnect": could not find dataconnect.yaml in `c:\Users\user\Desktop\EMPLEOS JESS\dataconnect`
 {"metadata":{"emulator":{"name":"dataconnect"},"message":"E0831 14:03:03.972858    2480 watch.go:40] Failed to load config from \"c:\\\\Users\\\\user\\\\Desktop\\\\EMPLEOS JESS\\\\dataconnect\": could not find dataconnect.yaml in `c:\\Users\\user\\Desktop\\EMPLEOS JESS\\dataconnect`\n"}}
[debug] [2026-08-31T18:03:13.974Z] E0831 14:03:13.974106    2480 watch.go:40] Failed to load config from "c:\\Users\\user\\Desktop\\EMPLEOS JESS\\dataconnect": could not find dataconnect.yaml in `c:\Users\user\Desktop\EMPLEOS JESS\dataconnect`
 {"metadata":{"emulator":{"name":"dataconnect"},"message":"E0831 14:03:13.974106    2480 watch.go:40] Failed to load config from \"c:\\\\Users\\\\user\\\\Desktop\\\\EMPLEOS JESS\\\\dataconnect\": could not find dataconnect.yaml in `c:\\Users\\user\\Desktop\\EMPLEOS JESS\\dataconnect`\n"}}
[debug] [2026-08-31T18:03:23.973Z] E0831 14:03:23.973186    2480 watch.go:40] Failed to load config from "c:\\Users\\user\\Desktop\\EMPLEOS JESS\\dataconnect": could not find dataconnect.yaml in `c:\Users\user\Desktop\EMPLEOS JESS\dataconnect`
 {"metadata":{"emulator":{"name":"dataconnect"},"message":"E0831 14:03:23.973186    2480 watch.go:40] Failed to load config from \"c:\\\\Users\\\\user\\\\Desktop\\\\EMPLEOS JESS\\\\dataconnect\": could not find dataconnect.yaml in `c:\\Users\\user\\Desktop\\EMPLEOS JESS\\dataconnect`\n"}}
[debug] [2026-08-31T18:03:33.973Z] E0831 14:03:33.972880    2480 watch.go:116] watchAllDir unable to walk dir `c:\Users\user\Desktop\EMPLEOS JESS\dataconnect`: GetFileAttributesEx c:\Users\user\Desktop\EMPLEOS JESS\dataconnect: The system cannot find the file specified.
 {"metadata":{"emulator":{"name":"dataconnect"},"message":"E0831 14:03:33.972880    2480 watch.go:116] watchAllDir unable to walk dir `c:\\Users\\user\\Desktop\\EMPLEOS JESS\\dataconnect`: GetFileAttributesEx c:\\Users\\user\\Desktop\\EMPLEOS JESS\\dataconnect: The system cannot find the file specified.\n"}}
[debug] [2026-08-31T18:03:33.975Z] E0831 14:03:33.972880    2480 watch.go:40] Failed to load config from "c:\\Users\\user\\Desktop\\EMPLEOS JESS\\dataconnect": could not find dataconnect.yaml in `c:\Users\user\Desktop\EMPLEOS JESS\dataconnect`
 {"metadata":{"emulator":{"name":"dataconnect"},"message":"E0831 14:03:33.972880    2480 watch.go:40] Failed to load config from \"c:\\\\Users\\\\user\\\\Desktop\\\\EMPLEOS JESS\\\\dataconnect\": could not find dataconnect.yaml in `c:\\Users\\user\\Desktop\\EMPLEOS JESS\\dataconnect`\n"}}
[debug] [2026-08-31T18:03:43.974Z] E0831 14:03:43.973226    2480 watch.go:40] Failed to load config from "c:\\Users\\user\\Desktop\\EMPLEOS JESS\\dataconnect": could not find dataconnect.yaml in `c:\Users\user\Desktop\EMPLEOS JESS\dataconnect`
 {"metadata":{"emulator":{"name":"dataconnect"},"message":"E0831 14:03:43.973226    2480 watch.go:40] Failed to load config from \"c:\\\\Users\\\\user\\\\Desktop\\\\EMPLEOS JESS\\\\dataconnect\": could not find dataconnect.yaml in `c:\\Users\\user\\Desktop\\EMPLEOS JESS\\dataconnect`\n"}}
[debug] [2026-08-31T18:03:53.974Z] E0831 14:03:53.973930    2480 watch.go:40] Failed to load config from "c:\\Users\\user\\Desktop\\EMPLEOS JESS\\dataconnect": could not find dataconnect.yaml in `c:\Users\user\Desktop\EMPLEOS JESS\dataconnect`
 {"metadata":{"emulator":{"name":"dataconnect"},"message":"E0831 14:03:53.973930    2480 watch.go:40] Failed to load config from \"c:\\\\Users\\\\user\\\\Desktop\\\\EMPLEOS JESS\\\\dataconnect\": could not find dataconnect.yaml in `c:\\Users\\user\\Desktop\\EMPLEOS JESS\\dataconnect`\n"}}
[debug] [2026-08-31T18:04:03.974Z] E0831 14:04:03.973704    2480 watch.go:40] Failed to load config from "c:\\Users\\user\\Desktop\\EMPLEOS JESS\\dataconnect": could not find dataconnect.yaml in `c:\Users\user\Desktop\EMPLEOS JESS\dataconnect`
 {"metadata":{"emulator":{"name":"dataconnect"},"message":"E0831 14:04:03.973704    2480 watch.go:40] Failed to load config from \"c:\\\\Users\\\\user\\\\Desktop\\\\EMPLEOS JESS\\\\dataconnect\": could not find dataconnect.yaml in `c:\\Users\\user\\Desktop\\EMPLEOS JESS\\dataconnect`\n"}}
[debug] [2026-08-31T18:04:13.974Z] E0831 14:04:13.974129    2480 watch.go:40] Failed to load config from "c:\\Users\\user\\Desktop\\EMPLEOS JESS\\dataconnect": could not find dataconnect.yaml in `c:\Users\user\Desktop\EMPLEOS JESS\dataconnect`
 {"metadata":{"emulator":{"name":"dataconnect"},"message":"E0831 14:04:13.974129    2480 watch.go:40] Failed to load config from \"c:\\\\Users\\\\user\\\\Desktop\\\\EMPLEOS JESS\\\\dataconnect\": could not find dataconnect.yaml in `c:\\Users\\user\\Desktop\\EMPLEOS JESS\\dataconnect`\n"}}
[debug] [2026-08-31T18:04:23.973Z] E0831 14:04:23.973293    2480 watch.go:40] Failed to load config from "c:\\Users\\user\\Desktop\\EMPLEOS JESS\\dataconnect": could not find dataconnect.yaml in `c:\Users\user\Desktop\EMPLEOS JESS\dataconnect`
 {"metadata":{"emulator":{"name":"dataconnect"},"message":"E0831 14:04:23.973293    2480 watch.go:40] Failed to load config from \"c:\\\\Users\\\\user\\\\Desktop\\\\EMPLEOS JESS\\\\dataconnect\": could not find dataconnect.yaml in `c:\\Users\\user\\Desktop\\EMPLEOS JESS\\dataconnect`\n"}}
[debug] [2026-08-31T18:04:33.973Z] E0831 14:04:33.972932    2480 watch.go:116] watchAllDir unable to walk dir `c:\Users\user\Desktop\EMPLEOS JESS\dataconnect`: GetFileAttributesEx c:\Users\user\Desktop\EMPLEOS JESS\dataconnect: The system cannot find the file specified.
 {"metadata":{"emulator":{"name":"dataconnect"},"message":"E0831 14:04:33.972932    2480 watch.go:116] watchAllDir unable to walk dir `c:\\Users\\user\\Desktop\\EMPLEOS JESS\\dataconnect`: GetFileAttributesEx c:\\Users\\user\\Desktop\\EMPLEOS JESS\\dataconnect: The system cannot find the file specified.\n"}}
[debug] [2026-08-31T18:04:33.975Z] E0831 14:04:33.974025    2480 watch.go:40] Failed to load config from "c:\\Users\\user\\Desktop\\EMPLEOS JESS\\dataconnect": could not find dataconnect.yaml in `c:\Users\user\Desktop\EMPLEOS JESS\dataconnect`
 {"metadata":{"emulator":{"name":"dataconnect"},"message":"E0831 14:04:33.974025    2480 watch.go:40] Failed to load config from \"c:\\\\Users\\\\user\\\\Desktop\\\\EMPLEOS JESS\\\\dataconnect\": could not find dataconnect.yaml in `c:\\Users\\user\\Desktop\\EMPLEOS JESS\\dataconnect`\n"}}
[debug] [2026-08-31T18:04:43.972Z] E0831 14:04:43.972349    2480 watch.go:40] Failed to load config from "c:\\Users\\user\\Desktop\\EMPLEOS JESS\\dataconnect": could not find dataconnect.yaml in `c:\Users\user\Desktop\EMPLEOS JESS\dataconnect`
 {"metadata":{"emulator":{"name":"dataconnect"},"message":"E0831 14:04:43.972349    2480 watch.go:40] Failed to load config from \"c:\\\\Users\\\\user\\\\Desktop\\\\EMPLEOS JESS\\\\dataconnect\": could not find dataconnect.yaml in `c:\\Users\\user\\Desktop\\EMPLEOS JESS\\dataconnect`\n"}}
[debug] [2026-08-31T18:04:53.973Z] E0831 14:04:53.972406    2480 watch.go:40] Failed to load config from "c:\\Users\\user\\Desktop\\EMPLEOS JESS\\dataconnect": could not find dataconnect.yaml in `c:\Users\user\Desktop\EMPLEOS JESS\dataconnect`
 {"metadata":{"emulator":{"name":"dataconnect"},"message":"E0831 14:04:53.972406    2480 watch.go:40] Failed to load config from \"c:\\\\Users\\\\user\\\\Desktop\\\\EMPLEOS JESS\\\\dataconnect\": could not find dataconnect.yaml in `c:\\Users\\user\\Desktop\\EMPLEOS JESS\\dataconnect`\n"}}
[debug] [2026-08-31T18:05:03.972Z] E0831 14:05:03.972618    2480 watch.go:40] Failed to load config from "c:\\Users\\user\\Desktop\\EMPLEOS JESS\\dataconnect": could not find dataconnect.yaml in `c:\Users\user\Desktop\EMPLEOS JESS\dataconnect`
 {"metadata":{"emulator":{"name":"dataconnect"},"message":"E0831 14:05:03.972618    2480 watch.go:40] Failed to load config from \"c:\\\\Users\\\\user\\\\Desktop\\\\EMPLEOS JESS\\\\dataconnect\": could not find dataconnect.yaml in `c:\\Users\\user\\Desktop\\EMPLEOS JESS\\dataconnect`\n"}}
[debug] [2026-08-31T18:05:13.975Z] E0831 14:05:13.974830    2480 watch.go:40] Failed to load config from "c:\\Users\\user\\Desktop\\EMPLEOS JESS\\dataconnect": could not find dataconnect.yaml in `c:\Users\user\Desktop\EMPLEOS JESS\dataconnect`
 {"metadata":{"emulator":{"name":"dataconnect"},"message":"E0831 14:05:13.974830    2480 watch.go:40] Failed to load config from \"c:\\\\Users\\\\user\\\\Desktop\\\\EMPLEOS JESS\\\\dataconnect\": could not find dataconnect.yaml in `c:\\Users\\user\\Desktop\\EMPLEOS JESS\\dataconnect`\n"}}
[debug] [2026-08-31T18:05:23.972Z] E0831 14:05:23.972578    2480 watch.go:40] Failed to load config from "c:\\Users\\user\\Desktop\\EMPLEOS JESS\\dataconnect": could not find dataconnect.yaml in `c:\Users\user\Desktop\EMPLEOS JESS\dataconnect`
 {"metadata":{"emulator":{"name":"dataconnect"},"message":"E0831 14:05:23.972578    2480 watch.go:40] Failed to load config from \"c:\\\\Users\\\\user\\\\Desktop\\\\EMPLEOS JESS\\\\dataconnect\": could not find dataconnect.yaml in `c:\\Users\\user\\Desktop\\EMPLEOS JESS\\dataconnect`\n"}}
[debug] [2026-08-31T18:05:33.973Z] E0831 14:05:33.972569    2480 watch.go:116] watchAllDir unable to walk dir `c:\Users\user\Desktop\EMPLEOS JESS\dataconnect`: GetFileAttributesEx c:\Users\user\Desktop\EMPLEOS JESS\dataconnect: The system cannot find the file specified.
 {"metadata":{"emulator":{"name":"dataconnect"},"message":"E0831 14:05:33.972569    2480 watch.go:116] watchAllDir unable to walk dir `c:\\Users\\user\\Desktop\\EMPLEOS JESS\\dataconnect`: GetFileAttributesEx c:\\Users\\user\\Desktop\\EMPLEOS JESS\\dataconnect: The system cannot find the file specified.\n"}}
[debug] [2026-08-31T18:05:33.975Z] E0831 14:05:33.972569    2480 watch.go:40] Failed to load config from "c:\\Users\\user\\Desktop\\EMPLEOS JESS\\dataconnect": could not find dataconnect.yaml in `c:\Users\user\Desktop\EMPLEOS JESS\dataconnect`
 {"metadata":{"emulator":{"name":"dataconnect"},"message":"E0831 14:05:33.972569    2480 watch.go:40] Failed to load config from \"c:\\\\Users\\\\user\\\\Desktop\\\\EMPLEOS JESS\\\\dataconnect\": could not find dataconnect.yaml in `c:\\Users\\user\\Desktop\\EMPLEOS JESS\\dataconnect`\n"}}
[debug] [2026-08-31T18:05:43.975Z] E0831 14:05:43.975703    2480 watch.go:40] Failed to load config from "c:\\Users\\user\\Desktop\\EMPLEOS JESS\\dataconnect": could not find dataconnect.yaml in `c:\Users\user\Desktop\EMPLEOS JESS\dataconnect`
 {"metadata":{"emulator":{"name":"dataconnect"},"message":"E0831 14:05:43.975703    2480 watch.go:40] Failed to load config from \"c:\\\\Users\\\\user\\\\Desktop\\\\EMPLEOS JESS\\\\dataconnect\": could not find dataconnect.yaml in `c:\\Users\\user\\Desktop\\EMPLEOS JESS\\dataconnect`\n"}}
[debug] [2026-08-31T18:05:53.973Z] E0831 14:05:53.973062    2480 watch.go:40] Failed to load config from "c:\\Users\\user\\Desktop\\EMPLEOS JESS\\dataconnect": could not find dataconnect.yaml in `c:\Users\user\Desktop\EMPLEOS JESS\dataconnect`
 {"metadata":{"emulator":{"name":"dataconnect"},"message":"E0831 14:05:53.973062    2480 watch.go:40] Failed to load config from \"c:\\\\Users\\\\user\\\\Desktop\\\\EMPLEOS JESS\\\\dataconnect\": could not find dataconnect.yaml in `c:\\Users\\user\\Desktop\\EMPLEOS JESS\\dataconnect`\n"}}
[debug] [2026-08-31T18:06:03.973Z] E0831 14:06:03.973486    2480 watch.go:40] Failed to load config from "c:\\Users\\user\\Desktop\\EMPLEOS JESS\\dataconnect": could not find dataconnect.yaml in `c:\Users\user\Desktop\EMPLEOS JESS\dataconnect`
 {"metadata":{"emulator":{"name":"dataconnect"},"message":"E0831 14:06:03.973486    2480 watch.go:40] Failed to load config from \"c:\\\\Users\\\\user\\\\Desktop\\\\EMPLEOS JESS\\\\dataconnect\": could not find dataconnect.yaml in `c:\\Users\\user\\Desktop\\EMPLEOS JESS\\dataconnect`\n"}}
[debug] [2026-08-31T18:06:13.972Z] E0831 14:06:13.972303    2480 watch.go:40] Failed to load config from "c:\\Users\\user\\Desktop\\EMPLEOS JESS\\dataconnect": could not find dataconnect.yaml in `c:\Users\user\Desktop\EMPLEOS JESS\dataconnect`
 {"metadata":{"emulator":{"name":"dataconnect"},"message":"E0831 14:06:13.972303    2480 watch.go:40] Failed to load config from \"c:\\\\Users\\\\user\\\\Desktop\\\\EMPLEOS JESS\\\\dataconnect\": could not find dataconnect.yaml in `c:\\Users\\user\\Desktop\\EMPLEOS JESS\\dataconnect`\n"}}
[debug] [2026-08-31T18:06:23.972Z] E0831 14:06:23.972369    2480 watch.go:40] Failed to load config from "c:\\Users\\user\\Desktop\\EMPLEOS JESS\\dataconnect": could not find dataconnect.yaml in `c:\Users\user\Desktop\EMPLEOS JESS\dataconnect`
 {"metadata":{"emulator":{"name":"dataconnect"},"message":"E0831 14:06:23.972369    2480 watch.go:40] Failed to load config from \"c:\\\\Users\\\\user\\\\Desktop\\\\EMPLEOS JESS\\\\dataconnect\": could not find dataconnect.yaml in `c:\\Users\\user\\Desktop\\EMPLEOS JESS\\dataconnect`\n"}}
[debug] [2026-08-31T18:06:33.973Z] E0831 14:06:33.973630    2480 watch.go:116] watchAllDir unable to walk dir `c:\Users\user\Desktop\EMPLEOS JESS\dataconnect`: GetFileAttributesEx c:\Users\user\Desktop\EMPLEOS JESS\dataconnect: The system cannot find the file specified.
 {"metadata":{"emulator":{"name":"dataconnect"},"message":"E0831 14:06:33.973630    2480 watch.go:116] watchAllDir unable to walk dir `c:\\Users\\user\\Desktop\\EMPLEOS JESS\\dataconnect`: GetFileAttributesEx c:\\Users\\user\\Desktop\\EMPLEOS JESS\\dataconnect: The system cannot find the file specified.\n"}}
[debug] [2026-08-31T18:06:33.974Z] E0831 14:06:33.973630    2480 watch.go:40] Failed to load config from "c:\\Users\\user\\Desktop\\EMPLEOS JESS\\dataconnect": could not find dataconnect.yaml in `c:\Users\user\Desktop\EMPLEOS JESS\dataconnect`
 {"metadata":{"emulator":{"name":"dataconnect"},"message":"E0831 14:06:33.973630    2480 watch.go:40] Failed to load config from \"c:\\\\Users\\\\user\\\\Desktop\\\\EMPLEOS JESS\\\\dataconnect\": could not find dataconnect.yaml in `c:\\Users\\user\\Desktop\\EMPLEOS JESS\\dataconnect`\n"}}
[debug] [2026-08-31T18:06:43.974Z] E0831 14:06:43.973993    2480 watch.go:40] Failed to load config from "c:\\Users\\user\\Desktop\\EMPLEOS JESS\\dataconnect": could not find dataconnect.yaml in `c:\Users\user\Desktop\EMPLEOS JESS\dataconnect`
 {"metadata":{"emulator":{"name":"dataconnect"},"message":"E0831 14:06:43.973993    2480 watch.go:40] Failed to load config from \"c:\\\\Users\\\\user\\\\Desktop\\\\EMPLEOS JESS\\\\dataconnect\": could not find dataconnect.yaml in `c:\\Users\\user\\Desktop\\EMPLEOS JESS\\dataconnect`\n"}}
[debug] [2026-08-31T18:06:53.973Z] E0831 14:06:53.972679    2480 watch.go:40] Failed to load config from "c:\\Users\\user\\Desktop\\EMPLEOS JESS\\dataconnect": could not find dataconnect.yaml in `c:\Users\user\Desktop\EMPLEOS JESS\dataconnect`
 {"metadata":{"emulator":{"name":"dataconnect"},"message":"E0831 14:06:53.972679    2480 watch.go:40] Failed to load config from \"c:\\\\Users\\\\user\\\\Desktop\\\\EMPLEOS JESS\\\\dataconnect\": could not find dataconnect.yaml in `c:\\Users\\user\\Desktop\\EMPLEOS JESS\\dataconnect`\n"}}
[debug] [2026-08-31T18:07:03.973Z] E0831 14:07:03.973420    2480 watch.go:40] Failed to load config from "c:\\Users\\user\\Desktop\\EMPLEOS JESS\\dataconnect": could not find dataconnect.yaml in `c:\Users\user\Desktop\EMPLEOS JESS\dataconnect`
 {"metadata":{"emulator":{"name":"dataconnect"},"message":"E0831 14:07:03.973420    2480 watch.go:40] Failed to load config from \"c:\\\\Users\\\\user\\\\Desktop\\\\EMPLEOS JESS\\\\dataconnect\": could not find dataconnect.yaml in `c:\\Users\\user\\Desktop\\EMPLEOS JESS\\dataconnect`\n"}}
[debug] [2026-08-31T18:07:13.972Z] E0831 14:07:13.972638    2480 watch.go:40] Failed to load config from "c:\\Users\\user\\Desktop\\EMPLEOS JESS\\dataconnect": could not find dataconnect.yaml in `c:\Users\user\Desktop\EMPLEOS JESS\dataconnect`
 {"metadata":{"emulator":{"name":"dataconnect"},"message":"E0831 14:07:13.972638    2480 watch.go:40] Failed to load config from \"c:\\\\Users\\\\user\\\\Desktop\\\\EMPLEOS JESS\\\\dataconnect\": could not find dataconnect.yaml in `c:\\Users\\user\\Desktop\\EMPLEOS JESS\\dataconnect`\n"}}
[debug] [2026-08-31T18:07:23.972Z] E0831 14:07:23.972451    2480 watch.go:40] Failed to load config from "c:\\Users\\user\\Desktop\\EMPLEOS JESS\\dataconnect": could not find dataconnect.yaml in `c:\Users\user\Desktop\EMPLEOS JESS\dataconnect`
 {"metadata":{"emulator":{"name":"dataconnect"},"message":"E0831 14:07:23.972451    2480 watch.go:40] Failed to load config from \"c:\\\\Users\\\\user\\\\Desktop\\\\EMPLEOS JESS\\\\dataconnect\": could not find dataconnect.yaml in `c:\\Users\\user\\Desktop\\EMPLEOS JESS\\dataconnect`\n"}}
[debug] [2026-08-31T18:07:33.974Z] E0831 14:07:33.973697    2480 watch.go:116] watchAllDir unable to walk dir `c:\Users\user\Desktop\EMPLEOS JESS\dataconnect`: GetFileAttributesEx c:\Users\user\Desktop\EMPLEOS JESS\dataconnect: The system cannot find the file specified.
 {"metadata":{"emulator":{"name":"dataconnect"},"message":"E0831 14:07:33.973697    2480 watch.go:116] watchAllDir unable to walk dir `c:\\Users\\user\\Desktop\\EMPLEOS JESS\\dataconnect`: GetFileAttributesEx c:\\Users\\user\\Desktop\\EMPLEOS JESS\\dataconnect: The system cannot find the file specified.\n"}}
[debug] [2026-08-31T18:07:33.976Z] E0831 14:07:33.974788    2480 watch.go:40] Failed to load config from "c:\\Users\\user\\Desktop\\EMPLEOS JESS\\dataconnect": could not find dataconnect.yaml in `c:\Users\user\Desktop\EMPLEOS JESS\dataconnect`
 {"metadata":{"emulator":{"name":"dataconnect"},"message":"E0831 14:07:33.974788    2480 watch.go:40] Failed to load config from \"c:\\\\Users\\\\user\\\\Desktop\\\\EMPLEOS JESS\\\\dataconnect\": could not find dataconnect.yaml in `c:\\Users\\user\\Desktop\\EMPLEOS JESS\\dataconnect`\n"}}
[debug] [2026-08-31T18:07:43.972Z] E0831 14:07:43.972570    2480 watch.go:40] Failed to load config from "c:\\Users\\user\\Desktop\\EMPLEOS JESS\\dataconnect": could not find dataconnect.yaml in `c:\Users\user\Desktop\EMPLEOS JESS\dataconnect`
 {"metadata":{"emulator":{"name":"dataconnect"},"message":"E0831 14:07:43.972570    2480 watch.go:40] Failed to load config from \"c:\\\\Users\\\\user\\\\Desktop\\\\EMPLEOS JESS\\\\dataconnect\": could not find dataconnect.yaml in `c:\\Users\\user\\Desktop\\EMPLEOS JESS\\dataconnect`\n"}}
[debug] [2026-08-31T18:07:53.974Z] E0831 14:07:53.973662    2480 watch.go:40] Failed to load config from "c:\\Users\\user\\Desktop\\EMPLEOS JESS\\dataconnect": could not find dataconnect.yaml in `c:\Users\user\Desktop\EMPLEOS JESS\dataconnect`
 {"metadata":{"emulator":{"name":"dataconnect"},"message":"E0831 14:07:53.973662    2480 watch.go:40] Failed to load config from \"c:\\\\Users\\\\user\\\\Desktop\\\\EMPLEOS JESS\\\\dataconnect\": could not find dataconnect.yaml in `c:\\Users\\user\\Desktop\\EMPLEOS JESS\\dataconnect`\n"}}
[debug] [2026-08-31T18:08:03.972Z] E0831 14:08:03.972296    2480 watch.go:40] Failed to load config from "c:\\Users\\user\\Desktop\\EMPLEOS JESS\\dataconnect": could not find dataconnect.yaml in `c:\Users\user\Desktop\EMPLEOS JESS\dataconnect`
 {"metadata":{"emulator":{"name":"dataconnect"},"message":"E0831 14:08:03.972296    2480 watch.go:40] Failed to load config from \"c:\\\\Users\\\\user\\\\Desktop\\\\EMPLEOS JESS\\\\dataconnect\": could not find dataconnect.yaml in `c:\\Users\\user\\Desktop\\EMPLEOS JESS\\dataconnect`\n"}}
[debug] [2026-08-31T18:08:13.975Z] E0831 14:08:13.973783    2480 watch.go:40] Failed to load config from "c:\\Users\\user\\Desktop\\EMPLEOS JESS\\dataconnect": could not find dataconnect.yaml in `c:\Users\user\Desktop\EMPLEOS JESS\dataconnect`
 {"metadata":{"emulator":{"name":"dataconnect"},"message":"E0831 14:08:13.973783    2480 watch.go:40] Failed to load config from \"c:\\\\Users\\\\user\\\\Desktop\\\\EMPLEOS JESS\\\\dataconnect\": could not find dataconnect.yaml in `c:\\Users\\user\\Desktop\\EMPLEOS JESS\\dataconnect`\n"}}
[debug] [2026-08-31T18:08:23.973Z] E0831 14:08:23.972723    2480 watch.go:40] Failed to load config from "c:\\Users\\user\\Desktop\\EMPLEOS JESS\\dataconnect": could not find dataconnect.yaml in `c:\Users\user\Desktop\EMPLEOS JESS\dataconnect`
 {"metadata":{"emulator":{"name":"dataconnect"},"message":"E0831 14:08:23.972723    2480 watch.go:40] Failed to load config from \"c:\\\\Users\\\\user\\\\Desktop\\\\EMPLEOS JESS\\\\dataconnect\": could not find dataconnect.yaml in `c:\\Users\\user\\Desktop\\EMPLEOS JESS\\dataconnect`\n"}}
[debug] [2026-08-31T18:08:33.973Z] E0831 14:08:33.973093    2480 watch.go:116] watchAllDir unable to walk dir `c:\Users\user\Desktop\EMPLEOS JESS\dataconnect`: GetFileAttributesEx c:\Users\user\Desktop\EMPLEOS JESS\dataconnect: The system cannot find the file specified.
 {"metadata":{"emulator":{"name":"dataconnect"},"message":"E0831 14:08:33.973093    2480 watch.go:116] watchAllDir unable to walk dir `c:\\Users\\user\\Desktop\\EMPLEOS JESS\\dataconnect`: GetFileAttributesEx c:\\Users\\user\\Desktop\\EMPLEOS JESS\\dataconnect: The system cannot find the file specified.\n"}}
[debug] [2026-08-31T18:08:33.974Z] E0831 14:08:33.973093    2480 watch.go:40] Failed to load config from "c:\\Users\\user\\Desktop\\EMPLEOS JESS\\dataconnect": could not find dataconnect.yaml in `c:\Users\user\Desktop\EMPLEOS JESS\dataconnect`
 {"metadata":{"emulator":{"name":"dataconnect"},"message":"E0831 14:08:33.973093    2480 watch.go:40] Failed to load config from \"c:\\\\Users\\\\user\\\\Desktop\\\\EMPLEOS JESS\\\\dataconnect\": could not find dataconnect.yaml in `c:\\Users\\user\\Desktop\\EMPLEOS JESS\\dataconnect`\n"}}
[debug] [2026-08-31T18:08:43.972Z] E0831 14:08:43.973437    2480 watch.go:40] Failed to load config from "c:\\Users\\user\\Desktop\\EMPLEOS JESS\\dataconnect": could not find dataconnect.yaml in `c:\Users\user\Desktop\EMPLEOS JESS\dataconnect`
 {"metadata":{"emulator":{"name":"dataconnect"},"message":"E0831 14:08:43.973437    2480 watch.go:40] Failed to load config from \"c:\\\\Users\\\\user\\\\Desktop\\\\EMPLEOS JESS\\\\dataconnect\": could not find dataconnect.yaml in `c:\\Users\\user\\Desktop\\EMPLEOS JESS\\dataconnect`\n"}}
[debug] [2026-08-31T18:08:53.971Z] E0831 14:08:53.972151    2480 watch.go:40] Failed to load config from "c:\\Users\\user\\Desktop\\EMPLEOS JESS\\dataconnect": could not find dataconnect.yaml in `c:\Users\user\Desktop\EMPLEOS JESS\dataconnect`
 {"metadata":{"emulator":{"name":"dataconnect"},"message":"E0831 14:08:53.972151    2480 watch.go:40] Failed to load config from \"c:\\\\Users\\\\user\\\\Desktop\\\\EMPLEOS JESS\\\\dataconnect\": could not find dataconnect.yaml in `c:\\Users\\user\\Desktop\\EMPLEOS JESS\\dataconnect`\n"}}
[debug] [2026-08-31T18:09:03.971Z] E0831 14:09:03.972159    2480 watch.go:40] Failed to load config from "c:\\Users\\user\\Desktop\\EMPLEOS JESS\\dataconnect": could not find dataconnect.yaml in `c:\Users\user\Desktop\EMPLEOS JESS\dataconnect`
 {"metadata":{"emulator":{"name":"dataconnect"},"message":"E0831 14:09:03.972159    2480 watch.go:40] Failed to load config from \"c:\\\\Users\\\\user\\\\Desktop\\\\EMPLEOS JESS\\\\dataconnect\": could not find dataconnect.yaml in `c:\\Users\\user\\Desktop\\EMPLEOS JESS\\dataconnect`\n"}}
[debug] [2026-08-31T18:09:13.972Z] E0831 14:09:13.973053    2480 watch.go:40] Failed to load config from "c:\\Users\\user\\Desktop\\EMPLEOS JESS\\dataconnect": could not find dataconnect.yaml in `c:\Users\user\Desktop\EMPLEOS JESS\dataconnect`
 {"metadata":{"emulator":{"name":"dataconnect"},"message":"E0831 14:09:13.973053    2480 watch.go:40] Failed to load config from \"c:\\\\Users\\\\user\\\\Desktop\\\\EMPLEOS JESS\\\\dataconnect\": could not find dataconnect.yaml in `c:\\Users\\user\\Desktop\\EMPLEOS JESS\\dataconnect`\n"}}
[debug] [2026-08-31T18:09:23.972Z] E0831 14:09:23.972873    2480 watch.go:40] Failed to load config from "c:\\Users\\user\\Desktop\\EMPLEOS JESS\\dataconnect": could not find dataconnect.yaml in `c:\Users\user\Desktop\EMPLEOS JESS\dataconnect`
 {"metadata":{"emulator":{"name":"dataconnect"},"message":"E0831 14:09:23.972873    2480 watch.go:40] Failed to load config from \"c:\\\\Users\\\\user\\\\Desktop\\\\EMPLEOS JESS\\\\dataconnect\": could not find dataconnect.yaml in `c:\\Users\\user\\Desktop\\EMPLEOS JESS\\dataconnect`\n"}}
[debug] [2026-08-31T18:09:33.971Z] E0831 14:09:33.972565    2480 watch.go:116] watchAllDir unable to walk dir `c:\Users\user\Desktop\EMPLEOS JESS\dataconnect`: GetFileAttributesEx c:\Users\user\Desktop\EMPLEOS JESS\dataconnect: The system cannot find the file specified.
 {"metadata":{"emulator":{"name":"dataconnect"},"message":"E0831 14:09:33.972565    2480 watch.go:116] watchAllDir unable to walk dir `c:\\Users\\user\\Desktop\\EMPLEOS JESS\\dataconnect`: GetFileAttributesEx c:\\Users\\user\\Desktop\\EMPLEOS JESS\\dataconnect: The system cannot find the file specified.\n"}}
[debug] [2026-08-31T18:09:33.972Z] E0831 14:09:33.972565    2480 watch.go:40] Failed to load config from "c:\\Users\\user\\Desktop\\EMPLEOS JESS\\dataconnect": could not find dataconnect.yaml in `c:\Users\user\Desktop\EMPLEOS JESS\dataconnect`
 {"metadata":{"emulator":{"name":"dataconnect"},"message":"E0831 14:09:33.972565    2480 watch.go:40] Failed to load config from \"c:\\\\Users\\\\user\\\\Desktop\\\\EMPLEOS JESS\\\\dataconnect\": could not find dataconnect.yaml in `c:\\Users\\user\\Desktop\\EMPLEOS JESS\\dataconnect`\n"}}
[debug] [2026-08-31T18:09:43.974Z] E0831 14:09:43.974606    2480 watch.go:40] Failed to load config from "c:\\Users\\user\\Desktop\\EMPLEOS JESS\\dataconnect": could not find dataconnect.yaml in `c:\Users\user\Desktop\EMPLEOS JESS\dataconnect`
 {"metadata":{"emulator":{"name":"dataconnect"},"message":"E0831 14:09:43.974606    2480 watch.go:40] Failed to load config from \"c:\\\\Users\\\\user\\\\Desktop\\\\EMPLEOS JESS\\\\dataconnect\": could not find dataconnect.yaml in `c:\\Users\\user\\Desktop\\EMPLEOS JESS\\dataconnect`\n"}}
[debug] [2026-08-31T18:09:53.972Z] E0831 14:09:53.972589    2480 watch.go:40] Failed to load config from "c:\\Users\\user\\Desktop\\EMPLEOS JESS\\dataconnect": could not find dataconnect.yaml in `c:\Users\user\Desktop\EMPLEOS JESS\dataconnect`
 {"metadata":{"emulator":{"name":"dataconnect"},"message":"E0831 14:09:53.972589    2480 watch.go:40] Failed to load config from \"c:\\\\Users\\\\user\\\\Desktop\\\\EMPLEOS JESS\\\\dataconnect\": could not find dataconnect.yaml in `c:\\Users\\user\\Desktop\\EMPLEOS JESS\\dataconnect`\n"}}
[debug] [2026-08-31T18:10:03.972Z] E0831 14:10:03.972745    2480 watch.go:40] Failed to load config from "c:\\Users\\user\\Desktop\\EMPLEOS JESS\\dataconnect": could not find dataconnect.yaml in `c:\Users\user\Desktop\EMPLEOS JESS\dataconnect`
 {"metadata":{"emulator":{"name":"dataconnect"},"message":"E0831 14:10:03.972745    2480 watch.go:40] Failed to load config from \"c:\\\\Users\\\\user\\\\Desktop\\\\EMPLEOS JESS\\\\dataconnect\": could not find dataconnect.yaml in `c:\\Users\\user\\Desktop\\EMPLEOS JESS\\dataconnect`\n"}}
[debug] [2026-08-31T18:10:13.972Z] E0831 14:10:13.972507    2480 watch.go:40] Failed to load config from "c:\\Users\\user\\Desktop\\EMPLEOS JESS\\dataconnect": could not find dataconnect.yaml in `c:\Users\user\Desktop\EMPLEOS JESS\dataconnect`
 {"metadata":{"emulator":{"name":"dataconnect"},"message":"E0831 14:10:13.972507    2480 watch.go:40] Failed to load config from \"c:\\\\Users\\\\user\\\\Desktop\\\\EMPLEOS JESS\\\\dataconnect\": could not find dataconnect.yaml in `c:\\Users\\user\\Desktop\\EMPLEOS JESS\\dataconnect`\n"}}
[debug] [2026-08-31T18:10:23.972Z] E0831 14:10:23.972666    2480 watch.go:40] Failed to load config from "c:\\Users\\user\\Desktop\\EMPLEOS JESS\\dataconnect": could not find dataconnect.yaml in `c:\Users\user\Desktop\EMPLEOS JESS\dataconnect`
 {"metadata":{"emulator":{"name":"dataconnect"},"message":"E0831 14:10:23.972666    2480 watch.go:40] Failed to load config from \"c:\\\\Users\\\\user\\\\Desktop\\\\EMPLEOS JESS\\\\dataconnect\": could not find dataconnect.yaml in `c:\\Users\\user\\Desktop\\EMPLEOS JESS\\dataconnect`\n"}}
[debug] [2026-08-31T18:10:33.972Z] E0831 14:10:33.972623    2480 watch.go:116] watchAllDir unable to walk dir `c:\Users\user\Desktop\EMPLEOS JESS\dataconnect`: GetFileAttributesEx c:\Users\user\Desktop\EMPLEOS JESS\dataconnect: The system cannot find the file specified.
 {"metadata":{"emulator":{"name":"dataconnect"},"message":"E0831 14:10:33.972623    2480 watch.go:116] watchAllDir unable to walk dir `c:\\Users\\user\\Desktop\\EMPLEOS JESS\\dataconnect`: GetFileAttributesEx c:\\Users\\user\\Desktop\\EMPLEOS JESS\\dataconnect: The system cannot find the file specified.\n"}}
[debug] [2026-08-31T18:10:33.973Z] E0831 14:10:33.973172    2480 watch.go:40] Failed to load config from "c:\\Users\\user\\Desktop\\EMPLEOS JESS\\dataconnect": could not find dataconnect.yaml in `c:\Users\user\Desktop\EMPLEOS JESS\dataconnect`
 {"metadata":{"emulator":{"name":"dataconnect"},"message":"E0831 14:10:33.973172    2480 watch.go:40] Failed to load config from \"c:\\\\Users\\\\user\\\\Desktop\\\\EMPLEOS JESS\\\\dataconnect\": could not find dataconnect.yaml in `c:\\Users\\user\\Desktop\\EMPLEOS JESS\\dataconnect`\n"}}
[debug] [2026-08-31T18:10:43.976Z] E0831 14:10:43.975840    2480 watch.go:40] Failed to load config from "c:\\Users\\user\\Desktop\\EMPLEOS JESS\\dataconnect": could not find dataconnect.yaml in `c:\Users\user\Desktop\EMPLEOS JESS\dataconnect`
 {"metadata":{"emulator":{"name":"dataconnect"},"message":"E0831 14:10:43.975840    2480 watch.go:40] Failed to load config from \"c:\\\\Users\\\\user\\\\Desktop\\\\EMPLEOS JESS\\\\dataconnect\": could not find dataconnect.yaml in `c:\\Users\\user\\Desktop\\EMPLEOS JESS\\dataconnect`\n"}}
[debug] [2026-08-31T18:10:53.975Z] E0831 14:10:53.974832    2480 watch.go:40] Failed to load config from "c:\\Users\\user\\Desktop\\EMPLEOS JESS\\dataconnect": could not find dataconnect.yaml in `c:\Users\user\Desktop\EMPLEOS JESS\dataconnect`
 {"metadata":{"emulator":{"name":"dataconnect"},"message":"E0831 14:10:53.974832    2480 watch.go:40] Failed to load config from \"c:\\\\Users\\\\user\\\\Desktop\\\\EMPLEOS JESS\\\\dataconnect\": could not find dataconnect.yaml in `c:\\Users\\user\\Desktop\\EMPLEOS JESS\\dataconnect`\n"}}
[debug] [2026-08-31T18:11:03.973Z] E0831 14:11:03.973074    2480 watch.go:40] Failed to load config from "c:\\Users\\user\\Desktop\\EMPLEOS JESS\\dataconnect": could not find dataconnect.yaml in `c:\Users\user\Desktop\EMPLEOS JESS\dataconnect`
 {"metadata":{"emulator":{"name":"dataconnect"},"message":"E0831 14:11:03.973074    2480 watch.go:40] Failed to load config from \"c:\\\\Users\\\\user\\\\Desktop\\\\EMPLEOS JESS\\\\dataconnect\": could not find dataconnect.yaml in `c:\\Users\\user\\Desktop\\EMPLEOS JESS\\dataconnect`\n"}}
[debug] [2026-08-31T18:11:13.973Z] E0831 14:11:13.972455    2480 watch.go:40] Failed to load config from "c:\\Users\\user\\Desktop\\EMPLEOS JESS\\dataconnect": could not find dataconnect.yaml in `c:\Users\user\Desktop\EMPLEOS JESS\dataconnect`
 {"metadata":{"emulator":{"name":"dataconnect"},"message":"E0831 14:11:13.972455    2480 watch.go:40] Failed to load config from \"c:\\\\Users\\\\user\\\\Desktop\\\\EMPLEOS JESS\\\\dataconnect\": could not find dataconnect.yaml in `c:\\Users\\user\\Desktop\\EMPLEOS JESS\\dataconnect`\n"}}
[debug] [2026-08-31T18:11:23.973Z] E0831 14:11:23.972486    2480 watch.go:40] Failed to load config from "c:\\Users\\user\\Desktop\\EMPLEOS JESS\\dataconnect": could not find dataconnect.yaml in `c:\Users\user\Desktop\EMPLEOS JESS\dataconnect`
 {"metadata":{"emulator":{"name":"dataconnect"},"message":"E0831 14:11:23.972486    2480 watch.go:40] Failed to load config from \"c:\\\\Users\\\\user\\\\Desktop\\\\EMPLEOS JESS\\\\dataconnect\": could not find dataconnect.yaml in `c:\\Users\\user\\Desktop\\EMPLEOS JESS\\dataconnect`\n"}}
[debug] [2026-08-31T18:11:33.995Z] E0831 14:11:33.994536    2480 watch.go:40] Failed to load config from "c:\\Users\\user\\Desktop\\EMPLEOS JESS\\dataconnect": could not find dataconnect.yaml in `c:\Users\user\Desktop\EMPLEOS JESS\dataconnect`
 {"metadata":{"emulator":{"name":"dataconnect"},"message":"E0831 14:11:33.994536    2480 watch.go:40] Failed to load config from \"c:\\\\Users\\\\user\\\\Desktop\\\\EMPLEOS JESS\\\\dataconnect\": could not find dataconnect.yaml in `c:\\Users\\user\\Desktop\\EMPLEOS JESS\\dataconnect`\n"}}
[debug] [2026-08-31T18:11:33.996Z] E0831 14:11:33.995043    2480 watch.go:116] watchAllDir unable to walk dir `c:\Users\user\Desktop\EMPLEOS JESS\dataconnect`: GetFileAttributesEx c:\Users\user\Desktop\EMPLEOS JESS\dataconnect: The system cannot find the file specified.
 {"metadata":{"emulator":{"name":"dataconnect"},"message":"E0831 14:11:33.995043    2480 watch.go:116] watchAllDir unable to walk dir `c:\\Users\\user\\Desktop\\EMPLEOS JESS\\dataconnect`: GetFileAttributesEx c:\\Users\\user\\Desktop\\EMPLEOS JESS\\dataconnect: The system cannot find the file specified.\n"}}
[debug] [2026-08-31T18:11:43.972Z] E0831 14:11:43.972321    2480 watch.go:40] Failed to load config from "c:\\Users\\user\\Desktop\\EMPLEOS JESS\\dataconnect": could not find dataconnect.yaml in `c:\Users\user\Desktop\EMPLEOS JESS\dataconnect`
 {"metadata":{"emulator":{"name":"dataconnect"},"message":"E0831 14:11:43.972321    2480 watch.go:40] Failed to load config from \"c:\\\\Users\\\\user\\\\Desktop\\\\EMPLEOS JESS\\\\dataconnect\": could not find dataconnect.yaml in `c:\\Users\\user\\Desktop\\EMPLEOS JESS\\dataconnect`\n"}}
[debug] [2026-08-31T18:11:53.972Z] E0831 14:11:53.972135    2480 watch.go:40] Failed to load config from "c:\\Users\\user\\Desktop\\EMPLEOS JESS\\dataconnect": could not find dataconnect.yaml in `c:\Users\user\Desktop\EMPLEOS JESS\dataconnect`
 {"metadata":{"emulator":{"name":"dataconnect"},"message":"E0831 14:11:53.972135    2480 watch.go:40] Failed to load config from \"c:\\\\Users\\\\user\\\\Desktop\\\\EMPLEOS JESS\\\\dataconnect\": could not find dataconnect.yaml in `c:\\Users\\user\\Desktop\\EMPLEOS JESS\\dataconnect`\n"}}
[debug] [2026-08-31T18:12:03.973Z] E0831 14:12:03.972481    2480 watch.go:40] Failed to load config from "c:\\Users\\user\\Desktop\\EMPLEOS JESS\\dataconnect": could not find dataconnect.yaml in `c:\Users\user\Desktop\EMPLEOS JESS\dataconnect`
 {"metadata":{"emulator":{"name":"dataconnect"},"message":"E0831 14:12:03.972481    2480 watch.go:40] Failed to load config from \"c:\\\\Users\\\\user\\\\Desktop\\\\EMPLEOS JESS\\\\dataconnect\": could not find dataconnect.yaml in `c:\\Users\\user\\Desktop\\EMPLEOS JESS\\dataconnect`\n"}}
[debug] [2026-08-31T18:12:13.973Z] E0831 14:12:13.972119    2480 watch.go:40] Failed to load config from "c:\\Users\\user\\Desktop\\EMPLEOS JESS\\dataconnect": could not find dataconnect.yaml in `c:\Users\user\Desktop\EMPLEOS JESS\dataconnect`
 {"metadata":{"emulator":{"name":"dataconnect"},"message":"E0831 14:12:13.972119    2480 watch.go:40] Failed to load config from \"c:\\\\Users\\\\user\\\\Desktop\\\\EMPLEOS JESS\\\\dataconnect\": could not find dataconnect.yaml in `c:\\Users\\user\\Desktop\\EMPLEOS JESS\\dataconnect`\n"}}
[debug] [2026-08-31T18:12:23.975Z] E0831 14:12:23.973214    2480 watch.go:40] Failed to load config from "c:\\Users\\user\\Desktop\\EMPLEOS JESS\\dataconnect": could not find dataconnect.yaml in `c:\Users\user\Desktop\EMPLEOS JESS\dataconnect`
 {"metadata":{"emulator":{"name":"dataconnect"},"message":"E0831 14:12:23.973214    2480 watch.go:40] Failed to load config from \"c:\\\\Users\\\\user\\\\Desktop\\\\EMPLEOS JESS\\\\dataconnect\": could not find dataconnect.yaml in `c:\\Users\\user\\Desktop\\EMPLEOS JESS\\dataconnect`\n"}}
[debug] [2026-08-31T18:12:33.972Z] E0831 14:12:33.972571    2480 watch.go:116] watchAllDir unable to walk dir `c:\Users\user\Desktop\EMPLEOS JESS\dataconnect`: GetFileAttributesEx c:\Users\user\Desktop\EMPLEOS JESS\dataconnect: The system cannot find the file specified.
 {"metadata":{"emulator":{"name":"dataconnect"},"message":"E0831 14:12:33.972571    2480 watch.go:116] watchAllDir unable to walk dir `c:\\Users\\user\\Desktop\\EMPLEOS JESS\\dataconnect`: GetFileAttributesEx c:\\Users\\user\\Desktop\\EMPLEOS JESS\\dataconnect: The system cannot find the file specified.\n"}}
[debug] [2026-08-31T18:12:33.975Z] E0831 14:12:33.974242    2480 watch.go:40] Failed to load config from "c:\\Users\\user\\Desktop\\EMPLEOS JESS\\dataconnect": could not find dataconnect.yaml in `c:\Users\user\Desktop\EMPLEOS JESS\dataconnect`
 {"metadata":{"emulator":{"name":"dataconnect"},"message":"E0831 14:12:33.974242    2480 watch.go:40] Failed to load config from \"c:\\\\Users\\\\user\\\\Desktop\\\\EMPLEOS JESS\\\\dataconnect\": could not find dataconnect.yaml in `c:\\Users\\user\\Desktop\\EMPLEOS JESS\\dataconnect`\n"}}
[debug] [2026-08-31T18:12:43.974Z] E0831 14:12:43.973963    2480 watch.go:40] Failed to load config from "c:\\Users\\user\\Desktop\\EMPLEOS JESS\\dataconnect": could not find dataconnect.yaml in `c:\Users\user\Desktop\EMPLEOS JESS\dataconnect`
 {"metadata":{"emulator":{"name":"dataconnect"},"message":"E0831 14:12:43.973963    2480 watch.go:40] Failed to load config from \"c:\\\\Users\\\\user\\\\Desktop\\\\EMPLEOS JESS\\\\dataconnect\": could not find dataconnect.yaml in `c:\\Users\\user\\Desktop\\EMPLEOS JESS\\dataconnect`\n"}}
[debug] [2026-08-31T18:12:53.972Z] E0831 14:12:53.972505    2480 watch.go:40] Failed to load config from "c:\\Users\\user\\Desktop\\EMPLEOS JESS\\dataconnect": could not find dataconnect.yaml in `c:\Users\user\Desktop\EMPLEOS JESS\dataconnect`
 {"metadata":{"emulator":{"name":"dataconnect"},"message":"E0831 14:12:53.972505    2480 watch.go:40] Failed to load config from \"c:\\\\Users\\\\user\\\\Desktop\\\\EMPLEOS JESS\\\\dataconnect\": could not find dataconnect.yaml in `c:\\Users\\user\\Desktop\\EMPLEOS JESS\\dataconnect`\n"}}
[debug] [2026-08-31T18:13:03.975Z] E0831 14:13:03.975090    2480 watch.go:40] Failed to load config from "c:\\Users\\user\\Desktop\\EMPLEOS JESS\\dataconnect": could not find dataconnect.yaml in `c:\Users\user\Desktop\EMPLEOS JESS\dataconnect`
 {"metadata":{"emulator":{"name":"dataconnect"},"message":"E0831 14:13:03.975090    2480 watch.go:40] Failed to load config from \"c:\\\\Users\\\\user\\\\Desktop\\\\EMPLEOS JESS\\\\dataconnect\": could not find dataconnect.yaml in `c:\\Users\\user\\Desktop\\EMPLEOS JESS\\dataconnect`\n"}}
[debug] [2026-08-31T18:13:13.972Z] E0831 14:13:13.972562    2480 watch.go:40] Failed to load config from "c:\\Users\\user\\Desktop\\EMPLEOS JESS\\dataconnect": could not find dataconnect.yaml in `c:\Users\user\Desktop\EMPLEOS JESS\dataconnect`
 {"metadata":{"emulator":{"name":"dataconnect"},"message":"E0831 14:13:13.972562    2480 watch.go:40] Failed to load config from \"c:\\\\Users\\\\user\\\\Desktop\\\\EMPLEOS JESS\\\\dataconnect\": could not find dataconnect.yaml in `c:\\Users\\user\\Desktop\\EMPLEOS JESS\\dataconnect`\n"}}
[debug] [2026-08-31T18:13:23.975Z] E0831 14:13:23.973283    2480 watch.go:40] Failed to load config from "c:\\Users\\user\\Desktop\\EMPLEOS JESS\\dataconnect": could not find dataconnect.yaml in `c:\Users\user\Desktop\EMPLEOS JESS\dataconnect`
 {"metadata":{"emulator":{"name":"dataconnect"},"message":"E0831 14:13:23.973283    2480 watch.go:40] Failed to load config from \"c:\\\\Users\\\\user\\\\Desktop\\\\EMPLEOS JESS\\\\dataconnect\": could not find dataconnect.yaml in `c:\\Users\\user\\Desktop\\EMPLEOS JESS\\dataconnect`\n"}}
[debug] [2026-08-31T18:13:33.973Z] E0831 14:13:33.972580    2480 watch.go:116] watchAllDir unable to walk dir `c:\Users\user\Desktop\EMPLEOS JESS\dataconnect`: GetFileAttributesEx c:\Users\user\Desktop\EMPLEOS JESS\dataconnect: The system cannot find the file specified.
 {"metadata":{"emulator":{"name":"dataconnect"},"message":"E0831 14:13:33.972580    2480 watch.go:116] watchAllDir unable to walk dir `c:\\Users\\user\\Desktop\\EMPLEOS JESS\\dataconnect`: GetFileAttributesEx c:\\Users\\user\\Desktop\\EMPLEOS JESS\\dataconnect: The system cannot find the file specified.\n"}}
[debug] [2026-08-31T18:13:33.978Z] E0831 14:13:33.973939    2480 watch.go:40] Failed to load config from "c:\\Users\\user\\Desktop\\EMPLEOS JESS\\dataconnect": could not find dataconnect.yaml in `c:\Users\user\Desktop\EMPLEOS JESS\dataconnect`
 {"metadata":{"emulator":{"name":"dataconnect"},"message":"E0831 14:13:33.973939    2480 watch.go:40] Failed to load config from \"c:\\\\Users\\\\user\\\\Desktop\\\\EMPLEOS JESS\\\\dataconnect\": could not find dataconnect.yaml in `c:\\Users\\user\\Desktop\\EMPLEOS JESS\\dataconnect`\n"}}
[debug] [2026-08-31T18:13:43.974Z] E0831 14:13:43.974318    2480 watch.go:40] Failed to load config from "c:\\Users\\user\\Desktop\\EMPLEOS JESS\\dataconnect": could not find dataconnect.yaml in `c:\Users\user\Desktop\EMPLEOS JESS\dataconnect`
 {"metadata":{"emulator":{"name":"dataconnect"},"message":"E0831 14:13:43.974318    2480 watch.go:40] Failed to load config from \"c:\\\\Users\\\\user\\\\Desktop\\\\EMPLEOS JESS\\\\dataconnect\": could not find dataconnect.yaml in `c:\\Users\\user\\Desktop\\EMPLEOS JESS\\dataconnect`\n"}}
[debug] [2026-08-31T18:13:54.002Z] E0831 14:13:53.998754    2480 watch.go:40] Failed to load config from "c:\\Users\\user\\Desktop\\EMPLEOS JESS\\dataconnect": could not find dataconnect.yaml in `c:\Users\user\Desktop\EMPLEOS JESS\dataconnect`
 {"metadata":{"emulator":{"name":"dataconnect"},"message":"E0831 14:13:53.998754    2480 watch.go:40] Failed to load config from \"c:\\\\Users\\\\user\\\\Desktop\\\\EMPLEOS JESS\\\\dataconnect\": could not find dataconnect.yaml in `c:\\Users\\user\\Desktop\\EMPLEOS JESS\\dataconnect`\n"}}
[debug] [2026-08-31T18:14:03.972Z] E0831 14:14:03.972618    2480 watch.go:40] Failed to load config from "c:\\Users\\user\\Desktop\\EMPLEOS JESS\\dataconnect": could not find dataconnect.yaml in `c:\Users\user\Desktop\EMPLEOS JESS\dataconnect`
 {"metadata":{"emulator":{"name":"dataconnect"},"message":"E0831 14:14:03.972618    2480 watch.go:40] Failed to load config from \"c:\\\\Users\\\\user\\\\Desktop\\\\EMPLEOS JESS\\\\dataconnect\": could not find dataconnect.yaml in `c:\\Users\\user\\Desktop\\EMPLEOS JESS\\dataconnect`\n"}}
[debug] [2026-08-31T18:14:13.971Z] E0831 14:14:13.972142    2480 watch.go:40] Failed to load config from "c:\\Users\\user\\Desktop\\EMPLEOS JESS\\dataconnect": could not find dataconnect.yaml in `c:\Users\user\Desktop\EMPLEOS JESS\dataconnect`
 {"metadata":{"emulator":{"name":"dataconnect"},"message":"E0831 14:14:13.972142    2480 watch.go:40] Failed to load config from \"c:\\\\Users\\\\user\\\\Desktop\\\\EMPLEOS JESS\\\\dataconnect\": could not find dataconnect.yaml in `c:\\Users\\user\\Desktop\\EMPLEOS JESS\\dataconnect`\n"}}
[debug] [2026-08-31T18:14:23.972Z] E0831 14:14:23.972757    2480 watch.go:40] Failed to load config from "c:\\Users\\user\\Desktop\\EMPLEOS JESS\\dataconnect": could not find dataconnect.yaml in `c:\Users\user\Desktop\EMPLEOS JESS\dataconnect`
 {"metadata":{"emulator":{"name":"dataconnect"},"message":"E0831 14:14:23.972757    2480 watch.go:40] Failed to load config from \"c:\\\\Users\\\\user\\\\Desktop\\\\EMPLEOS JESS\\\\dataconnect\": could not find dataconnect.yaml in `c:\\Users\\user\\Desktop\\EMPLEOS JESS\\dataconnect`\n"}}
[debug] [2026-08-31T18:14:33.985Z] E0831 14:14:33.984766    2480 watch.go:40] Failed to load config from "c:\\Users\\user\\Desktop\\EMPLEOS JESS\\dataconnect": could not find dataconnect.yaml in `c:\Users\user\Desktop\EMPLEOS JESS\dataconnect`
 {"metadata":{"emulator":{"name":"dataconnect"},"message":"E0831 14:14:33.984766    2480 watch.go:40] Failed to load config from \"c:\\\\Users\\\\user\\\\Desktop\\\\EMPLEOS JESS\\\\dataconnect\": could not find dataconnect.yaml in `c:\\Users\\user\\Desktop\\EMPLEOS JESS\\dataconnect`\n"}}
[debug] [2026-08-31T18:14:34.004Z] E0831 14:14:34.004120    2480 watch.go:116] watchAllDir unable to walk dir `c:\Users\user\Desktop\EMPLEOS JESS\dataconnect`: GetFileAttributesEx c:\Users\user\Desktop\EMPLEOS JESS\dataconnect: The system cannot find the file specified.
 {"metadata":{"emulator":{"name":"dataconnect"},"message":"E0831 14:14:34.004120    2480 watch.go:116] watchAllDir unable to walk dir `c:\\Users\\user\\Desktop\\EMPLEOS JESS\\dataconnect`: GetFileAttributesEx c:\\Users\\user\\Desktop\\EMPLEOS JESS\\dataconnect: The system cannot find the file specified.\n"}}
[debug] [2026-08-31T18:14:43.989Z] E0831 14:14:43.989069    2480 watch.go:40] Failed to load config from "c:\\Users\\user\\Desktop\\EMPLEOS JESS\\dataconnect": could not find dataconnect.yaml in `c:\Users\user\Desktop\EMPLEOS JESS\dataconnect`
 {"metadata":{"emulator":{"name":"dataconnect"},"message":"E0831 14:14:43.989069    2480 watch.go:40] Failed to load config from \"c:\\\\Users\\\\user\\\\Desktop\\\\EMPLEOS JESS\\\\dataconnect\": could not find dataconnect.yaml in `c:\\Users\\user\\Desktop\\EMPLEOS JESS\\dataconnect`\n"}}
[debug] [2026-08-31T18:14:53.973Z] E0831 14:14:53.974232    2480 watch.go:40] Failed to load config from "c:\\Users\\user\\Desktop\\EMPLEOS JESS\\dataconnect": could not find dataconnect.yaml in `c:\Users\user\Desktop\EMPLEOS JESS\dataconnect`
 {"metadata":{"emulator":{"name":"dataconnect"},"message":"E0831 14:14:53.974232    2480 watch.go:40] Failed to load config from \"c:\\\\Users\\\\user\\\\Desktop\\\\EMPLEOS JESS\\\\dataconnect\": could not find dataconnect.yaml in `c:\\Users\\user\\Desktop\\EMPLEOS JESS\\dataconnect`\n"}}
[debug] [2026-08-31T18:15:03.983Z] E0831 14:15:03.979357    2480 watch.go:40] Failed to load config from "c:\\Users\\user\\Desktop\\EMPLEOS JESS\\dataconnect": could not find dataconnect.yaml in `c:\Users\user\Desktop\EMPLEOS JESS\dataconnect`
 {"metadata":{"emulator":{"name":"dataconnect"},"message":"E0831 14:15:03.979357    2480 watch.go:40] Failed to load config from \"c:\\\\Users\\\\user\\\\Desktop\\\\EMPLEOS JESS\\\\dataconnect\": could not find dataconnect.yaml in `c:\\Users\\user\\Desktop\\EMPLEOS JESS\\dataconnect`\n"}}
[debug] [2026-08-31T18:15:13.971Z] E0831 14:15:13.972141    2480 watch.go:40] Failed to load config from "c:\\Users\\user\\Desktop\\EMPLEOS JESS\\dataconnect": could not find dataconnect.yaml in `c:\Users\user\Desktop\EMPLEOS JESS\dataconnect`
 {"metadata":{"emulator":{"name":"dataconnect"},"message":"E0831 14:15:13.972141    2480 watch.go:40] Failed to load config from \"c:\\\\Users\\\\user\\\\Desktop\\\\EMPLEOS JESS\\\\dataconnect\": could not find dataconnect.yaml in `c:\\Users\\user\\Desktop\\EMPLEOS JESS\\dataconnect`\n"}}
[debug] [2026-08-31T18:15:23.974Z] E0831 14:15:23.974342    2480 watch.go:40] Failed to load config from "c:\\Users\\user\\Desktop\\EMPLEOS JESS\\dataconnect": could not find dataconnect.yaml in `c:\Users\user\Desktop\EMPLEOS JESS\dataconnect`
 {"metadata":{"emulator":{"name":"dataconnect"},"message":"E0831 14:15:23.974342    2480 watch.go:40] Failed to load config from \"c:\\\\Users\\\\user\\\\Desktop\\\\EMPLEOS JESS\\\\dataconnect\": could not find dataconnect.yaml in `c:\\Users\\user\\Desktop\\EMPLEOS JESS\\dataconnect`\n"}}
[debug] [2026-08-31T18:15:33.971Z] E0831 14:15:33.972176    2480 watch.go:116] watchAllDir unable to walk dir `c:\Users\user\Desktop\EMPLEOS JESS\dataconnect`: GetFileAttributesEx c:\Users\user\Desktop\EMPLEOS JESS\dataconnect: The system cannot find the file specified.
 {"metadata":{"emulator":{"name":"dataconnect"},"message":"E0831 14:15:33.972176    2480 watch.go:116] watchAllDir unable to walk dir `c:\\Users\\user\\Desktop\\EMPLEOS JESS\\dataconnect`: GetFileAttributesEx c:\\Users\\user\\Desktop\\EMPLEOS JESS\\dataconnect: The system cannot find the file specified.\n"}}
[debug] [2026-08-31T18:15:33.972Z] E0831 14:15:33.972176    2480 watch.go:40] Failed to load config from "c:\\Users\\user\\Desktop\\EMPLEOS JESS\\dataconnect": could not find dataconnect.yaml in `c:\Users\user\Desktop\EMPLEOS JESS\dataconnect`
 {"metadata":{"emulator":{"name":"dataconnect"},"message":"E0831 14:15:33.972176    2480 watch.go:40] Failed to load config from \"c:\\\\Users\\\\user\\\\Desktop\\\\EMPLEOS JESS\\\\dataconnect\": could not find dataconnect.yaml in `c:\\Users\\user\\Desktop\\EMPLEOS JESS\\dataconnect`\n"}}
[debug] [2026-08-31T18:15:43.973Z] E0831 14:15:43.973748    2480 watch.go:40] Failed to load config from "c:\\Users\\user\\Desktop\\EMPLEOS JESS\\dataconnect": could not find dataconnect.yaml in `c:\Users\user\Desktop\EMPLEOS JESS\dataconnect`
 {"metadata":{"emulator":{"name":"dataconnect"},"message":"E0831 14:15:43.973748    2480 watch.go:40] Failed to load config from \"c:\\\\Users\\\\user\\\\Desktop\\\\EMPLEOS JESS\\\\dataconnect\": could not find dataconnect.yaml in `c:\\Users\\user\\Desktop\\EMPLEOS JESS\\dataconnect`\n"}}
[debug] [2026-08-31T18:15:53.974Z] E0831 14:15:53.973934    2480 watch.go:40] Failed to load config from "c:\\Users\\user\\Desktop\\EMPLEOS JESS\\dataconnect": could not find dataconnect.yaml in `c:\Users\user\Desktop\EMPLEOS JESS\dataconnect`
 {"metadata":{"emulator":{"name":"dataconnect"},"message":"E0831 14:15:53.973934    2480 watch.go:40] Failed to load config from \"c:\\\\Users\\\\user\\\\Desktop\\\\EMPLEOS JESS\\\\dataconnect\": could not find dataconnect.yaml in `c:\\Users\\user\\Desktop\\EMPLEOS JESS\\dataconnect`\n"}}
[debug] [2026-08-31T18:16:03.973Z] E0831 14:16:03.973567    2480 watch.go:40] Failed to load config from "c:\\Users\\user\\Desktop\\EMPLEOS JESS\\dataconnect": could not find dataconnect.yaml in `c:\Users\user\Desktop\EMPLEOS JESS\dataconnect`
 {"metadata":{"emulator":{"name":"dataconnect"},"message":"E0831 14:16:03.973567    2480 watch.go:40] Failed to load config from \"c:\\\\Users\\\\user\\\\Desktop\\\\EMPLEOS JESS\\\\dataconnect\": could not find dataconnect.yaml in `c:\\Users\\user\\Desktop\\EMPLEOS JESS\\dataconnect`\n"}}
[debug] [2026-08-31T18:16:13.992Z] E0831 14:16:13.992267    2480 watch.go:40] Failed to load config from "c:\\Users\\user\\Desktop\\EMPLEOS JESS\\dataconnect": could not find dataconnect.yaml in `c:\Users\user\Desktop\EMPLEOS JESS\dataconnect`
 {"metadata":{"emulator":{"name":"dataconnect"},"message":"E0831 14:16:13.992267    2480 watch.go:40] Failed to load config from \"c:\\\\Users\\\\user\\\\Desktop\\\\EMPLEOS JESS\\\\dataconnect\": could not find dataconnect.yaml in `c:\\Users\\user\\Desktop\\EMPLEOS JESS\\dataconnect`\n"}}
[debug] [2026-08-31T18:16:23.974Z] E0831 14:16:23.974056    2480 watch.go:40] Failed to load config from "c:\\Users\\user\\Desktop\\EMPLEOS JESS\\dataconnect": could not find dataconnect.yaml in `c:\Users\user\Desktop\EMPLEOS JESS\dataconnect`
 {"metadata":{"emulator":{"name":"dataconnect"},"message":"E0831 14:16:23.974056    2480 watch.go:40] Failed to load config from \"c:\\\\Users\\\\user\\\\Desktop\\\\EMPLEOS JESS\\\\dataconnect\": could not find dataconnect.yaml in `c:\\Users\\user\\Desktop\\EMPLEOS JESS\\dataconnect`\n"}}
[debug] [2026-08-31T18:16:33.971Z] E0831 14:16:33.972311    2480 watch.go:116] watchAllDir unable to walk dir `c:\Users\user\Desktop\EMPLEOS JESS\dataconnect`: GetFileAttributesEx c:\Users\user\Desktop\EMPLEOS JESS\dataconnect: The system cannot find the file specified.
 {"metadata":{"emulator":{"name":"dataconnect"},"message":"E0831 14:16:33.972311    2480 watch.go:116] watchAllDir unable to walk dir `c:\\Users\\user\\Desktop\\EMPLEOS JESS\\dataconnect`: GetFileAttributesEx c:\\Users\\user\\Desktop\\EMPLEOS JESS\\dataconnect: The system cannot find the file specified.\n"}}
[debug] [2026-08-31T18:16:33.972Z] E0831 14:16:33.972311    2480 watch.go:40] Failed to load config from "c:\\Users\\user\\Desktop\\EMPLEOS JESS\\dataconnect": could not find dataconnect.yaml in `c:\Users\user\Desktop\EMPLEOS JESS\dataconnect`
 {"metadata":{"emulator":{"name":"dataconnect"},"message":"E0831 14:16:33.972311    2480 watch.go:40] Failed to load config from \"c:\\\\Users\\\\user\\\\Desktop\\\\EMPLEOS JESS\\\\dataconnect\": could not find dataconnect.yaml in `c:\\Users\\user\\Desktop\\EMPLEOS JESS\\dataconnect`\n"}}
[debug] [2026-08-31T18:16:43.972Z] E0831 14:16:43.973398    2480 watch.go:40] Failed to load config from "c:\\Users\\user\\Desktop\\EMPLEOS JESS\\dataconnect": could not find dataconnect.yaml in `c:\Users\user\Desktop\EMPLEOS JESS\dataconnect`
 {"metadata":{"emulator":{"name":"dataconnect"},"message":"E0831 14:16:43.973398    2480 watch.go:40] Failed to load config from \"c:\\\\Users\\\\user\\\\Desktop\\\\EMPLEOS JESS\\\\dataconnect\": could not find dataconnect.yaml in `c:\\Users\\user\\Desktop\\EMPLEOS JESS\\dataconnect`\n"}}
[debug] [2026-08-31T18:16:53.973Z] E0831 14:16:53.973358    2480 watch.go:40] Failed to load config from "c:\\Users\\user\\Desktop\\EMPLEOS JESS\\dataconnect": could not find dataconnect.yaml in `c:\Users\user\Desktop\EMPLEOS JESS\dataconnect`
 {"metadata":{"emulator":{"name":"dataconnect"},"message":"E0831 14:16:53.973358    2480 watch.go:40] Failed to load config from \"c:\\\\Users\\\\user\\\\Desktop\\\\EMPLEOS JESS\\\\dataconnect\": could not find dataconnect.yaml in `c:\\Users\\user\\Desktop\\EMPLEOS JESS\\dataconnect`\n"}}
[debug] [2026-08-31T18:17:03.973Z] E0831 14:17:03.972676    2480 watch.go:40] Failed to load config from "c:\\Users\\user\\Desktop\\EMPLEOS JESS\\dataconnect": could not find dataconnect.yaml in `c:\Users\user\Desktop\EMPLEOS JESS\dataconnect`
 {"metadata":{"emulator":{"name":"dataconnect"},"message":"E0831 14:17:03.972676    2480 watch.go:40] Failed to load config from \"c:\\\\Users\\\\user\\\\Desktop\\\\EMPLEOS JESS\\\\dataconnect\": could not find dataconnect.yaml in `c:\\Users\\user\\Desktop\\EMPLEOS JESS\\dataconnect`\n"}}
[debug] [2026-08-31T18:17:13.974Z] E0831 14:17:13.973566    2480 watch.go:40] Failed to load config from "c:\\Users\\user\\Desktop\\EMPLEOS JESS\\dataconnect": could not find dataconnect.yaml in `c:\Users\user\Desktop\EMPLEOS JESS\dataconnect`
 {"metadata":{"emulator":{"name":"dataconnect"},"message":"E0831 14:17:13.973566    2480 watch.go:40] Failed to load config from \"c:\\\\Users\\\\user\\\\Desktop\\\\EMPLEOS JESS\\\\dataconnect\": could not find dataconnect.yaml in `c:\\Users\\user\\Desktop\\EMPLEOS JESS\\dataconnect`\n"}}
[debug] [2026-08-31T18:17:23.999Z] E0831 14:17:23.998256    2480 watch.go:40] Failed to load config from "c:\\Users\\user\\Desktop\\EMPLEOS JESS\\dataconnect": could not find dataconnect.yaml in `c:\Users\user\Desktop\EMPLEOS JESS\dataconnect`
 {"metadata":{"emulator":{"name":"dataconnect"},"message":"E0831 14:17:23.998256    2480 watch.go:40] Failed to load config from \"c:\\\\Users\\\\user\\\\Desktop\\\\EMPLEOS JESS\\\\dataconnect\": could not find dataconnect.yaml in `c:\\Users\\user\\Desktop\\EMPLEOS JESS\\dataconnect`\n"}}
[debug] [2026-08-31T18:17:33.973Z] E0831 14:17:33.972090    2480 watch.go:116] watchAllDir unable to walk dir `c:\Users\user\Desktop\EMPLEOS JESS\dataconnect`: GetFileAttributesEx c:\Users\user\Desktop\EMPLEOS JESS\dataconnect: The system cannot find the file specified.
 {"metadata":{"emulator":{"name":"dataconnect"},"message":"E0831 14:17:33.972090    2480 watch.go:116] watchAllDir unable to walk dir `c:\\Users\\user\\Desktop\\EMPLEOS JESS\\dataconnect`: GetFileAttributesEx c:\\Users\\user\\Desktop\\EMPLEOS JESS\\dataconnect: The system cannot find the file specified.\n"}}
[debug] [2026-08-31T18:17:33.975Z] E0831 14:17:33.974944    2480 watch.go:40] Failed to load config from "c:\\Users\\user\\Desktop\\EMPLEOS JESS\\dataconnect": could not find dataconnect.yaml in `c:\Users\user\Desktop\EMPLEOS JESS\dataconnect`
 {"metadata":{"emulator":{"name":"dataconnect"},"message":"E0831 14:17:33.974944    2480 watch.go:40] Failed to load config from \"c:\\\\Users\\\\user\\\\Desktop\\\\EMPLEOS JESS\\\\dataconnect\": could not find dataconnect.yaml in `c:\\Users\\user\\Desktop\\EMPLEOS JESS\\dataconnect`\n"}}
[debug] [2026-08-31T18:17:43.974Z] E0831 14:17:43.973867    2480 watch.go:40] Failed to load config from "c:\\Users\\user\\Desktop\\EMPLEOS JESS\\dataconnect": could not find dataconnect.yaml in `c:\Users\user\Desktop\EMPLEOS JESS\dataconnect`
 {"metadata":{"emulator":{"name":"dataconnect"},"message":"E0831 14:17:43.973867    2480 watch.go:40] Failed to load config from \"c:\\\\Users\\\\user\\\\Desktop\\\\EMPLEOS JESS\\\\dataconnect\": could not find dataconnect.yaml in `c:\\Users\\user\\Desktop\\EMPLEOS JESS\\dataconnect`\n"}}
[debug] [2026-08-31T18:17:53.973Z] E0831 14:17:53.973791    2480 watch.go:40] Failed to load config from "c:\\Users\\user\\Desktop\\EMPLEOS JESS\\dataconnect": could not find dataconnect.yaml in `c:\Users\user\Desktop\EMPLEOS JESS\dataconnect`
 {"metadata":{"emulator":{"name":"dataconnect"},"message":"E0831 14:17:53.973791    2480 watch.go:40] Failed to load config from \"c:\\\\Users\\\\user\\\\Desktop\\\\EMPLEOS JESS\\\\dataconnect\": could not find dataconnect.yaml in `c:\\Users\\user\\Desktop\\EMPLEOS JESS\\dataconnect`\n"}}
[debug] [2026-08-31T18:18:03.974Z] E0831 14:18:03.974241    2480 watch.go:40] Failed to load config from "c:\\Users\\user\\Desktop\\EMPLEOS JESS\\dataconnect": could not find dataconnect.yaml in `c:\Users\user\Desktop\EMPLEOS JESS\dataconnect`
 {"metadata":{"emulator":{"name":"dataconnect"},"message":"E0831 14:18:03.974241    2480 watch.go:40] Failed to load config from \"c:\\\\Users\\\\user\\\\Desktop\\\\EMPLEOS JESS\\\\dataconnect\": could not find dataconnect.yaml in `c:\\Users\\user\\Desktop\\EMPLEOS JESS\\dataconnect`\n"}}
[debug] [2026-08-31T18:18:13.975Z] E0831 14:18:13.974936    2480 watch.go:40] Failed to load config from "c:\\Users\\user\\Desktop\\EMPLEOS JESS\\dataconnect": could not find dataconnect.yaml in `c:\Users\user\Desktop\EMPLEOS JESS\dataconnect`
 {"metadata":{"emulator":{"name":"dataconnect"},"message":"E0831 14:18:13.974936    2480 watch.go:40] Failed to load config from \"c:\\\\Users\\\\user\\\\Desktop\\\\EMPLEOS JESS\\\\dataconnect\": could not find dataconnect.yaml in `c:\\Users\\user\\Desktop\\EMPLEOS JESS\\dataconnect`\n"}}
[debug] [2026-08-31T18:18:23.973Z] E0831 14:18:23.973614    2480 watch.go:40] Failed to load config from "c:\\Users\\user\\Desktop\\EMPLEOS JESS\\dataconnect": could not find dataconnect.yaml in `c:\Users\user\Desktop\EMPLEOS JESS\dataconnect`
 {"metadata":{"emulator":{"name":"dataconnect"},"message":"E0831 14:18:23.973614    2480 watch.go:40] Failed to load config from \"c:\\\\Users\\\\user\\\\Desktop\\\\EMPLEOS JESS\\\\dataconnect\": could not find dataconnect.yaml in `c:\\Users\\user\\Desktop\\EMPLEOS JESS\\dataconnect`\n"}}
[debug] [2026-08-31T18:18:33.974Z] E0831 14:18:33.974362    2480 watch.go:116] watchAllDir unable to walk dir `c:\Users\user\Desktop\EMPLEOS JESS\dataconnect`: GetFileAttributesEx c:\Users\user\Desktop\EMPLEOS JESS\dataconnect: The system cannot find the file specified.
 {"metadata":{"emulator":{"name":"dataconnect"},"message":"E0831 14:18:33.974362    2480 watch.go:116] watchAllDir unable to walk dir `c:\\Users\\user\\Desktop\\EMPLEOS JESS\\dataconnect`: GetFileAttributesEx c:\\Users\\user\\Desktop\\EMPLEOS JESS\\dataconnect: The system cannot find the file specified.\n"}}
[debug] [2026-08-31T18:18:33.976Z] E0831 14:18:33.974935    2480 watch.go:40] Failed to load config from "c:\\Users\\user\\Desktop\\EMPLEOS JESS\\dataconnect": could not find dataconnect.yaml in `c:\Users\user\Desktop\EMPLEOS JESS\dataconnect`
 {"metadata":{"emulator":{"name":"dataconnect"},"message":"E0831 14:18:33.974935    2480 watch.go:40] Failed to load config from \"c:\\\\Users\\\\user\\\\Desktop\\\\EMPLEOS JESS\\\\dataconnect\": could not find dataconnect.yaml in `c:\\Users\\user\\Desktop\\EMPLEOS JESS\\dataconnect`\n"}}
[debug] [2026-08-31T18:18:43.973Z] E0831 14:18:43.972988    2480 watch.go:40] Failed to load config from "c:\\Users\\user\\Desktop\\EMPLEOS JESS\\dataconnect": could not find dataconnect.yaml in `c:\Users\user\Desktop\EMPLEOS JESS\dataconnect`
 {"metadata":{"emulator":{"name":"dataconnect"},"message":"E0831 14:18:43.972988    2480 watch.go:40] Failed to load config from \"c:\\\\Users\\\\user\\\\Desktop\\\\EMPLEOS JESS\\\\dataconnect\": could not find dataconnect.yaml in `c:\\Users\\user\\Desktop\\EMPLEOS JESS\\dataconnect`\n"}}
[debug] [2026-08-31T18:18:53.974Z] E0831 14:18:53.974611    2480 watch.go:40] Failed to load config from "c:\\Users\\user\\Desktop\\EMPLEOS JESS\\dataconnect": could not find dataconnect.yaml in `c:\Users\user\Desktop\EMPLEOS JESS\dataconnect`
 {"metadata":{"emulator":{"name":"dataconnect"},"message":"E0831 14:18:53.974611    2480 watch.go:40] Failed to load config from \"c:\\\\Users\\\\user\\\\Desktop\\\\EMPLEOS JESS\\\\dataconnect\": could not find dataconnect.yaml in `c:\\Users\\user\\Desktop\\EMPLEOS JESS\\dataconnect`\n"}}
[debug] [2026-08-31T18:19:03.973Z] E0831 14:19:03.972812    2480 watch.go:40] Failed to load config from "c:\\Users\\user\\Desktop\\EMPLEOS JESS\\dataconnect": could not find dataconnect.yaml in `c:\Users\user\Desktop\EMPLEOS JESS\dataconnect`
 {"metadata":{"emulator":{"name":"dataconnect"},"message":"E0831 14:19:03.972812    2480 watch.go:40] Failed to load config from \"c:\\\\Users\\\\user\\\\Desktop\\\\EMPLEOS JESS\\\\dataconnect\": could not find dataconnect.yaml in `c:\\Users\\user\\Desktop\\EMPLEOS JESS\\dataconnect`\n"}}
[debug] [2026-08-31T18:19:13.973Z] E0831 14:19:13.973091    2480 watch.go:40] Failed to load config from "c:\\Users\\user\\Desktop\\EMPLEOS JESS\\dataconnect": could not find dataconnect.yaml in `c:\Users\user\Desktop\EMPLEOS JESS\dataconnect`
 {"metadata":{"emulator":{"name":"dataconnect"},"message":"E0831 14:19:13.973091    2480 watch.go:40] Failed to load config from \"c:\\\\Users\\\\user\\\\Desktop\\\\EMPLEOS JESS\\\\dataconnect\": could not find dataconnect.yaml in `c:\\Users\\user\\Desktop\\EMPLEOS JESS\\dataconnect`\n"}}
[debug] [2026-08-31T18:19:23.974Z] E0831 14:19:23.974161    2480 watch.go:40] Failed to load config from "c:\\Users\\user\\Desktop\\EMPLEOS JESS\\dataconnect": could not find dataconnect.yaml in `c:\Users\user\Desktop\EMPLEOS JESS\dataconnect`
 {"metadata":{"emulator":{"name":"dataconnect"},"message":"E0831 14:19:23.974161    2480 watch.go:40] Failed to load config from \"c:\\\\Users\\\\user\\\\Desktop\\\\EMPLEOS JESS\\\\dataconnect\": could not find dataconnect.yaml in `c:\\Users\\user\\Desktop\\EMPLEOS JESS\\dataconnect`\n"}}
[debug] [2026-08-31T18:19:33.973Z] E0831 14:19:33.973058    2480 watch.go:116] watchAllDir unable to walk dir `c:\Users\user\Desktop\EMPLEOS JESS\dataconnect`: GetFileAttributesEx c:\Users\user\Desktop\EMPLEOS JESS\dataconnect: The system cannot find the file specified.
 {"metadata":{"emulator":{"name":"dataconnect"},"message":"E0831 14:19:33.973058    2480 watch.go:116] watchAllDir unable to walk dir `c:\\Users\\user\\Desktop\\EMPLEOS JESS\\dataconnect`: GetFileAttributesEx c:\\Users\\user\\Desktop\\EMPLEOS JESS\\dataconnect: The system cannot find the file specified.\n"}}
[debug] [2026-08-31T18:19:33.975Z] E0831 14:19:33.973058    2480 watch.go:40] Failed to load config from "c:\\Users\\user\\Desktop\\EMPLEOS JESS\\dataconnect": could not find dataconnect.yaml in `c:\Users\user\Desktop\EMPLEOS JESS\dataconnect`
 {"metadata":{"emulator":{"name":"dataconnect"},"message":"E0831 14:19:33.973058    2480 watch.go:40] Failed to load config from \"c:\\\\Users\\\\user\\\\Desktop\\\\EMPLEOS JESS\\\\dataconnect\": could not find dataconnect.yaml in `c:\\Users\\user\\Desktop\\EMPLEOS JESS\\dataconnect`\n"}}
[debug] [2026-08-31T18:19:43.974Z] E0831 14:19:43.973491    2480 watch.go:40] Failed to load config from "c:\\Users\\user\\Desktop\\EMPLEOS JESS\\dataconnect": could not find dataconnect.yaml in `c:\Users\user\Desktop\EMPLEOS JESS\dataconnect`
 {"metadata":{"emulator":{"name":"dataconnect"},"message":"E0831 14:19:43.973491    2480 watch.go:40] Failed to load config from \"c:\\\\Users\\\\user\\\\Desktop\\\\EMPLEOS JESS\\\\dataconnect\": could not find dataconnect.yaml in `c:\\Users\\user\\Desktop\\EMPLEOS JESS\\dataconnect`\n"}}
[debug] [2026-08-31T18:19:53.972Z] E0831 14:19:53.972478    2480 watch.go:40] Failed to load config from "c:\\Users\\user\\Desktop\\EMPLEOS JESS\\dataconnect": could not find dataconnect.yaml in `c:\Users\user\Desktop\EMPLEOS JESS\dataconnect`
 {"metadata":{"emulator":{"name":"dataconnect"},"message":"E0831 14:19:53.972478    2480 watch.go:40] Failed to load config from \"c:\\\\Users\\\\user\\\\Desktop\\\\EMPLEOS JESS\\\\dataconnect\": could not find dataconnect.yaml in `c:\\Users\\user\\Desktop\\EMPLEOS JESS\\dataconnect`\n"}}
[debug] [2026-08-31T18:20:03.972Z] E0831 14:20:03.972758    2480 watch.go:40] Failed to load config from "c:\\Users\\user\\Desktop\\EMPLEOS JESS\\dataconnect": could not find dataconnect.yaml in `c:\Users\user\Desktop\EMPLEOS JESS\dataconnect`
 {"metadata":{"emulator":{"name":"dataconnect"},"message":"E0831 14:20:03.972758    2480 watch.go:40] Failed to load config from \"c:\\\\Users\\\\user\\\\Desktop\\\\EMPLEOS JESS\\\\dataconnect\": could not find dataconnect.yaml in `c:\\Users\\user\\Desktop\\EMPLEOS JESS\\dataconnect`\n"}}
[debug] [2026-08-31T18:20:13.973Z] E0831 14:20:13.974619    2480 watch.go:40] Failed to load config from "c:\\Users\\user\\Desktop\\EMPLEOS JESS\\dataconnect": could not find dataconnect.yaml in `c:\Users\user\Desktop\EMPLEOS JESS\dataconnect`
 {"metadata":{"emulator":{"name":"dataconnect"},"message":"E0831 14:20:13.974619    2480 watch.go:40] Failed to load config from \"c:\\\\Users\\\\user\\\\Desktop\\\\EMPLEOS JESS\\\\dataconnect\": could not find dataconnect.yaml in `c:\\Users\\user\\Desktop\\EMPLEOS JESS\\dataconnect`\n"}}
[debug] [2026-08-31T18:20:23.973Z] E0831 14:20:23.974621    2480 watch.go:40] Failed to load config from "c:\\Users\\user\\Desktop\\EMPLEOS JESS\\dataconnect": could not find dataconnect.yaml in `c:\Users\user\Desktop\EMPLEOS JESS\dataconnect`
 {"metadata":{"emulator":{"name":"dataconnect"},"message":"E0831 14:20:23.974621    2480 watch.go:40] Failed to load config from \"c:\\\\Users\\\\user\\\\Desktop\\\\EMPLEOS JESS\\\\dataconnect\": could not find dataconnect.yaml in `c:\\Users\\user\\Desktop\\EMPLEOS JESS\\dataconnect`\n"}}
[debug] [2026-08-31T18:20:33.983Z] E0831 14:20:33.984720    2480 watch.go:116] watchAllDir unable to walk dir `c:\Users\user\Desktop\EMPLEOS JESS\dataconnect`: GetFileAttributesEx c:\Users\user\Desktop\EMPLEOS JESS\dataconnect: The system cannot find the file specified.
 {"metadata":{"emulator":{"name":"dataconnect"},"message":"E0831 14:20:33.984720    2480 watch.go:116] watchAllDir unable to walk dir `c:\\Users\\user\\Desktop\\EMPLEOS JESS\\dataconnect`: GetFileAttributesEx c:\\Users\\user\\Desktop\\EMPLEOS JESS\\dataconnect: The system cannot find the file specified.\n"}}
[debug] [2026-08-31T18:20:33.986Z] E0831 14:20:33.987714    2480 watch.go:40] Failed to load config from "c:\\Users\\user\\Desktop\\EMPLEOS JESS\\dataconnect": could not find dataconnect.yaml in `c:\Users\user\Desktop\EMPLEOS JESS\dataconnect`
 {"metadata":{"emulator":{"name":"dataconnect"},"message":"E0831 14:20:33.987714    2480 watch.go:40] Failed to load config from \"c:\\\\Users\\\\user\\\\Desktop\\\\EMPLEOS JESS\\\\dataconnect\": could not find dataconnect.yaml in `c:\\Users\\user\\Desktop\\EMPLEOS JESS\\dataconnect`\n"}}
[debug] [2026-08-31T18:20:43.972Z] E0831 14:20:43.973072    2480 watch.go:40] Failed to load config from "c:\\Users\\user\\Desktop\\EMPLEOS JESS\\dataconnect": could not find dataconnect.yaml in `c:\Users\user\Desktop\EMPLEOS JESS\dataconnect`
 {"metadata":{"emulator":{"name":"dataconnect"},"message":"E0831 14:20:43.973072    2480 watch.go:40] Failed to load config from \"c:\\\\Users\\\\user\\\\Desktop\\\\EMPLEOS JESS\\\\dataconnect\": could not find dataconnect.yaml in `c:\\Users\\user\\Desktop\\EMPLEOS JESS\\dataconnect`\n"}}
[debug] [2026-08-31T18:20:53.971Z] E0831 14:20:53.972440    2480 watch.go:40] Failed to load config from "c:\\Users\\user\\Desktop\\EMPLEOS JESS\\dataconnect": could not find dataconnect.yaml in `c:\Users\user\Desktop\EMPLEOS JESS\dataconnect`
 {"metadata":{"emulator":{"name":"dataconnect"},"message":"E0831 14:20:53.972440    2480 watch.go:40] Failed to load config from \"c:\\\\Users\\\\user\\\\Desktop\\\\EMPLEOS JESS\\\\dataconnect\": could not find dataconnect.yaml in `c:\\Users\\user\\Desktop\\EMPLEOS JESS\\dataconnect`\n"}}
[debug] [2026-08-31T18:21:03.972Z] E0831 14:21:03.972589    2480 watch.go:40] Failed to load config from "c:\\Users\\user\\Desktop\\EMPLEOS JESS\\dataconnect": could not find dataconnect.yaml in `c:\Users\user\Desktop\EMPLEOS JESS\dataconnect`
 {"metadata":{"emulator":{"name":"dataconnect"},"message":"E0831 14:21:03.972589    2480 watch.go:40] Failed to load config from \"c:\\\\Users\\\\user\\\\Desktop\\\\EMPLEOS JESS\\\\dataconnect\": could not find dataconnect.yaml in `c:\\Users\\user\\Desktop\\EMPLEOS JESS\\dataconnect`\n"}}
[debug] [2026-08-31T18:21:13.973Z] E0831 14:21:13.973474    2480 watch.go:40] Failed to load config from "c:\\Users\\user\\Desktop\\EMPLEOS JESS\\dataconnect": could not find dataconnect.yaml in `c:\Users\user\Desktop\EMPLEOS JESS\dataconnect`
 {"metadata":{"emulator":{"name":"dataconnect"},"message":"E0831 14:21:13.973474    2480 watch.go:40] Failed to load config from \"c:\\\\Users\\\\user\\\\Desktop\\\\EMPLEOS JESS\\\\dataconnect\": could not find dataconnect.yaml in `c:\\Users\\user\\Desktop\\EMPLEOS JESS\\dataconnect`\n"}}
[debug] [2026-08-31T18:21:23.973Z] E0831 14:21:23.973296    2480 watch.go:40] Failed to load config from "c:\\Users\\user\\Desktop\\EMPLEOS JESS\\dataconnect": could not find dataconnect.yaml in `c:\Users\user\Desktop\EMPLEOS JESS\dataconnect`
 {"metadata":{"emulator":{"name":"dataconnect"},"message":"E0831 14:21:23.973296    2480 watch.go:40] Failed to load config from \"c:\\\\Users\\\\user\\\\Desktop\\\\EMPLEOS JESS\\\\dataconnect\": could not find dataconnect.yaml in `c:\\Users\\user\\Desktop\\EMPLEOS JESS\\dataconnect`\n"}}
[debug] [2026-08-31T18:21:33.972Z] E0831 14:21:33.972748    2480 watch.go:116] watchAllDir unable to walk dir `c:\Users\user\Desktop\EMPLEOS JESS\dataconnect`: GetFileAttributesEx c:\Users\user\Desktop\EMPLEOS JESS\dataconnect: The system cannot find the file specified.
 {"metadata":{"emulator":{"name":"dataconnect"},"message":"E0831 14:21:33.972748    2480 watch.go:116] watchAllDir unable to walk dir `c:\\Users\\user\\Desktop\\EMPLEOS JESS\\dataconnect`: GetFileAttributesEx c:\\Users\\user\\Desktop\\EMPLEOS JESS\\dataconnect: The system cannot find the file specified.\n"}}
[debug] [2026-08-31T18:21:33.975Z] E0831 14:21:33.973326    2480 watch.go:40] Failed to load config from "c:\\Users\\user\\Desktop\\EMPLEOS JESS\\dataconnect": could not find dataconnect.yaml in `c:\Users\user\Desktop\EMPLEOS JESS\dataconnect`
 {"metadata":{"emulator":{"name":"dataconnect"},"message":"E0831 14:21:33.973326    2480 watch.go:40] Failed to load config from \"c:\\\\Users\\\\user\\\\Desktop\\\\EMPLEOS JESS\\\\dataconnect\": could not find dataconnect.yaml in `c:\\Users\\user\\Desktop\\EMPLEOS JESS\\dataconnect`\n"}}
[debug] [2026-08-31T18:21:43.972Z] E0831 14:21:43.973078    2480 watch.go:40] Failed to load config from "c:\\Users\\user\\Desktop\\EMPLEOS JESS\\dataconnect": could not find dataconnect.yaml in `c:\Users\user\Desktop\EMPLEOS JESS\dataconnect`
 {"metadata":{"emulator":{"name":"dataconnect"},"message":"E0831 14:21:43.973078    2480 watch.go:40] Failed to load config from \"c:\\\\Users\\\\user\\\\Desktop\\\\EMPLEOS JESS\\\\dataconnect\": could not find dataconnect.yaml in `c:\\Users\\user\\Desktop\\EMPLEOS JESS\\dataconnect`\n"}}
[debug] [2026-08-31T18:21:53.972Z] E0831 14:21:53.972548    2480 watch.go:40] Failed to load config from "c:\\Users\\user\\Desktop\\EMPLEOS JESS\\dataconnect": could not find dataconnect.yaml in `c:\Users\user\Desktop\EMPLEOS JESS\dataconnect`
 {"metadata":{"emulator":{"name":"dataconnect"},"message":"E0831 14:21:53.972548    2480 watch.go:40] Failed to load config from \"c:\\\\Users\\\\user\\\\Desktop\\\\EMPLEOS JESS\\\\dataconnect\": could not find dataconnect.yaml in `c:\\Users\\user\\Desktop\\EMPLEOS JESS\\dataconnect`\n"}}
[debug] [2026-08-31T18:22:03.988Z] E0831 14:22:03.988814    2480 watch.go:40] Failed to load config from "c:\\Users\\user\\Desktop\\EMPLEOS JESS\\dataconnect": could not find dataconnect.yaml in `c:\Users\user\Desktop\EMPLEOS JESS\dataconnect`
 {"metadata":{"emulator":{"name":"dataconnect"},"message":"E0831 14:22:03.988814    2480 watch.go:40] Failed to load config from \"c:\\\\Users\\\\user\\\\Desktop\\\\EMPLEOS JESS\\\\dataconnect\": could not find dataconnect.yaml in `c:\\Users\\user\\Desktop\\EMPLEOS JESS\\dataconnect`\n"}}
[debug] [2026-08-31T18:22:13.973Z] E0831 14:22:13.973960    2480 watch.go:40] Failed to load config from "c:\\Users\\user\\Desktop\\EMPLEOS JESS\\dataconnect": could not find dataconnect.yaml in `c:\Users\user\Desktop\EMPLEOS JESS\dataconnect`
 {"metadata":{"emulator":{"name":"dataconnect"},"message":"E0831 14:22:13.973960    2480 watch.go:40] Failed to load config from \"c:\\\\Users\\\\user\\\\Desktop\\\\EMPLEOS JESS\\\\dataconnect\": could not find dataconnect.yaml in `c:\\Users\\user\\Desktop\\EMPLEOS JESS\\dataconnect`\n"}}
[debug] [2026-08-31T18:22:23.972Z] E0831 14:22:23.972057    2480 watch.go:40] Failed to load config from "c:\\Users\\user\\Desktop\\EMPLEOS JESS\\dataconnect": could not find dataconnect.yaml in `c:\Users\user\Desktop\EMPLEOS JESS\dataconnect`
 {"metadata":{"emulator":{"name":"dataconnect"},"message":"E0831 14:22:23.972057    2480 watch.go:40] Failed to load config from \"c:\\\\Users\\\\user\\\\Desktop\\\\EMPLEOS JESS\\\\dataconnect\": could not find dataconnect.yaml in `c:\\Users\\user\\Desktop\\EMPLEOS JESS\\dataconnect`\n"}}
[debug] [2026-08-31T18:22:33.972Z] E0831 14:22:33.972275    2480 watch.go:116] watchAllDir unable to walk dir `c:\Users\user\Desktop\EMPLEOS JESS\dataconnect`: GetFileAttributesEx c:\Users\user\Desktop\EMPLEOS JESS\dataconnect: The system cannot find the file specified.
 {"metadata":{"emulator":{"name":"dataconnect"},"message":"E0831 14:22:33.972275    2480 watch.go:116] watchAllDir unable to walk dir `c:\\Users\\user\\Desktop\\EMPLEOS JESS\\dataconnect`: GetFileAttributesEx c:\\Users\\user\\Desktop\\EMPLEOS JESS\\dataconnect: The system cannot find the file specified.\n"}}
[debug] [2026-08-31T18:22:33.974Z] E0831 14:22:33.972275    2480 watch.go:40] Failed to load config from "c:\\Users\\user\\Desktop\\EMPLEOS JESS\\dataconnect": could not find dataconnect.yaml in `c:\Users\user\Desktop\EMPLEOS JESS\dataconnect`
 {"metadata":{"emulator":{"name":"dataconnect"},"message":"E0831 14:22:33.972275    2480 watch.go:40] Failed to load config from \"c:\\\\Users\\\\user\\\\Desktop\\\\EMPLEOS JESS\\\\dataconnect\": could not find dataconnect.yaml in `c:\\Users\\user\\Desktop\\EMPLEOS JESS\\dataconnect`\n"}}
[debug] [2026-08-31T18:22:43.972Z] E0831 14:22:43.972904    2480 watch.go:40] Failed to load config from "c:\\Users\\user\\Desktop\\EMPLEOS JESS\\dataconnect": could not find dataconnect.yaml in `c:\Users\user\Desktop\EMPLEOS JESS\dataconnect`
 {"metadata":{"emulator":{"name":"dataconnect"},"message":"E0831 14:22:43.972904    2480 watch.go:40] Failed to load config from \"c:\\\\Users\\\\user\\\\Desktop\\\\EMPLEOS JESS\\\\dataconnect\": could not find dataconnect.yaml in `c:\\Users\\user\\Desktop\\EMPLEOS JESS\\dataconnect`\n"}}
[debug] [2026-08-31T18:22:53.974Z] E0831 14:22:53.974076    2480 watch.go:40] Failed to load config from "c:\\Users\\user\\Desktop\\EMPLEOS JESS\\dataconnect": could not find dataconnect.yaml in `c:\Users\user\Desktop\EMPLEOS JESS\dataconnect`
 {"metadata":{"emulator":{"name":"dataconnect"},"message":"E0831 14:22:53.974076    2480 watch.go:40] Failed to load config from \"c:\\\\Users\\\\user\\\\Desktop\\\\EMPLEOS JESS\\\\dataconnect\": could not find dataconnect.yaml in `c:\\Users\\user\\Desktop\\EMPLEOS JESS\\dataconnect`\n"}}
[debug] [2026-08-31T18:23:03.972Z] E0831 14:23:03.972310    2480 watch.go:40] Failed to load config from "c:\\Users\\user\\Desktop\\EMPLEOS JESS\\dataconnect": could not find dataconnect.yaml in `c:\Users\user\Desktop\EMPLEOS JESS\dataconnect`
 {"metadata":{"emulator":{"name":"dataconnect"},"message":"E0831 14:23:03.972310    2480 watch.go:40] Failed to load config from \"c:\\\\Users\\\\user\\\\Desktop\\\\EMPLEOS JESS\\\\dataconnect\": could not find dataconnect.yaml in `c:\\Users\\user\\Desktop\\EMPLEOS JESS\\dataconnect`\n"}}
[debug] [2026-08-31T18:23:13.972Z] E0831 14:23:13.972457    2480 watch.go:40] Failed to load config from "c:\\Users\\user\\Desktop\\EMPLEOS JESS\\dataconnect": could not find dataconnect.yaml in `c:\Users\user\Desktop\EMPLEOS JESS\dataconnect`
 {"metadata":{"emulator":{"name":"dataconnect"},"message":"E0831 14:23:13.972457    2480 watch.go:40] Failed to load config from \"c:\\\\Users\\\\user\\\\Desktop\\\\EMPLEOS JESS\\\\dataconnect\": could not find dataconnect.yaml in `c:\\Users\\user\\Desktop\\EMPLEOS JESS\\dataconnect`\n"}}
[debug] [2026-08-31T18:23:23.972Z] E0831 14:23:23.972549    2480 watch.go:40] Failed to load config from "c:\\Users\\user\\Desktop\\EMPLEOS JESS\\dataconnect": could not find dataconnect.yaml in `c:\Users\user\Desktop\EMPLEOS JESS\dataconnect`
 {"metadata":{"emulator":{"name":"dataconnect"},"message":"E0831 14:23:23.972549    2480 watch.go:40] Failed to load config from \"c:\\\\Users\\\\user\\\\Desktop\\\\EMPLEOS JESS\\\\dataconnect\": could not find dataconnect.yaml in `c:\\Users\\user\\Desktop\\EMPLEOS JESS\\dataconnect`\n"}}
[debug] [2026-08-31T18:23:33.972Z] E0831 14:23:33.972286    2480 watch.go:116] watchAllDir unable to walk dir `c:\Users\user\Desktop\EMPLEOS JESS\dataconnect`: GetFileAttributesEx c:\Users\user\Desktop\EMPLEOS JESS\dataconnect: The system cannot find the file specified.
 {"metadata":{"emulator":{"name":"dataconnect"},"message":"E0831 14:23:33.972286    2480 watch.go:116] watchAllDir unable to walk dir `c:\\Users\\user\\Desktop\\EMPLEOS JESS\\dataconnect`: GetFileAttributesEx c:\\Users\\user\\Desktop\\EMPLEOS JESS\\dataconnect: The system cannot find the file specified.\n"}}
[debug] [2026-08-31T18:23:33.974Z] E0831 14:23:33.973389    2480 watch.go:40] Failed to load config from "c:\\Users\\user\\Desktop\\EMPLEOS JESS\\dataconnect": could not find dataconnect.yaml in `c:\Users\user\Desktop\EMPLEOS JESS\dataconnect`
 {"metadata":{"emulator":{"name":"dataconnect"},"message":"E0831 14:23:33.973389    2480 watch.go:40] Failed to load config from \"c:\\\\Users\\\\user\\\\Desktop\\\\EMPLEOS JESS\\\\dataconnect\": could not find dataconnect.yaml in `c:\\Users\\user\\Desktop\\EMPLEOS JESS\\dataconnect`\n"}}
[debug] [2026-08-31T18:23:43.973Z] E0831 14:23:43.973683    2480 watch.go:40] Failed to load config from "c:\\Users\\user\\Desktop\\EMPLEOS JESS\\dataconnect": could not find dataconnect.yaml in `c:\Users\user\Desktop\EMPLEOS JESS\dataconnect`
 {"metadata":{"emulator":{"name":"dataconnect"},"message":"E0831 14:23:43.973683    2480 watch.go:40] Failed to load config from \"c:\\\\Users\\\\user\\\\Desktop\\\\EMPLEOS JESS\\\\dataconnect\": could not find dataconnect.yaml in `c:\\Users\\user\\Desktop\\EMPLEOS JESS\\dataconnect`\n"}}
[debug] [2026-08-31T18:23:53.972Z] E0831 14:23:53.971997    2480 watch.go:40] Failed to load config from "c:\\Users\\user\\Desktop\\EMPLEOS JESS\\dataconnect": could not find dataconnect.yaml in `c:\Users\user\Desktop\EMPLEOS JESS\dataconnect`
 {"metadata":{"emulator":{"name":"dataconnect"},"message":"E0831 14:23:53.971997    2480 watch.go:40] Failed to load config from \"c:\\\\Users\\\\user\\\\Desktop\\\\EMPLEOS JESS\\\\dataconnect\": could not find dataconnect.yaml in `c:\\Users\\user\\Desktop\\EMPLEOS JESS\\dataconnect`\n"}}
[debug] [2026-08-31T18:24:03.973Z] E0831 14:24:03.972998    2480 watch.go:40] Failed to load config from "c:\\Users\\user\\Desktop\\EMPLEOS JESS\\dataconnect": could not find dataconnect.yaml in `c:\Users\user\Desktop\EMPLEOS JESS\dataconnect`
 {"metadata":{"emulator":{"name":"dataconnect"},"message":"E0831 14:24:03.972998    2480 watch.go:40] Failed to load config from \"c:\\\\Users\\\\user\\\\Desktop\\\\EMPLEOS JESS\\\\dataconnect\": could not find dataconnect.yaml in `c:\\Users\\user\\Desktop\\EMPLEOS JESS\\dataconnect`\n"}}
[debug] [2026-08-31T18:24:13.975Z] E0831 14:24:13.974901    2480 watch.go:40] Failed to load config from "c:\\Users\\user\\Desktop\\EMPLEOS JESS\\dataconnect": could not find dataconnect.yaml in `c:\Users\user\Desktop\EMPLEOS JESS\dataconnect`
 {"metadata":{"emulator":{"name":"dataconnect"},"message":"E0831 14:24:13.974901    2480 watch.go:40] Failed to load config from \"c:\\\\Users\\\\user\\\\Desktop\\\\EMPLEOS JESS\\\\dataconnect\": could not find dataconnect.yaml in `c:\\Users\\user\\Desktop\\EMPLEOS JESS\\dataconnect`\n"}}
[debug] [2026-08-31T18:24:23.972Z] E0831 14:24:23.972399    2480 watch.go:40] Failed to load config from "c:\\Users\\user\\Desktop\\EMPLEOS JESS\\dataconnect": could not find dataconnect.yaml in `c:\Users\user\Desktop\EMPLEOS JESS\dataconnect`
 {"metadata":{"emulator":{"name":"dataconnect"},"message":"E0831 14:24:23.972399    2480 watch.go:40] Failed to load config from \"c:\\\\Users\\\\user\\\\Desktop\\\\EMPLEOS JESS\\\\dataconnect\": could not find dataconnect.yaml in `c:\\Users\\user\\Desktop\\EMPLEOS JESS\\dataconnect`\n"}}
[debug] [2026-08-31T18:24:33.973Z] E0831 14:24:33.972525    2480 watch.go:116] watchAllDir unable to walk dir `c:\Users\user\Desktop\EMPLEOS JESS\dataconnect`: GetFileAttributesEx c:\Users\user\Desktop\EMPLEOS JESS\dataconnect: The system cannot find the file specified.
 {"metadata":{"emulator":{"name":"dataconnect"},"message":"E0831 14:24:33.972525    2480 watch.go:116] watchAllDir unable to walk dir `c:\\Users\\user\\Desktop\\EMPLEOS JESS\\dataconnect`: GetFileAttributesEx c:\\Users\\user\\Desktop\\EMPLEOS JESS\\dataconnect: The system cannot find the file specified.\n"}}
[debug] [2026-08-31T18:24:33.975Z] E0831 14:24:33.973101    2480 watch.go:40] Failed to load config from "c:\\Users\\user\\Desktop\\EMPLEOS JESS\\dataconnect": could not find dataconnect.yaml in `c:\Users\user\Desktop\EMPLEOS JESS\dataconnect`
 {"metadata":{"emulator":{"name":"dataconnect"},"message":"E0831 14:24:33.973101    2480 watch.go:40] Failed to load config from \"c:\\\\Users\\\\user\\\\Desktop\\\\EMPLEOS JESS\\\\dataconnect\": could not find dataconnect.yaml in `c:\\Users\\user\\Desktop\\EMPLEOS JESS\\dataconnect`\n"}}
[debug] [2026-08-31T18:24:43.976Z] E0831 14:24:43.974526    2480 watch.go:40] Failed to load config from "c:\\Users\\user\\Desktop\\EMPLEOS JESS\\dataconnect": could not find dataconnect.yaml in `c:\Users\user\Desktop\EMPLEOS JESS\dataconnect`
 {"metadata":{"emulator":{"name":"dataconnect"},"message":"E0831 14:24:43.974526    2480 watch.go:40] Failed to load config from \"c:\\\\Users\\\\user\\\\Desktop\\\\EMPLEOS JESS\\\\dataconnect\": could not find dataconnect.yaml in `c:\\Users\\user\\Desktop\\EMPLEOS JESS\\dataconnect`\n"}}
[debug] [2026-08-31T18:24:53.974Z] E0831 14:24:53.973449    2480 watch.go:40] Failed to load config from "c:\\Users\\user\\Desktop\\EMPLEOS JESS\\dataconnect": could not find dataconnect.yaml in `c:\Users\user\Desktop\EMPLEOS JESS\dataconnect`
 {"metadata":{"emulator":{"name":"dataconnect"},"message":"E0831 14:24:53.973449    2480 watch.go:40] Failed to load config from \"c:\\\\Users\\\\user\\\\Desktop\\\\EMPLEOS JESS\\\\dataconnect\": could not find dataconnect.yaml in `c:\\Users\\user\\Desktop\\EMPLEOS JESS\\dataconnect`\n"}}
[debug] [2026-08-31T18:25:03.994Z] E0831 14:25:03.993216    2480 watch.go:40] Failed to load config from "c:\\Users\\user\\Desktop\\EMPLEOS JESS\\dataconnect": could not find dataconnect.yaml in `c:\Users\user\Desktop\EMPLEOS JESS\dataconnect`
 {"metadata":{"emulator":{"name":"dataconnect"},"message":"E0831 14:25:03.993216    2480 watch.go:40] Failed to load config from \"c:\\\\Users\\\\user\\\\Desktop\\\\EMPLEOS JESS\\\\dataconnect\": could not find dataconnect.yaml in `c:\\Users\\user\\Desktop\\EMPLEOS JESS\\dataconnect`\n"}}
[debug] [2026-08-31T18:25:13.973Z] E0831 14:25:13.972907    2480 watch.go:40] Failed to load config from "c:\\Users\\user\\Desktop\\EMPLEOS JESS\\dataconnect": could not find dataconnect.yaml in `c:\Users\user\Desktop\EMPLEOS JESS\dataconnect`
 {"metadata":{"emulator":{"name":"dataconnect"},"message":"E0831 14:25:13.972907    2480 watch.go:40] Failed to load config from \"c:\\\\Users\\\\user\\\\Desktop\\\\EMPLEOS JESS\\\\dataconnect\": could not find dataconnect.yaml in `c:\\Users\\user\\Desktop\\EMPLEOS JESS\\dataconnect`\n"}}
[debug] [2026-08-31T18:25:23.974Z] E0831 14:25:23.974335    2480 watch.go:40] Failed to load config from "c:\\Users\\user\\Desktop\\EMPLEOS JESS\\dataconnect": could not find dataconnect.yaml in `c:\Users\user\Desktop\EMPLEOS JESS\dataconnect`
 {"metadata":{"emulator":{"name":"dataconnect"},"message":"E0831 14:25:23.974335    2480 watch.go:40] Failed to load config from \"c:\\\\Users\\\\user\\\\Desktop\\\\EMPLEOS JESS\\\\dataconnect\": could not find dataconnect.yaml in `c:\\Users\\user\\Desktop\\EMPLEOS JESS\\dataconnect`\n"}}
[debug] [2026-08-31T18:25:33.973Z] E0831 14:25:33.973343    2480 watch.go:116] watchAllDir unable to walk dir `c:\Users\user\Desktop\EMPLEOS JESS\dataconnect`: GetFileAttributesEx c:\Users\user\Desktop\EMPLEOS JESS\dataconnect: The system cannot find the file specified.
 {"metadata":{"emulator":{"name":"dataconnect"},"message":"E0831 14:25:33.973343    2480 watch.go:116] watchAllDir unable to walk dir `c:\\Users\\user\\Desktop\\EMPLEOS JESS\\dataconnect`: GetFileAttributesEx c:\\Users\\user\\Desktop\\EMPLEOS JESS\\dataconnect: The system cannot find the file specified.\n"}}
[debug] [2026-08-31T18:25:33.974Z] E0831 14:25:33.973343    2480 watch.go:40] Failed to load config from "c:\\Users\\user\\Desktop\\EMPLEOS JESS\\dataconnect": could not find dataconnect.yaml in `c:\Users\user\Desktop\EMPLEOS JESS\dataconnect`
 {"metadata":{"emulator":{"name":"dataconnect"},"message":"E0831 14:25:33.973343    2480 watch.go:40] Failed to load config from \"c:\\\\Users\\\\user\\\\Desktop\\\\EMPLEOS JESS\\\\dataconnect\": could not find dataconnect.yaml in `c:\\Users\\user\\Desktop\\EMPLEOS JESS\\dataconnect`\n"}}
[debug] [2026-08-31T18:25:43.973Z] E0831 14:25:43.973126    2480 watch.go:40] Failed to load config from "c:\\Users\\user\\Desktop\\EMPLEOS JESS\\dataconnect": could not find dataconnect.yaml in `c:\Users\user\Desktop\EMPLEOS JESS\dataconnect`
 {"metadata":{"emulator":{"name":"dataconnect"},"message":"E0831 14:25:43.973126    2480 watch.go:40] Failed to load config from \"c:\\\\Users\\\\user\\\\Desktop\\\\EMPLEOS JESS\\\\dataconnect\": could not find dataconnect.yaml in `c:\\Users\\user\\Desktop\\EMPLEOS JESS\\dataconnect`\n"}}
[debug] [2026-08-31T18:25:53.973Z] E0831 14:25:53.973260    2480 watch.go:40] Failed to load config from "c:\\Users\\user\\Desktop\\EMPLEOS JESS\\dataconnect": could not find dataconnect.yaml in `c:\Users\user\Desktop\EMPLEOS JESS\dataconnect`
 {"metadata":{"emulator":{"name":"dataconnect"},"message":"E0831 14:25:53.973260    2480 watch.go:40] Failed to load config from \"c:\\\\Users\\\\user\\\\Desktop\\\\EMPLEOS JESS\\\\dataconnect\": could not find dataconnect.yaml in `c:\\Users\\user\\Desktop\\EMPLEOS JESS\\dataconnect`\n"}}
[debug] [2026-08-31T18:26:03.973Z] E0831 14:26:03.973407    2480 watch.go:40] Failed to load config from "c:\\Users\\user\\Desktop\\EMPLEOS JESS\\dataconnect": could not find dataconnect.yaml in `c:\Users\user\Desktop\EMPLEOS JESS\dataconnect`
 {"metadata":{"emulator":{"name":"dataconnect"},"message":"E0831 14:26:03.973407    2480 watch.go:40] Failed to load config from \"c:\\\\Users\\\\user\\\\Desktop\\\\EMPLEOS JESS\\\\dataconnect\": could not find dataconnect.yaml in `c:\\Users\\user\\Desktop\\EMPLEOS JESS\\dataconnect`\n"}}
[debug] [2026-08-31T18:26:13.974Z] E0831 14:26:13.974173    2480 watch.go:40] Failed to load config from "c:\\Users\\user\\Desktop\\EMPLEOS JESS\\dataconnect": could not find dataconnect.yaml in `c:\Users\user\Desktop\EMPLEOS JESS\dataconnect`
 {"metadata":{"emulator":{"name":"dataconnect"},"message":"E0831 14:26:13.974173    2480 watch.go:40] Failed to load config from \"c:\\\\Users\\\\user\\\\Desktop\\\\EMPLEOS JESS\\\\dataconnect\": could not find dataconnect.yaml in `c:\\Users\\user\\Desktop\\EMPLEOS JESS\\dataconnect`\n"}}
[debug] [2026-08-31T18:26:23.973Z] E0831 14:26:23.973883    2480 watch.go:40] Failed to load config from "c:\\Users\\user\\Desktop\\EMPLEOS JESS\\dataconnect": could not find dataconnect.yaml in `c:\Users\user\Desktop\EMPLEOS JESS\dataconnect`
 {"metadata":{"emulator":{"name":"dataconnect"},"message":"E0831 14:26:23.973883    2480 watch.go:40] Failed to load config from \"c:\\\\Users\\\\user\\\\Desktop\\\\EMPLEOS JESS\\\\dataconnect\": could not find dataconnect.yaml in `c:\\Users\\user\\Desktop\\EMPLEOS JESS\\dataconnect`\n"}}
[debug] [2026-08-31T18:26:33.972Z] E0831 14:26:33.972621    2480 watch.go:116] watchAllDir unable to walk dir `c:\Users\user\Desktop\EMPLEOS JESS\dataconnect`: GetFileAttributesEx c:\Users\user\Desktop\EMPLEOS JESS\dataconnect: The system cannot find the file specified.
 {"metadata":{"emulator":{"name":"dataconnect"},"message":"E0831 14:26:33.972621    2480 watch.go:116] watchAllDir unable to walk dir `c:\\Users\\user\\Desktop\\EMPLEOS JESS\\dataconnect`: GetFileAttributesEx c:\\Users\\user\\Desktop\\EMPLEOS JESS\\dataconnect: The system cannot find the file specified.\n"}}
[debug] [2026-08-31T18:26:33.974Z] E0831 14:26:33.973783    2480 watch.go:40] Failed to load config from "c:\\Users\\user\\Desktop\\EMPLEOS JESS\\dataconnect": could not find dataconnect.yaml in `c:\Users\user\Desktop\EMPLEOS JESS\dataconnect`
 {"metadata":{"emulator":{"name":"dataconnect"},"message":"E0831 14:26:33.973783    2480 watch.go:40] Failed to load config from \"c:\\\\Users\\\\user\\\\Desktop\\\\EMPLEOS JESS\\\\dataconnect\": could not find dataconnect.yaml in `c:\\Users\\user\\Desktop\\EMPLEOS JESS\\dataconnect`\n"}}
[debug] [2026-08-31T18:26:43.972Z] E0831 14:26:43.973033    2480 watch.go:40] Failed to load config from "c:\\Users\\user\\Desktop\\EMPLEOS JESS\\dataconnect": could not find dataconnect.yaml in `c:\Users\user\Desktop\EMPLEOS JESS\dataconnect`
 {"metadata":{"emulator":{"name":"dataconnect"},"message":"E0831 14:26:43.973033    2480 watch.go:40] Failed to load config from \"c:\\\\Users\\\\user\\\\Desktop\\\\EMPLEOS JESS\\\\dataconnect\": could not find dataconnect.yaml in `c:\\Users\\user\\Desktop\\EMPLEOS JESS\\dataconnect`\n"}}
[debug] [2026-08-31T18:26:53.971Z] E0831 14:26:53.972398    2480 watch.go:40] Failed to load config from "c:\\Users\\user\\Desktop\\EMPLEOS JESS\\dataconnect": could not find dataconnect.yaml in `c:\Users\user\Desktop\EMPLEOS JESS\dataconnect`
 {"metadata":{"emulator":{"name":"dataconnect"},"message":"E0831 14:26:53.972398    2480 watch.go:40] Failed to load config from \"c:\\\\Users\\\\user\\\\Desktop\\\\EMPLEOS JESS\\\\dataconnect\": could not find dataconnect.yaml in `c:\\Users\\user\\Desktop\\EMPLEOS JESS\\dataconnect`\n"}}
[debug] [2026-08-31T18:27:03.972Z] E0831 14:27:03.972922    2480 watch.go:40] Failed to load config from "c:\\Users\\user\\Desktop\\EMPLEOS JESS\\dataconnect": could not find dataconnect.yaml in `c:\Users\user\Desktop\EMPLEOS JESS\dataconnect`
 {"metadata":{"emulator":{"name":"dataconnect"},"message":"E0831 14:27:03.972922    2480 watch.go:40] Failed to load config from \"c:\\\\Users\\\\user\\\\Desktop\\\\EMPLEOS JESS\\\\dataconnect\": could not find dataconnect.yaml in `c:\\Users\\user\\Desktop\\EMPLEOS JESS\\dataconnect`\n"}}
[debug] [2026-08-31T18:27:13.971Z] E0831 14:27:13.972279    2480 watch.go:40] Failed to load config from "c:\\Users\\user\\Desktop\\EMPLEOS JESS\\dataconnect": could not find dataconnect.yaml in `c:\Users\user\Desktop\EMPLEOS JESS\dataconnect`
 {"metadata":{"emulator":{"name":"dataconnect"},"message":"E0831 14:27:13.972279    2480 watch.go:40] Failed to load config from \"c:\\\\Users\\\\user\\\\Desktop\\\\EMPLEOS JESS\\\\dataconnect\": could not find dataconnect.yaml in `c:\\Users\\user\\Desktop\\EMPLEOS JESS\\dataconnect`\n"}}
[debug] [2026-08-31T18:27:23.974Z] E0831 14:27:23.973679    2480 watch.go:40] Failed to load config from "c:\\Users\\user\\Desktop\\EMPLEOS JESS\\dataconnect": could not find dataconnect.yaml in `c:\Users\user\Desktop\EMPLEOS JESS\dataconnect`
 {"metadata":{"emulator":{"name":"dataconnect"},"message":"E0831 14:27:23.973679    2480 watch.go:40] Failed to load config from \"c:\\\\Users\\\\user\\\\Desktop\\\\EMPLEOS JESS\\\\dataconnect\": could not find dataconnect.yaml in `c:\\Users\\user\\Desktop\\EMPLEOS JESS\\dataconnect`\n"}}
[debug] [2026-08-31T18:27:33.973Z] E0831 14:27:33.972624    2480 watch.go:116] watchAllDir unable to walk dir `c:\Users\user\Desktop\EMPLEOS JESS\dataconnect`: GetFileAttributesEx c:\Users\user\Desktop\EMPLEOS JESS\dataconnect: The system cannot find the file specified.
 {"metadata":{"emulator":{"name":"dataconnect"},"message":"E0831 14:27:33.972624    2480 watch.go:116] watchAllDir unable to walk dir `c:\\Users\\user\\Desktop\\EMPLEOS JESS\\dataconnect`: GetFileAttributesEx c:\\Users\\user\\Desktop\\EMPLEOS JESS\\dataconnect: The system cannot find the file specified.\n"}}
[debug] [2026-08-31T18:27:33.978Z] E0831 14:27:33.973213    2480 watch.go:40] Failed to load config from "c:\\Users\\user\\Desktop\\EMPLEOS JESS\\dataconnect": could not find dataconnect.yaml in `c:\Users\user\Desktop\EMPLEOS JESS\dataconnect`
 {"metadata":{"emulator":{"name":"dataconnect"},"message":"E0831 14:27:33.973213    2480 watch.go:40] Failed to load config from \"c:\\\\Users\\\\user\\\\Desktop\\\\EMPLEOS JESS\\\\dataconnect\": could not find dataconnect.yaml in `c:\\Users\\user\\Desktop\\EMPLEOS JESS\\dataconnect`\n"}}
[debug] [2026-08-31T18:27:43.974Z] E0831 14:27:43.974212    2480 watch.go:40] Failed to load config from "c:\\Users\\user\\Desktop\\EMPLEOS JESS\\dataconnect": could not find dataconnect.yaml in `c:\Users\user\Desktop\EMPLEOS JESS\dataconnect`
 {"metadata":{"emulator":{"name":"dataconnect"},"message":"E0831 14:27:43.974212    2480 watch.go:40] Failed to load config from \"c:\\\\Users\\\\user\\\\Desktop\\\\EMPLEOS JESS\\\\dataconnect\": could not find dataconnect.yaml in `c:\\Users\\user\\Desktop\\EMPLEOS JESS\\dataconnect`\n"}}
[debug] [2026-08-31T18:27:53.972Z] E0831 14:27:53.972502    2480 watch.go:40] Failed to load config from "c:\\Users\\user\\Desktop\\EMPLEOS JESS\\dataconnect": could not find dataconnect.yaml in `c:\Users\user\Desktop\EMPLEOS JESS\dataconnect`
 {"metadata":{"emulator":{"name":"dataconnect"},"message":"E0831 14:27:53.972502    2480 watch.go:40] Failed to load config from \"c:\\\\Users\\\\user\\\\Desktop\\\\EMPLEOS JESS\\\\dataconnect\": could not find dataconnect.yaml in `c:\\Users\\user\\Desktop\\EMPLEOS JESS\\dataconnect`\n"}}
[debug] [2026-08-31T18:28:03.973Z] E0831 14:28:03.972166    2480 watch.go:40] Failed to load config from "c:\\Users\\user\\Desktop\\EMPLEOS JESS\\dataconnect": could not find dataconnect.yaml in `c:\Users\user\Desktop\EMPLEOS JESS\dataconnect`
 {"metadata":{"emulator":{"name":"dataconnect"},"message":"E0831 14:28:03.972166    2480 watch.go:40] Failed to load config from \"c:\\\\Users\\\\user\\\\Desktop\\\\EMPLEOS JESS\\\\dataconnect\": could not find dataconnect.yaml in `c:\\Users\\user\\Desktop\\EMPLEOS JESS\\dataconnect`\n"}}
[debug] [2026-08-31T18:28:13.973Z] E0831 14:28:13.973049    2480 watch.go:40] Failed to load config from "c:\\Users\\user\\Desktop\\EMPLEOS JESS\\dataconnect": could not find dataconnect.yaml in `c:\Users\user\Desktop\EMPLEOS JESS\dataconnect`
 {"metadata":{"emulator":{"name":"dataconnect"},"message":"E0831 14:28:13.973049    2480 watch.go:40] Failed to load config from \"c:\\\\Users\\\\user\\\\Desktop\\\\EMPLEOS JESS\\\\dataconnect\": could not find dataconnect.yaml in `c:\\Users\\user\\Desktop\\EMPLEOS JESS\\dataconnect`\n"}}
[debug] [2026-08-31T18:28:23.972Z] E0831 14:28:23.972588    2480 watch.go:40] Failed to load config from "c:\\Users\\user\\Desktop\\EMPLEOS JESS\\dataconnect": could not find dataconnect.yaml in `c:\Users\user\Desktop\EMPLEOS JESS\dataconnect`
 {"metadata":{"emulator":{"name":"dataconnect"},"message":"E0831 14:28:23.972588    2480 watch.go:40] Failed to load config from \"c:\\\\Users\\\\user\\\\Desktop\\\\EMPLEOS JESS\\\\dataconnect\": could not find dataconnect.yaml in `c:\\Users\\user\\Desktop\\EMPLEOS JESS\\dataconnect`\n"}}
[debug] [2026-08-31T18:28:33.973Z] E0831 14:28:33.973023    2480 watch.go:116] watchAllDir unable to walk dir `c:\Users\user\Desktop\EMPLEOS JESS\dataconnect`: GetFileAttributesEx c:\Users\user\Desktop\EMPLEOS JESS\dataconnect: The system cannot find the file specified.
 {"metadata":{"emulator":{"name":"dataconnect"},"message":"E0831 14:28:33.973023    2480 watch.go:116] watchAllDir unable to walk dir `c:\\Users\\user\\Desktop\\EMPLEOS JESS\\dataconnect`: GetFileAttributesEx c:\\Users\\user\\Desktop\\EMPLEOS JESS\\dataconnect: The system cannot find the file specified.\n"}}
[debug] [2026-08-31T18:28:33.975Z] E0831 14:28:33.973605    2480 watch.go:40] Failed to load config from "c:\\Users\\user\\Desktop\\EMPLEOS JESS\\dataconnect": could not find dataconnect.yaml in `c:\Users\user\Desktop\EMPLEOS JESS\dataconnect`
 {"metadata":{"emulator":{"name":"dataconnect"},"message":"E0831 14:28:33.973605    2480 watch.go:40] Failed to load config from \"c:\\\\Users\\\\user\\\\Desktop\\\\EMPLEOS JESS\\\\dataconnect\": could not find dataconnect.yaml in `c:\\Users\\user\\Desktop\\EMPLEOS JESS\\dataconnect`\n"}}
[debug] [2026-08-31T18:28:43.973Z] E0831 14:28:43.972637    2480 watch.go:40] Failed to load config from "c:\\Users\\user\\Desktop\\EMPLEOS JESS\\dataconnect": could not find dataconnect.yaml in `c:\Users\user\Desktop\EMPLEOS JESS\dataconnect`
 {"metadata":{"emulator":{"name":"dataconnect"},"message":"E0831 14:28:43.972637    2480 watch.go:40] Failed to load config from \"c:\\\\Users\\\\user\\\\Desktop\\\\EMPLEOS JESS\\\\dataconnect\": could not find dataconnect.yaml in `c:\\Users\\user\\Desktop\\EMPLEOS JESS\\dataconnect`\n"}}
[debug] [2026-08-31T18:28:53.975Z] E0831 14:28:53.973818    2480 watch.go:40] Failed to load config from "c:\\Users\\user\\Desktop\\EMPLEOS JESS\\dataconnect": could not find dataconnect.yaml in `c:\Users\user\Desktop\EMPLEOS JESS\dataconnect`
 {"metadata":{"emulator":{"name":"dataconnect"},"message":"E0831 14:28:53.973818    2480 watch.go:40] Failed to load config from \"c:\\\\Users\\\\user\\\\Desktop\\\\EMPLEOS JESS\\\\dataconnect\": could not find dataconnect.yaml in `c:\\Users\\user\\Desktop\\EMPLEOS JESS\\dataconnect`\n"}}
[debug] [2026-08-31T18:29:03.972Z] E0831 14:29:03.972679    2480 watch.go:40] Failed to load config from "c:\\Users\\user\\Desktop\\EMPLEOS JESS\\dataconnect": could not find dataconnect.yaml in `c:\Users\user\Desktop\EMPLEOS JESS\dataconnect`
 {"metadata":{"emulator":{"name":"dataconnect"},"message":"E0831 14:29:03.972679    2480 watch.go:40] Failed to load config from \"c:\\\\Users\\\\user\\\\Desktop\\\\EMPLEOS JESS\\\\dataconnect\": could not find dataconnect.yaml in `c:\\Users\\user\\Desktop\\EMPLEOS JESS\\dataconnect`\n"}}
[debug] [2026-08-31T18:29:13.992Z] E0831 14:29:13.973960    2480 watch.go:40] Failed to load config from "c:\\Users\\user\\Desktop\\EMPLEOS JESS\\dataconnect": could not find dataconnect.yaml in `c:\Users\user\Desktop\EMPLEOS JESS\dataconnect`
 {"metadata":{"emulator":{"name":"dataconnect"},"message":"E0831 14:29:13.973960    2480 watch.go:40] Failed to load config from \"c:\\\\Users\\\\user\\\\Desktop\\\\EMPLEOS JESS\\\\dataconnect\": could not find dataconnect.yaml in `c:\\Users\\user\\Desktop\\EMPLEOS JESS\\dataconnect`\n"}}
[debug] [2026-08-31T18:29:23.984Z] E0831 14:29:23.973352    2480 watch.go:40] Failed to load config from "c:\\Users\\user\\Desktop\\EMPLEOS JESS\\dataconnect": could not find dataconnect.yaml in `c:\Users\user\Desktop\EMPLEOS JESS\dataconnect`
 {"metadata":{"emulator":{"name":"dataconnect"},"message":"E0831 14:29:23.973352    2480 watch.go:40] Failed to load config from \"c:\\\\Users\\\\user\\\\Desktop\\\\EMPLEOS JESS\\\\dataconnect\": could not find dataconnect.yaml in `c:\\Users\\user\\Desktop\\EMPLEOS JESS\\dataconnect`\n"}}
[debug] [2026-08-31T18:29:33.974Z] E0831 14:29:33.974721    2480 watch.go:116] watchAllDir unable to walk dir `c:\Users\user\Desktop\EMPLEOS JESS\dataconnect`: GetFileAttributesEx c:\Users\user\Desktop\EMPLEOS JESS\dataconnect: The system cannot find the file specified.
 {"metadata":{"emulator":{"name":"dataconnect"},"message":"E0831 14:29:33.974721    2480 watch.go:116] watchAllDir unable to walk dir `c:\\Users\\user\\Desktop\\EMPLEOS JESS\\dataconnect`: GetFileAttributesEx c:\\Users\\user\\Desktop\\EMPLEOS JESS\\dataconnect: The system cannot find the file specified.\n"}}
[debug] [2026-08-31T18:29:33.975Z] E0831 14:29:33.975266    2480 watch.go:40] Failed to load config from "c:\\Users\\user\\Desktop\\EMPLEOS JESS\\dataconnect": could not find dataconnect.yaml in `c:\Users\user\Desktop\EMPLEOS JESS\dataconnect`
 {"metadata":{"emulator":{"name":"dataconnect"},"message":"E0831 14:29:33.975266    2480 watch.go:40] Failed to load config from \"c:\\\\Users\\\\user\\\\Desktop\\\\EMPLEOS JESS\\\\dataconnect\": could not find dataconnect.yaml in `c:\\Users\\user\\Desktop\\EMPLEOS JESS\\dataconnect`\n"}}
[debug] [2026-08-31T18:29:43.974Z] E0831 14:29:43.973601    2480 watch.go:40] Failed to load config from "c:\\Users\\user\\Desktop\\EMPLEOS JESS\\dataconnect": could not find dataconnect.yaml in `c:\Users\user\Desktop\EMPLEOS JESS\dataconnect`
 {"metadata":{"emulator":{"name":"dataconnect"},"message":"E0831 14:29:43.973601    2480 watch.go:40] Failed to load config from \"c:\\\\Users\\\\user\\\\Desktop\\\\EMPLEOS JESS\\\\dataconnect\": could not find dataconnect.yaml in `c:\\Users\\user\\Desktop\\EMPLEOS JESS\\dataconnect`\n"}}
[debug] [2026-08-31T18:29:53.972Z] E0831 14:29:53.972124    2480 watch.go:40] Failed to load config from "c:\\Users\\user\\Desktop\\EMPLEOS JESS\\dataconnect": could not find dataconnect.yaml in `c:\Users\user\Desktop\EMPLEOS JESS\dataconnect`
 {"metadata":{"emulator":{"name":"dataconnect"},"message":"E0831 14:29:53.972124    2480 watch.go:40] Failed to load config from \"c:\\\\Users\\\\user\\\\Desktop\\\\EMPLEOS JESS\\\\dataconnect\": could not find dataconnect.yaml in `c:\\Users\\user\\Desktop\\EMPLEOS JESS\\dataconnect`\n"}}
[debug] [2026-08-31T18:30:03.973Z] E0831 14:30:03.972842    2480 watch.go:40] Failed to load config from "c:\\Users\\user\\Desktop\\EMPLEOS JESS\\dataconnect": could not find dataconnect.yaml in `c:\Users\user\Desktop\EMPLEOS JESS\dataconnect`
 {"metadata":{"emulator":{"name":"dataconnect"},"message":"E0831 14:30:03.972842    2480 watch.go:40] Failed to load config from \"c:\\\\Users\\\\user\\\\Desktop\\\\EMPLEOS JESS\\\\dataconnect\": could not find dataconnect.yaml in `c:\\Users\\user\\Desktop\\EMPLEOS JESS\\dataconnect`\n"}}
[debug] [2026-08-31T18:30:13.973Z] E0831 14:30:13.973429    2480 watch.go:40] Failed to load config from "c:\\Users\\user\\Desktop\\EMPLEOS JESS\\dataconnect": could not find dataconnect.yaml in `c:\Users\user\Desktop\EMPLEOS JESS\dataconnect`
 {"metadata":{"emulator":{"name":"dataconnect"},"message":"E0831 14:30:13.973429    2480 watch.go:40] Failed to load config from \"c:\\\\Users\\\\user\\\\Desktop\\\\EMPLEOS JESS\\\\dataconnect\": could not find dataconnect.yaml in `c:\\Users\\user\\Desktop\\EMPLEOS JESS\\dataconnect`\n"}}
[debug] [2026-08-31T18:30:23.973Z] E0831 14:30:23.973329    2480 watch.go:40] Failed to load config from "c:\\Users\\user\\Desktop\\EMPLEOS JESS\\dataconnect": could not find dataconnect.yaml in `c:\Users\user\Desktop\EMPLEOS JESS\dataconnect`
 {"metadata":{"emulator":{"name":"dataconnect"},"message":"E0831 14:30:23.973329    2480 watch.go:40] Failed to load config from \"c:\\\\Users\\\\user\\\\Desktop\\\\EMPLEOS JESS\\\\dataconnect\": could not find dataconnect.yaml in `c:\\Users\\user\\Desktop\\EMPLEOS JESS\\dataconnect`\n"}}
[debug] [2026-08-31T18:30:33.973Z] E0831 14:30:33.972588    2480 watch.go:116] watchAllDir unable to walk dir `c:\Users\user\Desktop\EMPLEOS JESS\dataconnect`: GetFileAttributesEx c:\Users\user\Desktop\EMPLEOS JESS\dataconnect: The system cannot find the file specified.
 {"metadata":{"emulator":{"name":"dataconnect"},"message":"E0831 14:30:33.972588    2480 watch.go:116] watchAllDir unable to walk dir `c:\\Users\\user\\Desktop\\EMPLEOS JESS\\dataconnect`: GetFileAttributesEx c:\\Users\\user\\Desktop\\EMPLEOS JESS\\dataconnect: The system cannot find the file specified.\n"}}
[debug] [2026-08-31T18:30:33.980Z] E0831 14:30:33.979816    2480 watch.go:40] Failed to load config from "c:\\Users\\user\\Desktop\\EMPLEOS JESS\\dataconnect": could not find dataconnect.yaml in `c:\Users\user\Desktop\EMPLEOS JESS\dataconnect`
 {"metadata":{"emulator":{"name":"dataconnect"},"message":"E0831 14:30:33.979816    2480 watch.go:40] Failed to load config from \"c:\\\\Users\\\\user\\\\Desktop\\\\EMPLEOS JESS\\\\dataconnect\": could not find dataconnect.yaml in `c:\\Users\\user\\Desktop\\EMPLEOS JESS\\dataconnect`\n"}}
[debug] [2026-08-31T18:30:43.973Z] E0831 14:30:43.972446    2480 watch.go:40] Failed to load config from "c:\\Users\\user\\Desktop\\EMPLEOS JESS\\dataconnect": could not find dataconnect.yaml in `c:\Users\user\Desktop\EMPLEOS JESS\dataconnect`
 {"metadata":{"emulator":{"name":"dataconnect"},"message":"E0831 14:30:43.972446    2480 watch.go:40] Failed to load config from \"c:\\\\Users\\\\user\\\\Desktop\\\\EMPLEOS JESS\\\\dataconnect\": could not find dataconnect.yaml in `c:\\Users\\user\\Desktop\\EMPLEOS JESS\\dataconnect`\n"}}
[debug] [2026-08-31T18:30:53.973Z] E0831 14:30:53.973098    2480 watch.go:40] Failed to load config from "c:\\Users\\user\\Desktop\\EMPLEOS JESS\\dataconnect": could not find dataconnect.yaml in `c:\Users\user\Desktop\EMPLEOS JESS\dataconnect`
 {"metadata":{"emulator":{"name":"dataconnect"},"message":"E0831 14:30:53.973098    2480 watch.go:40] Failed to load config from \"c:\\\\Users\\\\user\\\\Desktop\\\\EMPLEOS JESS\\\\dataconnect\": could not find dataconnect.yaml in `c:\\Users\\user\\Desktop\\EMPLEOS JESS\\dataconnect`\n"}}
[debug] [2026-08-31T18:31:03.973Z] E0831 14:31:03.973394    2480 watch.go:40] Failed to load config from "c:\\Users\\user\\Desktop\\EMPLEOS JESS\\dataconnect": could not find dataconnect.yaml in `c:\Users\user\Desktop\EMPLEOS JESS\dataconnect`
 {"metadata":{"emulator":{"name":"dataconnect"},"message":"E0831 14:31:03.973394    2480 watch.go:40] Failed to load config from \"c:\\\\Users\\\\user\\\\Desktop\\\\EMPLEOS JESS\\\\dataconnect\": could not find dataconnect.yaml in `c:\\Users\\user\\Desktop\\EMPLEOS JESS\\dataconnect`\n"}}
[debug] [2026-08-31T18:31:13.975Z] E0831 14:31:13.974083    2480 watch.go:40] Failed to load config from "c:\\Users\\user\\Desktop\\EMPLEOS JESS\\dataconnect": could not find dataconnect.yaml in `c:\Users\user\Desktop\EMPLEOS JESS\dataconnect`
 {"metadata":{"emulator":{"name":"dataconnect"},"message":"E0831 14:31:13.974083    2480 watch.go:40] Failed to load config from \"c:\\\\Users\\\\user\\\\Desktop\\\\EMPLEOS JESS\\\\dataconnect\": could not find dataconnect.yaml in `c:\\Users\\user\\Desktop\\EMPLEOS JESS\\dataconnect`\n"}}
[debug] [2026-08-31T18:31:23.974Z] E0831 14:31:23.973038    2480 watch.go:40] Failed to load config from "c:\\Users\\user\\Desktop\\EMPLEOS JESS\\dataconnect": could not find dataconnect.yaml in `c:\Users\user\Desktop\EMPLEOS JESS\dataconnect`
 {"metadata":{"emulator":{"name":"dataconnect"},"message":"E0831 14:31:23.973038    2480 watch.go:40] Failed to load config from \"c:\\\\Users\\\\user\\\\Desktop\\\\EMPLEOS JESS\\\\dataconnect\": could not find dataconnect.yaml in `c:\\Users\\user\\Desktop\\EMPLEOS JESS\\dataconnect`\n"}}
[debug] [2026-08-31T18:31:33.973Z] E0831 14:31:33.973330    2480 watch.go:116] watchAllDir unable to walk dir `c:\Users\user\Desktop\EMPLEOS JESS\dataconnect`: GetFileAttributesEx c:\Users\user\Desktop\EMPLEOS JESS\dataconnect: The system cannot find the file specified.
 {"metadata":{"emulator":{"name":"dataconnect"},"message":"E0831 14:31:33.973330    2480 watch.go:116] watchAllDir unable to walk dir `c:\\Users\\user\\Desktop\\EMPLEOS JESS\\dataconnect`: GetFileAttributesEx c:\\Users\\user\\Desktop\\EMPLEOS JESS\\dataconnect: The system cannot find the file specified.\n"}}
[debug] [2026-08-31T18:31:33.974Z] E0831 14:31:33.973330    2480 watch.go:40] Failed to load config from "c:\\Users\\user\\Desktop\\EMPLEOS JESS\\dataconnect": could not find dataconnect.yaml in `c:\Users\user\Desktop\EMPLEOS JESS\dataconnect`
 {"metadata":{"emulator":{"name":"dataconnect"},"message":"E0831 14:31:33.973330    2480 watch.go:40] Failed to load config from \"c:\\\\Users\\\\user\\\\Desktop\\\\EMPLEOS JESS\\\\dataconnect\": could not find dataconnect.yaml in `c:\\Users\\user\\Desktop\\EMPLEOS JESS\\dataconnect`\n"}}
[debug] [2026-08-31T18:31:43.972Z] E0831 14:31:43.973749    2480 watch.go:40] Failed to load config from "c:\\Users\\user\\Desktop\\EMPLEOS JESS\\dataconnect": could not find dataconnect.yaml in `c:\Users\user\Desktop\EMPLEOS JESS\dataconnect`
 {"metadata":{"emulator":{"name":"dataconnect"},"message":"E0831 14:31:43.973749    2480 watch.go:40] Failed to load config from \"c:\\\\Users\\\\user\\\\Desktop\\\\EMPLEOS JESS\\\\dataconnect\": could not find dataconnect.yaml in `c:\\Users\\user\\Desktop\\EMPLEOS JESS\\dataconnect`\n"}}
[debug] [2026-08-31T18:31:53.986Z] E0831 14:31:53.973133    2480 watch.go:40] Failed to load config from "c:\\Users\\user\\Desktop\\EMPLEOS JESS\\dataconnect": could not find dataconnect.yaml in `c:\Users\user\Desktop\EMPLEOS JESS\dataconnect`
 {"metadata":{"emulator":{"name":"dataconnect"},"message":"E0831 14:31:53.973133    2480 watch.go:40] Failed to load config from \"c:\\\\Users\\\\user\\\\Desktop\\\\EMPLEOS JESS\\\\dataconnect\": could not find dataconnect.yaml in `c:\\Users\\user\\Desktop\\EMPLEOS JESS\\dataconnect`\n"}}
[debug] [2026-08-31T18:32:03.972Z] E0831 14:32:03.973743    2480 watch.go:40] Failed to load config from "c:\\Users\\user\\Desktop\\EMPLEOS JESS\\dataconnect": could not find dataconnect.yaml in `c:\Users\user\Desktop\EMPLEOS JESS\dataconnect`
 {"metadata":{"emulator":{"name":"dataconnect"},"message":"E0831 14:32:03.973743    2480 watch.go:40] Failed to load config from \"c:\\\\Users\\\\user\\\\Desktop\\\\EMPLEOS JESS\\\\dataconnect\": could not find dataconnect.yaml in `c:\\Users\\user\\Desktop\\EMPLEOS JESS\\dataconnect`\n"}}
[debug] [2026-08-31T18:32:13.976Z] E0831 14:32:13.975712    2480 watch.go:40] Failed to load config from "c:\\Users\\user\\Desktop\\EMPLEOS JESS\\dataconnect": could not find dataconnect.yaml in `c:\Users\user\Desktop\EMPLEOS JESS\dataconnect`
 {"metadata":{"emulator":{"name":"dataconnect"},"message":"E0831 14:32:13.975712    2480 watch.go:40] Failed to load config from \"c:\\\\Users\\\\user\\\\Desktop\\\\EMPLEOS JESS\\\\dataconnect\": could not find dataconnect.yaml in `c:\\Users\\user\\Desktop\\EMPLEOS JESS\\dataconnect`\n"}}
[debug] [2026-08-31T18:32:23.972Z] E0831 14:32:23.973658    2480 watch.go:40] Failed to load config from "c:\\Users\\user\\Desktop\\EMPLEOS JESS\\dataconnect": could not find dataconnect.yaml in `c:\Users\user\Desktop\EMPLEOS JESS\dataconnect`
 {"metadata":{"emulator":{"name":"dataconnect"},"message":"E0831 14:32:23.973658    2480 watch.go:40] Failed to load config from \"c:\\\\Users\\\\user\\\\Desktop\\\\EMPLEOS JESS\\\\dataconnect\": could not find dataconnect.yaml in `c:\\Users\\user\\Desktop\\EMPLEOS JESS\\dataconnect`\n"}}
[debug] [2026-08-31T18:32:33.972Z] E0831 14:32:33.973182    2480 watch.go:116] watchAllDir unable to walk dir `c:\Users\user\Desktop\EMPLEOS JESS\dataconnect`: GetFileAttributesEx c:\Users\user\Desktop\EMPLEOS JESS\dataconnect: The system cannot find the file specified.
 {"metadata":{"emulator":{"name":"dataconnect"},"message":"E0831 14:32:33.973182    2480 watch.go:116] watchAllDir unable to walk dir `c:\\Users\\user\\Desktop\\EMPLEOS JESS\\dataconnect`: GetFileAttributesEx c:\\Users\\user\\Desktop\\EMPLEOS JESS\\dataconnect: The system cannot find the file specified.\n"}}
[debug] [2026-08-31T18:32:33.974Z] E0831 14:32:33.973182    2480 watch.go:40] Failed to load config from "c:\\Users\\user\\Desktop\\EMPLEOS JESS\\dataconnect": could not find dataconnect.yaml in `c:\Users\user\Desktop\EMPLEOS JESS\dataconnect`
 {"metadata":{"emulator":{"name":"dataconnect"},"message":"E0831 14:32:33.973182    2480 watch.go:40] Failed to load config from \"c:\\\\Users\\\\user\\\\Desktop\\\\EMPLEOS JESS\\\\dataconnect\": could not find dataconnect.yaml in `c:\\Users\\user\\Desktop\\EMPLEOS JESS\\dataconnect`\n"}}
[debug] [2026-08-31T18:32:43.974Z] E0831 14:32:43.974269    2480 watch.go:40] Failed to load config from "c:\\Users\\user\\Desktop\\EMPLEOS JESS\\dataconnect": could not find dataconnect.yaml in `c:\Users\user\Desktop\EMPLEOS JESS\dataconnect`
 {"metadata":{"emulator":{"name":"dataconnect"},"message":"E0831 14:32:43.974269    2480 watch.go:40] Failed to load config from \"c:\\\\Users\\\\user\\\\Desktop\\\\EMPLEOS JESS\\\\dataconnect\": could not find dataconnect.yaml in `c:\\Users\\user\\Desktop\\EMPLEOS JESS\\dataconnect`\n"}}
[debug] [2026-08-31T18:32:53.974Z] E0831 14:32:53.973690    2480 watch.go:40] Failed to load config from "c:\\Users\\user\\Desktop\\EMPLEOS JESS\\dataconnect": could not find dataconnect.yaml in `c:\Users\user\Desktop\EMPLEOS JESS\dataconnect`
 {"metadata":{"emulator":{"name":"dataconnect"},"message":"E0831 14:32:53.973690    2480 watch.go:40] Failed to load config from \"c:\\\\Users\\\\user\\\\Desktop\\\\EMPLEOS JESS\\\\dataconnect\": could not find dataconnect.yaml in `c:\\Users\\user\\Desktop\\EMPLEOS JESS\\dataconnect`\n"}}
[debug] [2026-08-31T18:33:03.973Z] E0831 14:33:03.973140    2480 watch.go:40] Failed to load config from "c:\\Users\\user\\Desktop\\EMPLEOS JESS\\dataconnect": could not find dataconnect.yaml in `c:\Users\user\Desktop\EMPLEOS JESS\dataconnect`
 {"metadata":{"emulator":{"name":"dataconnect"},"message":"E0831 14:33:03.973140    2480 watch.go:40] Failed to load config from \"c:\\\\Users\\\\user\\\\Desktop\\\\EMPLEOS JESS\\\\dataconnect\": could not find dataconnect.yaml in `c:\\Users\\user\\Desktop\\EMPLEOS JESS\\dataconnect`\n"}}
[debug] [2026-08-31T18:33:13.973Z] E0831 14:33:13.972345    2480 watch.go:40] Failed to load config from "c:\\Users\\user\\Desktop\\EMPLEOS JESS\\dataconnect": could not find dataconnect.yaml in `c:\Users\user\Desktop\EMPLEOS JESS\dataconnect`
 {"metadata":{"emulator":{"name":"dataconnect"},"message":"E0831 14:33:13.972345    2480 watch.go:40] Failed to load config from \"c:\\\\Users\\\\user\\\\Desktop\\\\EMPLEOS JESS\\\\dataconnect\": could not find dataconnect.yaml in `c:\\Users\\user\\Desktop\\EMPLEOS JESS\\dataconnect`\n"}}
[debug] [2026-08-31T18:33:23.972Z] E0831 14:33:23.972582    2480 watch.go:40] Failed to load config from "c:\\Users\\user\\Desktop\\EMPLEOS JESS\\dataconnect": could not find dataconnect.yaml in `c:\Users\user\Desktop\EMPLEOS JESS\dataconnect`
 {"metadata":{"emulator":{"name":"dataconnect"},"message":"E0831 14:33:23.972582    2480 watch.go:40] Failed to load config from \"c:\\\\Users\\\\user\\\\Desktop\\\\EMPLEOS JESS\\\\dataconnect\": could not find dataconnect.yaml in `c:\\Users\\user\\Desktop\\EMPLEOS JESS\\dataconnect`\n"}}
[debug] [2026-08-31T18:33:33.973Z] E0831 14:33:33.972970    2480 watch.go:116] watchAllDir unable to walk dir `c:\Users\user\Desktop\EMPLEOS JESS\dataconnect`: GetFileAttributesEx c:\Users\user\Desktop\EMPLEOS JESS\dataconnect: The system cannot find the file specified.
 {"metadata":{"emulator":{"name":"dataconnect"},"message":"E0831 14:33:33.972970    2480 watch.go:116] watchAllDir unable to walk dir `c:\\Users\\user\\Desktop\\EMPLEOS JESS\\dataconnect`: GetFileAttributesEx c:\\Users\\user\\Desktop\\EMPLEOS JESS\\dataconnect: The system cannot find the file specified.\n"}}
[debug] [2026-08-31T18:33:33.974Z] E0831 14:33:33.973533    2480 watch.go:40] Failed to load config from "c:\\Users\\user\\Desktop\\EMPLEOS JESS\\dataconnect": could not find dataconnect.yaml in `c:\Users\user\Desktop\EMPLEOS JESS\dataconnect`
 {"metadata":{"emulator":{"name":"dataconnect"},"message":"E0831 14:33:33.973533    2480 watch.go:40] Failed to load config from \"c:\\\\Users\\\\user\\\\Desktop\\\\EMPLEOS JESS\\\\dataconnect\": could not find dataconnect.yaml in `c:\\Users\\user\\Desktop\\EMPLEOS JESS\\dataconnect`\n"}}
[debug] [2026-08-31T18:33:43.974Z] E0831 14:33:43.974401    2480 watch.go:40] Failed to load config from "c:\\Users\\user\\Desktop\\EMPLEOS JESS\\dataconnect": could not find dataconnect.yaml in `c:\Users\user\Desktop\EMPLEOS JESS\dataconnect`
 {"metadata":{"emulator":{"name":"dataconnect"},"message":"E0831 14:33:43.974401    2480 watch.go:40] Failed to load config from \"c:\\\\Users\\\\user\\\\Desktop\\\\EMPLEOS JESS\\\\dataconnect\": could not find dataconnect.yaml in `c:\\Users\\user\\Desktop\\EMPLEOS JESS\\dataconnect`\n"}}
[debug] [2026-08-31T18:33:53.973Z] E0831 14:33:53.973637    2480 watch.go:40] Failed to load config from "c:\\Users\\user\\Desktop\\EMPLEOS JESS\\dataconnect": could not find dataconnect.yaml in `c:\Users\user\Desktop\EMPLEOS JESS\dataconnect`
 {"metadata":{"emulator":{"name":"dataconnect"},"message":"E0831 14:33:53.973637    2480 watch.go:40] Failed to load config from \"c:\\\\Users\\\\user\\\\Desktop\\\\EMPLEOS JESS\\\\dataconnect\": could not find dataconnect.yaml in `c:\\Users\\user\\Desktop\\EMPLEOS JESS\\dataconnect`\n"}}
[debug] [2026-08-31T18:34:03.973Z] E0831 14:34:03.973522    2480 watch.go:40] Failed to load config from "c:\\Users\\user\\Desktop\\EMPLEOS JESS\\dataconnect": could not find dataconnect.yaml in `c:\Users\user\Desktop\EMPLEOS JESS\dataconnect`
 {"metadata":{"emulator":{"name":"dataconnect"},"message":"E0831 14:34:03.973522    2480 watch.go:40] Failed to load config from \"c:\\\\Users\\\\user\\\\Desktop\\\\EMPLEOS JESS\\\\dataconnect\": could not find dataconnect.yaml in `c:\\Users\\user\\Desktop\\EMPLEOS JESS\\dataconnect`\n"}}
[debug] [2026-08-31T18:34:13.972Z] E0831 14:34:13.972858    2480 watch.go:40] Failed to load config from "c:\\Users\\user\\Desktop\\EMPLEOS JESS\\dataconnect": could not find dataconnect.yaml in `c:\Users\user\Desktop\EMPLEOS JESS\dataconnect`
 {"metadata":{"emulator":{"name":"dataconnect"},"message":"E0831 14:34:13.972858    2480 watch.go:40] Failed to load config from \"c:\\\\Users\\\\user\\\\Desktop\\\\EMPLEOS JESS\\\\dataconnect\": could not find dataconnect.yaml in `c:\\Users\\user\\Desktop\\EMPLEOS JESS\\dataconnect`\n"}}
[debug] [2026-08-31T18:34:23.972Z] E0831 14:34:23.972514    2480 watch.go:40] Failed to load config from "c:\\Users\\user\\Desktop\\EMPLEOS JESS\\dataconnect": could not find dataconnect.yaml in `c:\Users\user\Desktop\EMPLEOS JESS\dataconnect`
 {"metadata":{"emulator":{"name":"dataconnect"},"message":"E0831 14:34:23.972514    2480 watch.go:40] Failed to load config from \"c:\\\\Users\\\\user\\\\Desktop\\\\EMPLEOS JESS\\\\dataconnect\": could not find dataconnect.yaml in `c:\\Users\\user\\Desktop\\EMPLEOS JESS\\dataconnect`\n"}}
[debug] [2026-08-31T18:34:34.022Z] E0831 14:34:33.989508    2480 watch.go:116] watchAllDir unable to walk dir `c:\Users\user\Desktop\EMPLEOS JESS\dataconnect`: GetFileAttributesEx c:\Users\user\Desktop\EMPLEOS JESS\dataconnect: The system cannot find the file specified.
E0831 14:34:33.989508    2480 watch.go:40] Failed to load config from "c:\\Users\\user\\Desktop\\EMPLEOS JESS\\dataconnect": could not find dataconnect.yaml in `c:\Users\user\Desktop\EMPLEOS JESS\dataconnect`
 {"metadata":{"emulator":{"name":"dataconnect"},"message":"E0831 14:34:33.989508    2480 watch.go:116] watchAllDir unable to walk dir `c:\\Users\\user\\Desktop\\EMPLEOS JESS\\dataconnect`: GetFileAttributesEx c:\\Users\\user\\Desktop\\EMPLEOS JESS\\dataconnect: The system cannot find the file specified.\nE0831 14:34:33.989508    2480 watch.go:40] Failed to load config from \"c:\\\\Users\\\\user\\\\Desktop\\\\EMPLEOS JESS\\\\dataconnect\": could not find dataconnect.yaml in `c:\\Users\\user\\Desktop\\EMPLEOS JESS\\dataconnect`\n"}}
[debug] [2026-08-31T18:34:43.972Z] E0831 14:34:43.972230    2480 watch.go:40] Failed to load config from "c:\\Users\\user\\Desktop\\EMPLEOS JESS\\dataconnect": could not find dataconnect.yaml in `c:\Users\user\Desktop\EMPLEOS JESS\dataconnect`
 {"metadata":{"emulator":{"name":"dataconnect"},"message":"E0831 14:34:43.972230    2480 watch.go:40] Failed to load config from \"c:\\\\Users\\\\user\\\\Desktop\\\\EMPLEOS JESS\\\\dataconnect\": could not find dataconnect.yaml in `c:\\Users\\user\\Desktop\\EMPLEOS JESS\\dataconnect`\n"}}
[debug] [2026-08-31T18:34:53.971Z] E0831 14:34:53.972383    2480 watch.go:40] Failed to load config from "c:\\Users\\user\\Desktop\\EMPLEOS JESS\\dataconnect": could not find dataconnect.yaml in `c:\Users\user\Desktop\EMPLEOS JESS\dataconnect`
 {"metadata":{"emulator":{"name":"dataconnect"},"message":"E0831 14:34:53.972383    2480 watch.go:40] Failed to load config from \"c:\\\\Users\\\\user\\\\Desktop\\\\EMPLEOS JESS\\\\dataconnect\": could not find dataconnect.yaml in `c:\\Users\\user\\Desktop\\EMPLEOS JESS\\dataconnect`\n"}}
[debug] [2026-08-31T18:35:03.973Z] E0831 14:35:03.973720    2480 watch.go:40] Failed to load config from "c:\\Users\\user\\Desktop\\EMPLEOS JESS\\dataconnect": could not find dataconnect.yaml in `c:\Users\user\Desktop\EMPLEOS JESS\dataconnect`
 {"metadata":{"emulator":{"name":"dataconnect"},"message":"E0831 14:35:03.973720    2480 watch.go:40] Failed to load config from \"c:\\\\Users\\\\user\\\\Desktop\\\\EMPLEOS JESS\\\\dataconnect\": could not find dataconnect.yaml in `c:\\Users\\user\\Desktop\\EMPLEOS JESS\\dataconnect`\n"}}
[debug] [2026-08-31T18:35:13.972Z] E0831 14:35:13.972097    2480 watch.go:40] Failed to load config from "c:\\Users\\user\\Desktop\\EMPLEOS JESS\\dataconnect": could not find dataconnect.yaml in `c:\Users\user\Desktop\EMPLEOS JESS\dataconnect`
 {"metadata":{"emulator":{"name":"dataconnect"},"message":"E0831 14:35:13.972097    2480 watch.go:40] Failed to load config from \"c:\\\\Users\\\\user\\\\Desktop\\\\EMPLEOS JESS\\\\dataconnect\": could not find dataconnect.yaml in `c:\\Users\\user\\Desktop\\EMPLEOS JESS\\dataconnect`\n"}}
[debug] [2026-08-31T18:35:23.971Z] E0831 14:35:23.972326    2480 watch.go:40] Failed to load config from "c:\\Users\\user\\Desktop\\EMPLEOS JESS\\dataconnect": could not find dataconnect.yaml in `c:\Users\user\Desktop\EMPLEOS JESS\dataconnect`
 {"metadata":{"emulator":{"name":"dataconnect"},"message":"E0831 14:35:23.972326    2480 watch.go:40] Failed to load config from \"c:\\\\Users\\\\user\\\\Desktop\\\\EMPLEOS JESS\\\\dataconnect\": could not find dataconnect.yaml in `c:\\Users\\user\\Desktop\\EMPLEOS JESS\\dataconnect`\n"}}
[debug] [2026-08-31T18:35:33.971Z] E0831 14:35:33.972485    2480 watch.go:116] watchAllDir unable to walk dir `c:\Users\user\Desktop\EMPLEOS JESS\dataconnect`: GetFileAttributesEx c:\Users\user\Desktop\EMPLEOS JESS\dataconnect: The system cannot find the file specified.
 {"metadata":{"emulator":{"name":"dataconnect"},"message":"E0831 14:35:33.972485    2480 watch.go:116] watchAllDir unable to walk dir `c:\\Users\\user\\Desktop\\EMPLEOS JESS\\dataconnect`: GetFileAttributesEx c:\\Users\\user\\Desktop\\EMPLEOS JESS\\dataconnect: The system cannot find the file specified.\n"}}
[debug] [2026-08-31T18:35:33.972Z] E0831 14:35:33.972485    2480 watch.go:40] Failed to load config from "c:\\Users\\user\\Desktop\\EMPLEOS JESS\\dataconnect": could not find dataconnect.yaml in `c:\Users\user\Desktop\EMPLEOS JESS\dataconnect`
 {"metadata":{"emulator":{"name":"dataconnect"},"message":"E0831 14:35:33.972485    2480 watch.go:40] Failed to load config from \"c:\\\\Users\\\\user\\\\Desktop\\\\EMPLEOS JESS\\\\dataconnect\": could not find dataconnect.yaml in `c:\\Users\\user\\Desktop\\EMPLEOS JESS\\dataconnect`\n"}}
[debug] [2026-08-31T18:35:43.973Z] E0831 14:35:43.973793    2480 watch.go:40] Failed to load config from "c:\\Users\\user\\Desktop\\EMPLEOS JESS\\dataconnect": could not find dataconnect.yaml in `c:\Users\user\Desktop\EMPLEOS JESS\dataconnect`
 {"metadata":{"emulator":{"name":"dataconnect"},"message":"E0831 14:35:43.973793    2480 watch.go:40] Failed to load config from \"c:\\\\Users\\\\user\\\\Desktop\\\\EMPLEOS JESS\\\\dataconnect\": could not find dataconnect.yaml in `c:\\Users\\user\\Desktop\\EMPLEOS JESS\\dataconnect`\n"}}
[debug] [2026-08-31T18:35:53.972Z] E0831 14:35:53.972195    2480 watch.go:40] Failed to load config from "c:\\Users\\user\\Desktop\\EMPLEOS JESS\\dataconnect": could not find dataconnect.yaml in `c:\Users\user\Desktop\EMPLEOS JESS\dataconnect`
 {"metadata":{"emulator":{"name":"dataconnect"},"message":"E0831 14:35:53.972195    2480 watch.go:40] Failed to load config from \"c:\\\\Users\\\\user\\\\Desktop\\\\EMPLEOS JESS\\\\dataconnect\": could not find dataconnect.yaml in `c:\\Users\\user\\Desktop\\EMPLEOS JESS\\dataconnect`\n"}}
[debug] [2026-08-31T18:36:03.972Z] E0831 14:36:03.972500    2480 watch.go:40] Failed to load config from "c:\\Users\\user\\Desktop\\EMPLEOS JESS\\dataconnect": could not find dataconnect.yaml in `c:\Users\user\Desktop\EMPLEOS JESS\dataconnect`
 {"metadata":{"emulator":{"name":"dataconnect"},"message":"E0831 14:36:03.972500    2480 watch.go:40] Failed to load config from \"c:\\\\Users\\\\user\\\\Desktop\\\\EMPLEOS JESS\\\\dataconnect\": could not find dataconnect.yaml in `c:\\Users\\user\\Desktop\\EMPLEOS JESS\\dataconnect`\n"}}
[debug] [2026-08-31T18:36:13.974Z] E0831 14:36:13.973241    2480 watch.go:40] Failed to load config from "c:\\Users\\user\\Desktop\\EMPLEOS JESS\\dataconnect": could not find dataconnect.yaml in `c:\Users\user\Desktop\EMPLEOS JESS\dataconnect`
 {"metadata":{"emulator":{"name":"dataconnect"},"message":"E0831 14:36:13.973241    2480 watch.go:40] Failed to load config from \"c:\\\\Users\\\\user\\\\Desktop\\\\EMPLEOS JESS\\\\dataconnect\": could not find dataconnect.yaml in `c:\\Users\\user\\Desktop\\EMPLEOS JESS\\dataconnect`\n"}}
[debug] [2026-08-31T18:36:23.973Z] E0831 14:36:23.973120    2480 watch.go:40] Failed to load config from "c:\\Users\\user\\Desktop\\EMPLEOS JESS\\dataconnect": could not find dataconnect.yaml in `c:\Users\user\Desktop\EMPLEOS JESS\dataconnect`
 {"metadata":{"emulator":{"name":"dataconnect"},"message":"E0831 14:36:23.973120    2480 watch.go:40] Failed to load config from \"c:\\\\Users\\\\user\\\\Desktop\\\\EMPLEOS JESS\\\\dataconnect\": could not find dataconnect.yaml in `c:\\Users\\user\\Desktop\\EMPLEOS JESS\\dataconnect`\n"}}
[debug] [2026-08-31T18:36:33.987Z] E0831 14:36:33.986287    2480 watch.go:116] watchAllDir unable to walk dir `c:\Users\user\Desktop\EMPLEOS JESS\dataconnect`: GetFileAttributesEx c:\Users\user\Desktop\EMPLEOS JESS\dataconnect: The system cannot find the file specified.
 {"metadata":{"emulator":{"name":"dataconnect"},"message":"E0831 14:36:33.986287    2480 watch.go:116] watchAllDir unable to walk dir `c:\\Users\\user\\Desktop\\EMPLEOS JESS\\dataconnect`: GetFileAttributesEx c:\\Users\\user\\Desktop\\EMPLEOS JESS\\dataconnect: The system cannot find the file specified.\n"}}
[debug] [2026-08-31T18:36:33.988Z] E0831 14:36:33.988282    2480 watch.go:40] Failed to load config from "c:\\Users\\user\\Desktop\\EMPLEOS JESS\\dataconnect": could not find dataconnect.yaml in `c:\Users\user\Desktop\EMPLEOS JESS\dataconnect`
 {"metadata":{"emulator":{"name":"dataconnect"},"message":"E0831 14:36:33.988282    2480 watch.go:40] Failed to load config from \"c:\\\\Users\\\\user\\\\Desktop\\\\EMPLEOS JESS\\\\dataconnect\": could not find dataconnect.yaml in `c:\\Users\\user\\Desktop\\EMPLEOS JESS\\dataconnect`\n"}}
[debug] [2026-08-31T18:36:43.972Z] E0831 14:36:43.972294    2480 watch.go:40] Failed to load config from "c:\\Users\\user\\Desktop\\EMPLEOS JESS\\dataconnect": could not find dataconnect.yaml in `c:\Users\user\Desktop\EMPLEOS JESS\dataconnect`
 {"metadata":{"emulator":{"name":"dataconnect"},"message":"E0831 14:36:43.972294    2480 watch.go:40] Failed to load config from \"c:\\\\Users\\\\user\\\\Desktop\\\\EMPLEOS JESS\\\\dataconnect\": could not find dataconnect.yaml in `c:\\Users\\user\\Desktop\\EMPLEOS JESS\\dataconnect`\n"}}
[debug] [2026-08-31T18:36:53.973Z] E0831 14:36:53.973828    2480 watch.go:40] Failed to load config from "c:\\Users\\user\\Desktop\\EMPLEOS JESS\\dataconnect": could not find dataconnect.yaml in `c:\Users\user\Desktop\EMPLEOS JESS\dataconnect`
 {"metadata":{"emulator":{"name":"dataconnect"},"message":"E0831 14:36:53.973828    2480 watch.go:40] Failed to load config from \"c:\\\\Users\\\\user\\\\Desktop\\\\EMPLEOS JESS\\\\dataconnect\": could not find dataconnect.yaml in `c:\\Users\\user\\Desktop\\EMPLEOS JESS\\dataconnect`\n"}}
[debug] [2026-08-31T18:37:03.972Z] E0831 14:37:03.972438    2480 watch.go:40] Failed to load config from "c:\\Users\\user\\Desktop\\EMPLEOS JESS\\dataconnect": could not find dataconnect.yaml in `c:\Users\user\Desktop\EMPLEOS JESS\dataconnect`
 {"metadata":{"emulator":{"name":"dataconnect"},"message":"E0831 14:37:03.972438    2480 watch.go:40] Failed to load config from \"c:\\\\Users\\\\user\\\\Desktop\\\\EMPLEOS JESS\\\\dataconnect\": could not find dataconnect.yaml in `c:\\Users\\user\\Desktop\\EMPLEOS JESS\\dataconnect`\n"}}
[debug] [2026-08-31T18:37:13.973Z] E0831 14:37:13.973575    2480 watch.go:40] Failed to load config from "c:\\Users\\user\\Desktop\\EMPLEOS JESS\\dataconnect": could not find dataconnect.yaml in `c:\Users\user\Desktop\EMPLEOS JESS\dataconnect`
 {"metadata":{"emulator":{"name":"dataconnect"},"message":"E0831 14:37:13.973575    2480 watch.go:40] Failed to load config from \"c:\\\\Users\\\\user\\\\Desktop\\\\EMPLEOS JESS\\\\dataconnect\": could not find dataconnect.yaml in `c:\\Users\\user\\Desktop\\EMPLEOS JESS\\dataconnect`\n"}}
[debug] [2026-08-31T18:37:23.972Z] E0831 14:37:23.972986    2480 watch.go:40] Failed to load config from "c:\\Users\\user\\Desktop\\EMPLEOS JESS\\dataconnect": could not find dataconnect.yaml in `c:\Users\user\Desktop\EMPLEOS JESS\dataconnect`
 {"metadata":{"emulator":{"name":"dataconnect"},"message":"E0831 14:37:23.972986    2480 watch.go:40] Failed to load config from \"c:\\\\Users\\\\user\\\\Desktop\\\\EMPLEOS JESS\\\\dataconnect\": could not find dataconnect.yaml in `c:\\Users\\user\\Desktop\\EMPLEOS JESS\\dataconnect`\n"}}
[debug] [2026-08-31T18:37:33.972Z] E0831 14:37:33.972273    2480 watch.go:116] watchAllDir unable to walk dir `c:\Users\user\Desktop\EMPLEOS JESS\dataconnect`: GetFileAttributesEx c:\Users\user\Desktop\EMPLEOS JESS\dataconnect: The system cannot find the file specified.
 {"metadata":{"emulator":{"name":"dataconnect"},"message":"E0831 14:37:33.972273    2480 watch.go:116] watchAllDir unable to walk dir `c:\\Users\\user\\Desktop\\EMPLEOS JESS\\dataconnect`: GetFileAttributesEx c:\\Users\\user\\Desktop\\EMPLEOS JESS\\dataconnect: The system cannot find the file specified.\n"}}
[debug] [2026-08-31T18:37:33.974Z] E0831 14:37:33.972273    2480 watch.go:40] Failed to load config from "c:\\Users\\user\\Desktop\\EMPLEOS JESS\\dataconnect": could not find dataconnect.yaml in `c:\Users\user\Desktop\EMPLEOS JESS\dataconnect`
 {"metadata":{"emulator":{"name":"dataconnect"},"message":"E0831 14:37:33.972273    2480 watch.go:40] Failed to load config from \"c:\\\\Users\\\\user\\\\Desktop\\\\EMPLEOS JESS\\\\dataconnect\": could not find dataconnect.yaml in `c:\\Users\\user\\Desktop\\EMPLEOS JESS\\dataconnect`\n"}}
[debug] [2026-08-31T18:37:43.973Z] E0831 14:37:43.973433    2480 watch.go:40] Failed to load config from "c:\\Users\\user\\Desktop\\EMPLEOS JESS\\dataconnect": could not find dataconnect.yaml in `c:\Users\user\Desktop\EMPLEOS JESS\dataconnect`
 {"metadata":{"emulator":{"name":"dataconnect"},"message":"E0831 14:37:43.973433    2480 watch.go:40] Failed to load config from \"c:\\\\Users\\\\user\\\\Desktop\\\\EMPLEOS JESS\\\\dataconnect\": could not find dataconnect.yaml in `c:\\Users\\user\\Desktop\\EMPLEOS JESS\\dataconnect`\n"}}
[debug] [2026-08-31T18:37:53.973Z] E0831 14:37:53.973990    2480 watch.go:40] Failed to load config from "c:\\Users\\user\\Desktop\\EMPLEOS JESS\\dataconnect": could not find dataconnect.yaml in `c:\Users\user\Desktop\EMPLEOS JESS\dataconnect`
 {"metadata":{"emulator":{"name":"dataconnect"},"message":"E0831 14:37:53.973990    2480 watch.go:40] Failed to load config from \"c:\\\\Users\\\\user\\\\Desktop\\\\EMPLEOS JESS\\\\dataconnect\": could not find dataconnect.yaml in `c:\\Users\\user\\Desktop\\EMPLEOS JESS\\dataconnect`\n"}}
[debug] [2026-08-31T18:38:03.974Z] E0831 14:38:03.974067    2480 watch.go:40] Failed to load config from "c:\\Users\\user\\Desktop\\EMPLEOS JESS\\dataconnect": could not find dataconnect.yaml in `c:\Users\user\Desktop\EMPLEOS JESS\dataconnect`
 {"metadata":{"emulator":{"name":"dataconnect"},"message":"E0831 14:38:03.974067    2480 watch.go:40] Failed to load config from \"c:\\\\Users\\\\user\\\\Desktop\\\\EMPLEOS JESS\\\\dataconnect\": could not find dataconnect.yaml in `c:\\Users\\user\\Desktop\\EMPLEOS JESS\\dataconnect`\n"}}
[debug] [2026-08-31T18:38:13.972Z] E0831 14:38:13.972710    2480 watch.go:40] Failed to load config from "c:\\Users\\user\\Desktop\\EMPLEOS JESS\\dataconnect": could not find dataconnect.yaml in `c:\Users\user\Desktop\EMPLEOS JESS\dataconnect`
 {"metadata":{"emulator":{"name":"dataconnect"},"message":"E0831 14:38:13.972710    2480 watch.go:40] Failed to load config from \"c:\\\\Users\\\\user\\\\Desktop\\\\EMPLEOS JESS\\\\dataconnect\": could not find dataconnect.yaml in `c:\\Users\\user\\Desktop\\EMPLEOS JESS\\dataconnect`\n"}}
[debug] [2026-08-31T18:38:23.973Z] E0831 14:38:23.973607    2480 watch.go:40] Failed to load config from "c:\\Users\\user\\Desktop\\EMPLEOS JESS\\dataconnect": could not find dataconnect.yaml in `c:\Users\user\Desktop\EMPLEOS JESS\dataconnect`
 {"metadata":{"emulator":{"name":"dataconnect"},"message":"E0831 14:38:23.973607    2480 watch.go:40] Failed to load config from \"c:\\\\Users\\\\user\\\\Desktop\\\\EMPLEOS JESS\\\\dataconnect\": could not find dataconnect.yaml in `c:\\Users\\user\\Desktop\\EMPLEOS JESS\\dataconnect`\n"}}
[debug] [2026-08-31T18:38:33.972Z] E0831 14:38:33.972513    2480 watch.go:116] watchAllDir unable to walk dir `c:\Users\user\Desktop\EMPLEOS JESS\dataconnect`: GetFileAttributesEx c:\Users\user\Desktop\EMPLEOS JESS\dataconnect: The system cannot find the file specified.
 {"metadata":{"emulator":{"name":"dataconnect"},"message":"E0831 14:38:33.972513    2480 watch.go:116] watchAllDir unable to walk dir `c:\\Users\\user\\Desktop\\EMPLEOS JESS\\dataconnect`: GetFileAttributesEx c:\\Users\\user\\Desktop\\EMPLEOS JESS\\dataconnect: The system cannot find the file specified.\n"}}
[debug] [2026-08-31T18:38:33.973Z] E0831 14:38:33.972513    2480 watch.go:40] Failed to load config from "c:\\Users\\user\\Desktop\\EMPLEOS JESS\\dataconnect": could not find dataconnect.yaml in `c:\Users\user\Desktop\EMPLEOS JESS\dataconnect`
 {"metadata":{"emulator":{"name":"dataconnect"},"message":"E0831 14:38:33.972513    2480 watch.go:40] Failed to load config from \"c:\\\\Users\\\\user\\\\Desktop\\\\EMPLEOS JESS\\\\dataconnect\": could not find dataconnect.yaml in `c:\\Users\\user\\Desktop\\EMPLEOS JESS\\dataconnect`\n"}}
[debug] [2026-08-31T18:38:43.973Z] E0831 14:38:43.974058    2480 watch.go:40] Failed to load config from "c:\\Users\\user\\Desktop\\EMPLEOS JESS\\dataconnect": could not find dataconnect.yaml in `c:\Users\user\Desktop\EMPLEOS JESS\dataconnect`
 {"metadata":{"emulator":{"name":"dataconnect"},"message":"E0831 14:38:43.974058    2480 watch.go:40] Failed to load config from \"c:\\\\Users\\\\user\\\\Desktop\\\\EMPLEOS JESS\\\\dataconnect\": could not find dataconnect.yaml in `c:\\Users\\user\\Desktop\\EMPLEOS JESS\\dataconnect`\n"}}
[debug] [2026-08-31T18:38:53.974Z] E0831 14:38:53.974986    2480 watch.go:40] Failed to load config from "c:\\Users\\user\\Desktop\\EMPLEOS JESS\\dataconnect": could not find dataconnect.yaml in `c:\Users\user\Desktop\EMPLEOS JESS\dataconnect`
 {"metadata":{"emulator":{"name":"dataconnect"},"message":"E0831 14:38:53.974986    2480 watch.go:40] Failed to load config from \"c:\\\\Users\\\\user\\\\Desktop\\\\EMPLEOS JESS\\\\dataconnect\": could not find dataconnect.yaml in `c:\\Users\\user\\Desktop\\EMPLEOS JESS\\dataconnect`\n"}}
[debug] [2026-08-31T18:39:03.971Z] E0831 14:39:03.972202    2480 watch.go:40] Failed to load config from "c:\\Users\\user\\Desktop\\EMPLEOS JESS\\dataconnect": could not find dataconnect.yaml in `c:\Users\user\Desktop\EMPLEOS JESS\dataconnect`
 {"metadata":{"emulator":{"name":"dataconnect"},"message":"E0831 14:39:03.972202    2480 watch.go:40] Failed to load config from \"c:\\\\Users\\\\user\\\\Desktop\\\\EMPLEOS JESS\\\\dataconnect\": could not find dataconnect.yaml in `c:\\Users\\user\\Desktop\\EMPLEOS JESS\\dataconnect`\n"}}
[debug] [2026-08-31T18:39:13.972Z] E0831 14:39:13.973086    2480 watch.go:40] Failed to load config from "c:\\Users\\user\\Desktop\\EMPLEOS JESS\\dataconnect": could not find dataconnect.yaml in `c:\Users\user\Desktop\EMPLEOS JESS\dataconnect`
 {"metadata":{"emulator":{"name":"dataconnect"},"message":"E0831 14:39:13.973086    2480 watch.go:40] Failed to load config from \"c:\\\\Users\\\\user\\\\Desktop\\\\EMPLEOS JESS\\\\dataconnect\": could not find dataconnect.yaml in `c:\\Users\\user\\Desktop\\EMPLEOS JESS\\dataconnect`\n"}}
[debug] [2026-08-31T18:39:23.973Z] E0831 14:39:23.973161    2480 watch.go:40] Failed to load config from "c:\\Users\\user\\Desktop\\EMPLEOS JESS\\dataconnect": could not find dataconnect.yaml in `c:\Users\user\Desktop\EMPLEOS JESS\dataconnect`
 {"metadata":{"emulator":{"name":"dataconnect"},"message":"E0831 14:39:23.973161    2480 watch.go:40] Failed to load config from \"c:\\\\Users\\\\user\\\\Desktop\\\\EMPLEOS JESS\\\\dataconnect\": could not find dataconnect.yaml in `c:\\Users\\user\\Desktop\\EMPLEOS JESS\\dataconnect`\n"}}
[debug] [2026-08-31T18:39:33.972Z] E0831 14:39:33.972954    2480 watch.go:116] watchAllDir unable to walk dir `c:\Users\user\Desktop\EMPLEOS JESS\dataconnect`: GetFileAttributesEx c:\Users\user\Desktop\EMPLEOS JESS\dataconnect: The system cannot find the file specified.
 {"metadata":{"emulator":{"name":"dataconnect"},"message":"E0831 14:39:33.972954    2480 watch.go:116] watchAllDir unable to walk dir `c:\\Users\\user\\Desktop\\EMPLEOS JESS\\dataconnect`: GetFileAttributesEx c:\\Users\\user\\Desktop\\EMPLEOS JESS\\dataconnect: The system cannot find the file specified.\n"}}
[debug] [2026-08-31T18:39:33.973Z] E0831 14:39:33.973459    2480 watch.go:40] Failed to load config from "c:\\Users\\user\\Desktop\\EMPLEOS JESS\\dataconnect": could not find dataconnect.yaml in `c:\Users\user\Desktop\EMPLEOS JESS\dataconnect`
 {"metadata":{"emulator":{"name":"dataconnect"},"message":"E0831 14:39:33.973459    2480 watch.go:40] Failed to load config from \"c:\\\\Users\\\\user\\\\Desktop\\\\EMPLEOS JESS\\\\dataconnect\": could not find dataconnect.yaml in `c:\\Users\\user\\Desktop\\EMPLEOS JESS\\dataconnect`\n"}}
[debug] [2026-08-31T18:39:43.973Z] E0831 14:39:43.974005    2480 watch.go:40] Failed to load config from "c:\\Users\\user\\Desktop\\EMPLEOS JESS\\dataconnect": could not find dataconnect.yaml in `c:\Users\user\Desktop\EMPLEOS JESS\dataconnect`
 {"metadata":{"emulator":{"name":"dataconnect"},"message":"E0831 14:39:43.974005    2480 watch.go:40] Failed to load config from \"c:\\\\Users\\\\user\\\\Desktop\\\\EMPLEOS JESS\\\\dataconnect\": could not find dataconnect.yaml in `c:\\Users\\user\\Desktop\\EMPLEOS JESS\\dataconnect`\n"}}
[debug] [2026-08-31T18:39:53.972Z] E0831 14:39:53.972883    2480 watch.go:40] Failed to load config from "c:\\Users\\user\\Desktop\\EMPLEOS JESS\\dataconnect": could not find dataconnect.yaml in `c:\Users\user\Desktop\EMPLEOS JESS\dataconnect`
 {"metadata":{"emulator":{"name":"dataconnect"},"message":"E0831 14:39:53.972883    2480 watch.go:40] Failed to load config from \"c:\\\\Users\\\\user\\\\Desktop\\\\EMPLEOS JESS\\\\dataconnect\": could not find dataconnect.yaml in `c:\\Users\\user\\Desktop\\EMPLEOS JESS\\dataconnect`\n"}}
[debug] [2026-08-31T18:40:03.973Z] E0831 14:40:03.973209    2480 watch.go:40] Failed to load config from "c:\\Users\\user\\Desktop\\EMPLEOS JESS\\dataconnect": could not find dataconnect.yaml in `c:\Users\user\Desktop\EMPLEOS JESS\dataconnect`
 {"metadata":{"emulator":{"name":"dataconnect"},"message":"E0831 14:40:03.973209    2480 watch.go:40] Failed to load config from \"c:\\\\Users\\\\user\\\\Desktop\\\\EMPLEOS JESS\\\\dataconnect\": could not find dataconnect.yaml in `c:\\Users\\user\\Desktop\\EMPLEOS JESS\\dataconnect`\n"}}
[debug] [2026-08-31T18:40:13.973Z] E0831 14:40:13.972541    2480 watch.go:40] Failed to load config from "c:\\Users\\user\\Desktop\\EMPLEOS JESS\\dataconnect": could not find dataconnect.yaml in `c:\Users\user\Desktop\EMPLEOS JESS\dataconnect`
 {"metadata":{"emulator":{"name":"dataconnect"},"message":"E0831 14:40:13.972541    2480 watch.go:40] Failed to load config from \"c:\\\\Users\\\\user\\\\Desktop\\\\EMPLEOS JESS\\\\dataconnect\": could not find dataconnect.yaml in `c:\\Users\\user\\Desktop\\EMPLEOS JESS\\dataconnect`\n"}}
[debug] [2026-08-31T18:40:23.973Z] E0831 14:40:23.973074    2480 watch.go:40] Failed to load config from "c:\\Users\\user\\Desktop\\EMPLEOS JESS\\dataconnect": could not find dataconnect.yaml in `c:\Users\user\Desktop\EMPLEOS JESS\dataconnect`
 {"metadata":{"emulator":{"name":"dataconnect"},"message":"E0831 14:40:23.973074    2480 watch.go:40] Failed to load config from \"c:\\\\Users\\\\user\\\\Desktop\\\\EMPLEOS JESS\\\\dataconnect\": could not find dataconnect.yaml in `c:\\Users\\user\\Desktop\\EMPLEOS JESS\\dataconnect`\n"}}
[debug] [2026-08-31T18:40:34.004Z] E0831 14:40:34.002707    2480 watch.go:116] watchAllDir unable to walk dir `c:\Users\user\Desktop\EMPLEOS JESS\dataconnect`: GetFileAttributesEx c:\Users\user\Desktop\EMPLEOS JESS\dataconnect: The system cannot find the file specified.
 {"metadata":{"emulator":{"name":"dataconnect"},"message":"E0831 14:40:34.002707    2480 watch.go:116] watchAllDir unable to walk dir `c:\\Users\\user\\Desktop\\EMPLEOS JESS\\dataconnect`: GetFileAttributesEx c:\\Users\\user\\Desktop\\EMPLEOS JESS\\dataconnect: The system cannot find the file specified.\n"}}
[debug] [2026-08-31T18:40:34.006Z] E0831 14:40:34.005324    2480 watch.go:40] Failed to load config from "c:\\Users\\user\\Desktop\\EMPLEOS JESS\\dataconnect": could not find dataconnect.yaml in `c:\Users\user\Desktop\EMPLEOS JESS\dataconnect`
 {"metadata":{"emulator":{"name":"dataconnect"},"message":"E0831 14:40:34.005324    2480 watch.go:40] Failed to load config from \"c:\\\\Users\\\\user\\\\Desktop\\\\EMPLEOS JESS\\\\dataconnect\": could not find dataconnect.yaml in `c:\\Users\\user\\Desktop\\EMPLEOS JESS\\dataconnect`\n"}}
[debug] [2026-08-31T18:40:43.973Z] E0831 14:40:43.973193    2480 watch.go:40] Failed to load config from "c:\\Users\\user\\Desktop\\EMPLEOS JESS\\dataconnect": could not find dataconnect.yaml in `c:\Users\user\Desktop\EMPLEOS JESS\dataconnect`
 {"metadata":{"emulator":{"name":"dataconnect"},"message":"E0831 14:40:43.973193    2480 watch.go:40] Failed to load config from \"c:\\\\Users\\\\user\\\\Desktop\\\\EMPLEOS JESS\\\\dataconnect\": could not find dataconnect.yaml in `c:\\Users\\user\\Desktop\\EMPLEOS JESS\\dataconnect`\n"}}
[debug] [2026-08-31T18:40:53.974Z] E0831 14:40:53.973951    2480 watch.go:40] Failed to load config from "c:\\Users\\user\\Desktop\\EMPLEOS JESS\\dataconnect": could not find dataconnect.yaml in `c:\Users\user\Desktop\EMPLEOS JESS\dataconnect`
 {"metadata":{"emulator":{"name":"dataconnect"},"message":"E0831 14:40:53.973951    2480 watch.go:40] Failed to load config from \"c:\\\\Users\\\\user\\\\Desktop\\\\EMPLEOS JESS\\\\dataconnect\": could not find dataconnect.yaml in `c:\\Users\\user\\Desktop\\EMPLEOS JESS\\dataconnect`\n"}}
[debug] [2026-08-31T18:41:03.974Z] E0831 14:41:03.974043    2480 watch.go:40] Failed to load config from "c:\\Users\\user\\Desktop\\EMPLEOS JESS\\dataconnect": could not find dataconnect.yaml in `c:\Users\user\Desktop\EMPLEOS JESS\dataconnect`
 {"metadata":{"emulator":{"name":"dataconnect"},"message":"E0831 14:41:03.974043    2480 watch.go:40] Failed to load config from \"c:\\\\Users\\\\user\\\\Desktop\\\\EMPLEOS JESS\\\\dataconnect\": could not find dataconnect.yaml in `c:\\Users\\user\\Desktop\\EMPLEOS JESS\\dataconnect`\n"}}
[debug] [2026-08-31T18:41:13.976Z] E0831 14:41:13.976361    2480 watch.go:40] Failed to load config from "c:\\Users\\user\\Desktop\\EMPLEOS JESS\\dataconnect": could not find dataconnect.yaml in `c:\Users\user\Desktop\EMPLEOS JESS\dataconnect`
 {"metadata":{"emulator":{"name":"dataconnect"},"message":"E0831 14:41:13.976361    2480 watch.go:40] Failed to load config from \"c:\\\\Users\\\\user\\\\Desktop\\\\EMPLEOS JESS\\\\dataconnect\": could not find dataconnect.yaml in `c:\\Users\\user\\Desktop\\EMPLEOS JESS\\dataconnect`\n"}}
[debug] [2026-08-31T18:41:23.972Z] E0831 14:41:23.972625    2480 watch.go:40] Failed to load config from "c:\\Users\\user\\Desktop\\EMPLEOS JESS\\dataconnect": could not find dataconnect.yaml in `c:\Users\user\Desktop\EMPLEOS JESS\dataconnect`
 {"metadata":{"emulator":{"name":"dataconnect"},"message":"E0831 14:41:23.972625    2480 watch.go:40] Failed to load config from \"c:\\\\Users\\\\user\\\\Desktop\\\\EMPLEOS JESS\\\\dataconnect\": could not find dataconnect.yaml in `c:\\Users\\user\\Desktop\\EMPLEOS JESS\\dataconnect`\n"}}
[debug] [2026-08-31T18:41:33.973Z] E0831 14:41:33.973364    2480 watch.go:116] watchAllDir unable to walk dir `c:\Users\user\Desktop\EMPLEOS JESS\dataconnect`: GetFileAttributesEx c:\Users\user\Desktop\EMPLEOS JESS\dataconnect: The system cannot find the file specified.
 {"metadata":{"emulator":{"name":"dataconnect"},"message":"E0831 14:41:33.973364    2480 watch.go:116] watchAllDir unable to walk dir `c:\\Users\\user\\Desktop\\EMPLEOS JESS\\dataconnect`: GetFileAttributesEx c:\\Users\\user\\Desktop\\EMPLEOS JESS\\dataconnect: The system cannot find the file specified.\n"}}
[debug] [2026-08-31T18:41:33.974Z] E0831 14:41:33.973364    2480 watch.go:40] Failed to load config from "c:\\Users\\user\\Desktop\\EMPLEOS JESS\\dataconnect": could not find dataconnect.yaml in `c:\Users\user\Desktop\EMPLEOS JESS\dataconnect`
 {"metadata":{"emulator":{"name":"dataconnect"},"message":"E0831 14:41:33.973364    2480 watch.go:40] Failed to load config from \"c:\\\\Users\\\\user\\\\Desktop\\\\EMPLEOS JESS\\\\dataconnect\": could not find dataconnect.yaml in `c:\\Users\\user\\Desktop\\EMPLEOS JESS\\dataconnect`\n"}}
[debug] [2026-08-31T18:41:43.973Z] E0831 14:41:43.973597    2480 watch.go:40] Failed to load config from "c:\\Users\\user\\Desktop\\EMPLEOS JESS\\dataconnect": could not find dataconnect.yaml in `c:\Users\user\Desktop\EMPLEOS JESS\dataconnect`
 {"metadata":{"emulator":{"name":"dataconnect"},"message":"E0831 14:41:43.973597    2480 watch.go:40] Failed to load config from \"c:\\\\Users\\\\user\\\\Desktop\\\\EMPLEOS JESS\\\\dataconnect\": could not find dataconnect.yaml in `c:\\Users\\user\\Desktop\\EMPLEOS JESS\\dataconnect`\n"}}
[debug] [2026-08-31T18:41:53.992Z] E0831 14:41:53.992177    2480 watch.go:40] Failed to load config from "c:\\Users\\user\\Desktop\\EMPLEOS JESS\\dataconnect": could not find dataconnect.yaml in `c:\Users\user\Desktop\EMPLEOS JESS\dataconnect`
 {"metadata":{"emulator":{"name":"dataconnect"},"message":"E0831 14:41:53.992177    2480 watch.go:40] Failed to load config from \"c:\\\\Users\\\\user\\\\Desktop\\\\EMPLEOS JESS\\\\dataconnect\": could not find dataconnect.yaml in `c:\\Users\\user\\Desktop\\EMPLEOS JESS\\dataconnect`\n"}}
[debug] [2026-08-31T18:42:03.974Z] E0831 14:42:03.973502    2480 watch.go:40] Failed to load config from "c:\\Users\\user\\Desktop\\EMPLEOS JESS\\dataconnect": could not find dataconnect.yaml in `c:\Users\user\Desktop\EMPLEOS JESS\dataconnect`
 {"metadata":{"emulator":{"name":"dataconnect"},"message":"E0831 14:42:03.973502    2480 watch.go:40] Failed to load config from \"c:\\\\Users\\\\user\\\\Desktop\\\\EMPLEOS JESS\\\\dataconnect\": could not find dataconnect.yaml in `c:\\Users\\user\\Desktop\\EMPLEOS JESS\\dataconnect`\n"}}
[debug] [2026-08-31T18:42:13.973Z] E0831 14:42:13.973333    2480 watch.go:40] Failed to load config from "c:\\Users\\user\\Desktop\\EMPLEOS JESS\\dataconnect": could not find dataconnect.yaml in `c:\Users\user\Desktop\EMPLEOS JESS\dataconnect`
 {"metadata":{"emulator":{"name":"dataconnect"},"message":"E0831 14:42:13.973333    2480 watch.go:40] Failed to load config from \"c:\\\\Users\\\\user\\\\Desktop\\\\EMPLEOS JESS\\\\dataconnect\": could not find dataconnect.yaml in `c:\\Users\\user\\Desktop\\EMPLEOS JESS\\dataconnect`\n"}}
[debug] [2026-08-31T18:42:23.973Z] E0831 14:42:23.973144    2480 watch.go:40] Failed to load config from "c:\\Users\\user\\Desktop\\EMPLEOS JESS\\dataconnect": could not find dataconnect.yaml in `c:\Users\user\Desktop\EMPLEOS JESS\dataconnect`
 {"metadata":{"emulator":{"name":"dataconnect"},"message":"E0831 14:42:23.973144    2480 watch.go:40] Failed to load config from \"c:\\\\Users\\\\user\\\\Desktop\\\\EMPLEOS JESS\\\\dataconnect\": could not find dataconnect.yaml in `c:\\Users\\user\\Desktop\\EMPLEOS JESS\\dataconnect`\n"}}
[debug] [2026-08-31T18:42:33.972Z] E0831 14:42:33.972666    2480 watch.go:116] watchAllDir unable to walk dir `c:\Users\user\Desktop\EMPLEOS JESS\dataconnect`: GetFileAttributesEx c:\Users\user\Desktop\EMPLEOS JESS\dataconnect: The system cannot find the file specified.
 {"metadata":{"emulator":{"name":"dataconnect"},"message":"E0831 14:42:33.972666    2480 watch.go:116] watchAllDir unable to walk dir `c:\\Users\\user\\Desktop\\EMPLEOS JESS\\dataconnect`: GetFileAttributesEx c:\\Users\\user\\Desktop\\EMPLEOS JESS\\dataconnect: The system cannot find the file specified.\n"}}
[debug] [2026-08-31T18:42:33.973Z] E0831 14:42:33.972666    2480 watch.go:40] Failed to load config from "c:\\Users\\user\\Desktop\\EMPLEOS JESS\\dataconnect": could not find dataconnect.yaml in `c:\Users\user\Desktop\EMPLEOS JESS\dataconnect`
 {"metadata":{"emulator":{"name":"dataconnect"},"message":"E0831 14:42:33.972666    2480 watch.go:40] Failed to load config from \"c:\\\\Users\\\\user\\\\Desktop\\\\EMPLEOS JESS\\\\dataconnect\": could not find dataconnect.yaml in `c:\\Users\\user\\Desktop\\EMPLEOS JESS\\dataconnect`\n"}}
[debug] [2026-08-31T18:42:43.974Z] E0831 14:42:43.973752    2480 watch.go:40] Failed to load config from "c:\\Users\\user\\Desktop\\EMPLEOS JESS\\dataconnect": could not find dataconnect.yaml in `c:\Users\user\Desktop\EMPLEOS JESS\dataconnect`
 {"metadata":{"emulator":{"name":"dataconnect"},"message":"E0831 14:42:43.973752    2480 watch.go:40] Failed to load config from \"c:\\\\Users\\\\user\\\\Desktop\\\\EMPLEOS JESS\\\\dataconnect\": could not find dataconnect.yaml in `c:\\Users\\user\\Desktop\\EMPLEOS JESS\\dataconnect`\n"}}
[debug] [2026-08-31T18:42:53.972Z] E0831 14:42:53.972302    2480 watch.go:40] Failed to load config from "c:\\Users\\user\\Desktop\\EMPLEOS JESS\\dataconnect": could not find dataconnect.yaml in `c:\Users\user\Desktop\EMPLEOS JESS\dataconnect`
 {"metadata":{"emulator":{"name":"dataconnect"},"message":"E0831 14:42:53.972302    2480 watch.go:40] Failed to load config from \"c:\\\\Users\\\\user\\\\Desktop\\\\EMPLEOS JESS\\\\dataconnect\": could not find dataconnect.yaml in `c:\\Users\\user\\Desktop\\EMPLEOS JESS\\dataconnect`\n"}}
[debug] [2026-08-31T18:43:03.973Z] E0831 14:43:03.972290    2480 watch.go:40] Failed to load config from "c:\\Users\\user\\Desktop\\EMPLEOS JESS\\dataconnect": could not find dataconnect.yaml in `c:\Users\user\Desktop\EMPLEOS JESS\dataconnect`
 {"metadata":{"emulator":{"name":"dataconnect"},"message":"E0831 14:43:03.972290    2480 watch.go:40] Failed to load config from \"c:\\\\Users\\\\user\\\\Desktop\\\\EMPLEOS JESS\\\\dataconnect\": could not find dataconnect.yaml in `c:\\Users\\user\\Desktop\\EMPLEOS JESS\\dataconnect`\n"}}
[debug] [2026-08-31T18:43:13.972Z] E0831 14:43:13.972396    2480 watch.go:40] Failed to load config from "c:\\Users\\user\\Desktop\\EMPLEOS JESS\\dataconnect": could not find dataconnect.yaml in `c:\Users\user\Desktop\EMPLEOS JESS\dataconnect`
 {"metadata":{"emulator":{"name":"dataconnect"},"message":"E0831 14:43:13.972396    2480 watch.go:40] Failed to load config from \"c:\\\\Users\\\\user\\\\Desktop\\\\EMPLEOS JESS\\\\dataconnect\": could not find dataconnect.yaml in `c:\\Users\\user\\Desktop\\EMPLEOS JESS\\dataconnect`\n"}}
[debug] [2026-08-31T18:43:23.973Z] E0831 14:43:23.972664    2480 watch.go:40] Failed to load config from "c:\\Users\\user\\Desktop\\EMPLEOS JESS\\dataconnect": could not find dataconnect.yaml in `c:\Users\user\Desktop\EMPLEOS JESS\dataconnect`
 {"metadata":{"emulator":{"name":"dataconnect"},"message":"E0831 14:43:23.972664    2480 watch.go:40] Failed to load config from \"c:\\\\Users\\\\user\\\\Desktop\\\\EMPLEOS JESS\\\\dataconnect\": could not find dataconnect.yaml in `c:\\Users\\user\\Desktop\\EMPLEOS JESS\\dataconnect`\n"}}
[debug] [2026-08-31T18:43:33.974Z] E0831 14:43:33.974316    2480 watch.go:116] watchAllDir unable to walk dir `c:\Users\user\Desktop\EMPLEOS JESS\dataconnect`: GetFileAttributesEx c:\Users\user\Desktop\EMPLEOS JESS\dataconnect: The system cannot find the file specified.
 {"metadata":{"emulator":{"name":"dataconnect"},"message":"E0831 14:43:33.974316    2480 watch.go:116] watchAllDir unable to walk dir `c:\\Users\\user\\Desktop\\EMPLEOS JESS\\dataconnect`: GetFileAttributesEx c:\\Users\\user\\Desktop\\EMPLEOS JESS\\dataconnect: The system cannot find the file specified.\n"}}
[debug] [2026-08-31T18:43:33.976Z] E0831 14:43:33.975466    2480 watch.go:40] Failed to load config from "c:\\Users\\user\\Desktop\\EMPLEOS JESS\\dataconnect": could not find dataconnect.yaml in `c:\Users\user\Desktop\EMPLEOS JESS\dataconnect`
 {"metadata":{"emulator":{"name":"dataconnect"},"message":"E0831 14:43:33.975466    2480 watch.go:40] Failed to load config from \"c:\\\\Users\\\\user\\\\Desktop\\\\EMPLEOS JESS\\\\dataconnect\": could not find dataconnect.yaml in `c:\\Users\\user\\Desktop\\EMPLEOS JESS\\dataconnect`\n"}}
[debug] [2026-08-31T18:43:43.974Z] E0831 14:43:43.973283    2480 watch.go:40] Failed to load config from "c:\\Users\\user\\Desktop\\EMPLEOS JESS\\dataconnect": could not find dataconnect.yaml in `c:\Users\user\Desktop\EMPLEOS JESS\dataconnect`
 {"metadata":{"emulator":{"name":"dataconnect"},"message":"E0831 14:43:43.973283    2480 watch.go:40] Failed to load config from \"c:\\\\Users\\\\user\\\\Desktop\\\\EMPLEOS JESS\\\\dataconnect\": could not find dataconnect.yaml in `c:\\Users\\user\\Desktop\\EMPLEOS JESS\\dataconnect`\n"}}
[debug] [2026-08-31T18:43:53.972Z] E0831 14:43:53.973022    2480 watch.go:40] Failed to load config from "c:\\Users\\user\\Desktop\\EMPLEOS JESS\\dataconnect": could not find dataconnect.yaml in `c:\Users\user\Desktop\EMPLEOS JESS\dataconnect`
 {"metadata":{"emulator":{"name":"dataconnect"},"message":"E0831 14:43:53.973022    2480 watch.go:40] Failed to load config from \"c:\\\\Users\\\\user\\\\Desktop\\\\EMPLEOS JESS\\\\dataconnect\": could not find dataconnect.yaml in `c:\\Users\\user\\Desktop\\EMPLEOS JESS\\dataconnect`\n"}}
[debug] [2026-08-31T18:44:03.974Z] E0831 14:44:03.974353    2480 watch.go:40] Failed to load config from "c:\\Users\\user\\Desktop\\EMPLEOS JESS\\dataconnect": could not find dataconnect.yaml in `c:\Users\user\Desktop\EMPLEOS JESS\dataconnect`
 {"metadata":{"emulator":{"name":"dataconnect"},"message":"E0831 14:44:03.974353    2480 watch.go:40] Failed to load config from \"c:\\\\Users\\\\user\\\\Desktop\\\\EMPLEOS JESS\\\\dataconnect\": could not find dataconnect.yaml in `c:\\Users\\user\\Desktop\\EMPLEOS JESS\\dataconnect`\n"}}
[debug] [2026-08-31T18:44:13.973Z] E0831 14:44:13.973463    2480 watch.go:40] Failed to load config from "c:\\Users\\user\\Desktop\\EMPLEOS JESS\\dataconnect": could not find dataconnect.yaml in `c:\Users\user\Desktop\EMPLEOS JESS\dataconnect`
 {"metadata":{"emulator":{"name":"dataconnect"},"message":"E0831 14:44:13.973463    2480 watch.go:40] Failed to load config from \"c:\\\\Users\\\\user\\\\Desktop\\\\EMPLEOS JESS\\\\dataconnect\": could not find dataconnect.yaml in `c:\\Users\\user\\Desktop\\EMPLEOS JESS\\dataconnect`\n"}}
[debug] [2026-08-31T18:44:23.974Z] E0831 14:44:23.974294    2480 watch.go:40] Failed to load config from "c:\\Users\\user\\Desktop\\EMPLEOS JESS\\dataconnect": could not find dataconnect.yaml in `c:\Users\user\Desktop\EMPLEOS JESS\dataconnect`
 {"metadata":{"emulator":{"name":"dataconnect"},"message":"E0831 14:44:23.974294    2480 watch.go:40] Failed to load config from \"c:\\\\Users\\\\user\\\\Desktop\\\\EMPLEOS JESS\\\\dataconnect\": could not find dataconnect.yaml in `c:\\Users\\user\\Desktop\\EMPLEOS JESS\\dataconnect`\n"}}
[debug] [2026-08-31T18:44:33.974Z] E0831 14:44:33.973860    2480 watch.go:116] watchAllDir unable to walk dir `c:\Users\user\Desktop\EMPLEOS JESS\dataconnect`: GetFileAttributesEx c:\Users\user\Desktop\EMPLEOS JESS\dataconnect: The system cannot find the file specified.
 {"metadata":{"emulator":{"name":"dataconnect"},"message":"E0831 14:44:33.973860    2480 watch.go:116] watchAllDir unable to walk dir `c:\\Users\\user\\Desktop\\EMPLEOS JESS\\dataconnect`: GetFileAttributesEx c:\\Users\\user\\Desktop\\EMPLEOS JESS\\dataconnect: The system cannot find the file specified.\n"}}
[debug] [2026-08-31T18:44:33.976Z] E0831 14:44:33.976647    2480 watch.go:40] Failed to load config from "c:\\Users\\user\\Desktop\\EMPLEOS JESS\\dataconnect": could not find dataconnect.yaml in `c:\Users\user\Desktop\EMPLEOS JESS\dataconnect`
 {"metadata":{"emulator":{"name":"dataconnect"},"message":"E0831 14:44:33.976647    2480 watch.go:40] Failed to load config from \"c:\\\\Users\\\\user\\\\Desktop\\\\EMPLEOS JESS\\\\dataconnect\": could not find dataconnect.yaml in `c:\\Users\\user\\Desktop\\EMPLEOS JESS\\dataconnect`\n"}}
[debug] [2026-08-31T18:44:43.973Z] E0831 14:44:43.972954    2480 watch.go:40] Failed to load config from "c:\\Users\\user\\Desktop\\EMPLEOS JESS\\dataconnect": could not find dataconnect.yaml in `c:\Users\user\Desktop\EMPLEOS JESS\dataconnect`
 {"metadata":{"emulator":{"name":"dataconnect"},"message":"E0831 14:44:43.972954    2480 watch.go:40] Failed to load config from \"c:\\\\Users\\\\user\\\\Desktop\\\\EMPLEOS JESS\\\\dataconnect\": could not find dataconnect.yaml in `c:\\Users\\user\\Desktop\\EMPLEOS JESS\\dataconnect`\n"}}
[debug] [2026-08-31T18:44:54.007Z] E0831 14:44:53.984706    2480 watch.go:40] Failed to load config from "c:\\Users\\user\\Desktop\\EMPLEOS JESS\\dataconnect": could not find dataconnect.yaml in `c:\Users\user\Desktop\EMPLEOS JESS\dataconnect`
 {"metadata":{"emulator":{"name":"dataconnect"},"message":"E0831 14:44:53.984706    2480 watch.go:40] Failed to load config from \"c:\\\\Users\\\\user\\\\Desktop\\\\EMPLEOS JESS\\\\dataconnect\": could not find dataconnect.yaml in `c:\\Users\\user\\Desktop\\EMPLEOS JESS\\dataconnect`\n"}}
[debug] [2026-08-31T18:45:03.973Z] E0831 14:45:03.972731    2480 watch.go:40] Failed to load config from "c:\\Users\\user\\Desktop\\EMPLEOS JESS\\dataconnect": could not find dataconnect.yaml in `c:\Users\user\Desktop\EMPLEOS JESS\dataconnect`
 {"metadata":{"emulator":{"name":"dataconnect"},"message":"E0831 14:45:03.972731    2480 watch.go:40] Failed to load config from \"c:\\\\Users\\\\user\\\\Desktop\\\\EMPLEOS JESS\\\\dataconnect\": could not find dataconnect.yaml in `c:\\Users\\user\\Desktop\\EMPLEOS JESS\\dataconnect`\n"}}
[debug] [2026-08-31T18:45:13.974Z] E0831 14:45:13.976214    2480 watch.go:40] Failed to load config from "c:\\Users\\user\\Desktop\\EMPLEOS JESS\\dataconnect": could not find dataconnect.yaml in `c:\Users\user\Desktop\EMPLEOS JESS\dataconnect`
 {"metadata":{"emulator":{"name":"dataconnect"},"message":"E0831 14:45:13.976214    2480 watch.go:40] Failed to load config from \"c:\\\\Users\\\\user\\\\Desktop\\\\EMPLEOS JESS\\\\dataconnect\": could not find dataconnect.yaml in `c:\\Users\\user\\Desktop\\EMPLEOS JESS\\dataconnect`\n"}}
[debug] [2026-08-31T18:45:23.972Z] E0831 14:45:23.973863    2480 watch.go:40] Failed to load config from "c:\\Users\\user\\Desktop\\EMPLEOS JESS\\dataconnect": could not find dataconnect.yaml in `c:\Users\user\Desktop\EMPLEOS JESS\dataconnect`
 {"metadata":{"emulator":{"name":"dataconnect"},"message":"E0831 14:45:23.973863    2480 watch.go:40] Failed to load config from \"c:\\\\Users\\\\user\\\\Desktop\\\\EMPLEOS JESS\\\\dataconnect\": could not find dataconnect.yaml in `c:\\Users\\user\\Desktop\\EMPLEOS JESS\\dataconnect`\n"}}
[debug] [2026-08-31T18:45:33.981Z] E0831 14:45:33.982384    2480 watch.go:116] watchAllDir unable to walk dir `c:\Users\user\Desktop\EMPLEOS JESS\dataconnect`: GetFileAttributesEx c:\Users\user\Desktop\EMPLEOS JESS\dataconnect: The system cannot find the file specified.
 {"metadata":{"emulator":{"name":"dataconnect"},"message":"E0831 14:45:33.982384    2480 watch.go:116] watchAllDir unable to walk dir `c:\\Users\\user\\Desktop\\EMPLEOS JESS\\dataconnect`: GetFileAttributesEx c:\\Users\\user\\Desktop\\EMPLEOS JESS\\dataconnect: The system cannot find the file specified.\n"}}
[debug] [2026-08-31T18:45:33.982Z] E0831 14:45:33.983253    2480 watch.go:40] Failed to load config from "c:\\Users\\user\\Desktop\\EMPLEOS JESS\\dataconnect": could not find dataconnect.yaml in `c:\Users\user\Desktop\EMPLEOS JESS\dataconnect`
 {"metadata":{"emulator":{"name":"dataconnect"},"message":"E0831 14:45:33.983253    2480 watch.go:40] Failed to load config from \"c:\\\\Users\\\\user\\\\Desktop\\\\EMPLEOS JESS\\\\dataconnect\": could not find dataconnect.yaml in `c:\\Users\\user\\Desktop\\EMPLEOS JESS\\dataconnect`\n"}}
[debug] [2026-08-31T18:45:43.974Z] E0831 14:45:43.975321    2480 watch.go:40] Failed to load config from "c:\\Users\\user\\Desktop\\EMPLEOS JESS\\dataconnect": could not find dataconnect.yaml in `c:\Users\user\Desktop\EMPLEOS JESS\dataconnect`
 {"metadata":{"emulator":{"name":"dataconnect"},"message":"E0831 14:45:43.975321    2480 watch.go:40] Failed to load config from \"c:\\\\Users\\\\user\\\\Desktop\\\\EMPLEOS JESS\\\\dataconnect\": could not find dataconnect.yaml in `c:\\Users\\user\\Desktop\\EMPLEOS JESS\\dataconnect`\n"}}
[debug] [2026-08-31T18:45:53.970Z] E0831 14:45:53.972241    2480 watch.go:40] Failed to load config from "c:\\Users\\user\\Desktop\\EMPLEOS JESS\\dataconnect": could not find dataconnect.yaml in `c:\Users\user\Desktop\EMPLEOS JESS\dataconnect`
 {"metadata":{"emulator":{"name":"dataconnect"},"message":"E0831 14:45:53.972241    2480 watch.go:40] Failed to load config from \"c:\\\\Users\\\\user\\\\Desktop\\\\EMPLEOS JESS\\\\dataconnect\": could not find dataconnect.yaml in `c:\\Users\\user\\Desktop\\EMPLEOS JESS\\dataconnect`\n"}}
[debug] [2026-08-31T18:46:03.971Z] E0831 14:46:03.972476    2480 watch.go:40] Failed to load config from "c:\\Users\\user\\Desktop\\EMPLEOS JESS\\dataconnect": could not find dataconnect.yaml in `c:\Users\user\Desktop\EMPLEOS JESS\dataconnect`
 {"metadata":{"emulator":{"name":"dataconnect"},"message":"E0831 14:46:03.972476    2480 watch.go:40] Failed to load config from \"c:\\\\Users\\\\user\\\\Desktop\\\\EMPLEOS JESS\\\\dataconnect\": could not find dataconnect.yaml in `c:\\Users\\user\\Desktop\\EMPLEOS JESS\\dataconnect`\n"}}
[debug] [2026-08-31T18:46:13.972Z] E0831 14:46:13.972571    2480 watch.go:40] Failed to load config from "c:\\Users\\user\\Desktop\\EMPLEOS JESS\\dataconnect": could not find dataconnect.yaml in `c:\Users\user\Desktop\EMPLEOS JESS\dataconnect`
 {"metadata":{"emulator":{"name":"dataconnect"},"message":"E0831 14:46:13.972571    2480 watch.go:40] Failed to load config from \"c:\\\\Users\\\\user\\\\Desktop\\\\EMPLEOS JESS\\\\dataconnect\": could not find dataconnect.yaml in `c:\\Users\\user\\Desktop\\EMPLEOS JESS\\dataconnect`\n"}}
[debug] [2026-08-31T18:46:23.972Z] E0831 14:46:23.972321    2480 watch.go:40] Failed to load config from "c:\\Users\\user\\Desktop\\EMPLEOS JESS\\dataconnect": could not find dataconnect.yaml in `c:\Users\user\Desktop\EMPLEOS JESS\dataconnect`
 {"metadata":{"emulator":{"name":"dataconnect"},"message":"E0831 14:46:23.972321    2480 watch.go:40] Failed to load config from \"c:\\\\Users\\\\user\\\\Desktop\\\\EMPLEOS JESS\\\\dataconnect\": could not find dataconnect.yaml in `c:\\Users\\user\\Desktop\\EMPLEOS JESS\\dataconnect`\n"}}
[debug] [2026-08-31T18:46:33.974Z] E0831 14:46:33.972660    2480 watch.go:116] watchAllDir unable to walk dir `c:\Users\user\Desktop\EMPLEOS JESS\dataconnect`: GetFileAttributesEx c:\Users\user\Desktop\EMPLEOS JESS\dataconnect: The system cannot find the file specified.
E0831 14:46:33.972660    2480 watch.go:40] Failed to load config from "c:\\Users\\user\\Desktop\\EMPLEOS JESS\\dataconnect": could not find dataconnect.yaml in `c:\Users\user\Desktop\EMPLEOS JESS\dataconnect`
 {"metadata":{"emulator":{"name":"dataconnect"},"message":"E0831 14:46:33.972660    2480 watch.go:116] watchAllDir unable to walk dir `c:\\Users\\user\\Desktop\\EMPLEOS JESS\\dataconnect`: GetFileAttributesEx c:\\Users\\user\\Desktop\\EMPLEOS JESS\\dataconnect: The system cannot find the file specified.\nE0831 14:46:33.972660    2480 watch.go:40] Failed to load config from \"c:\\\\Users\\\\user\\\\Desktop\\\\EMPLEOS JESS\\\\dataconnect\": could not find dataconnect.yaml in `c:\\Users\\user\\Desktop\\EMPLEOS JESS\\dataconnect`\n"}}
[debug] [2026-08-31T18:46:43.972Z] E0831 14:46:43.972415    2480 watch.go:40] Failed to load config from "c:\\Users\\user\\Desktop\\EMPLEOS JESS\\dataconnect": could not find dataconnect.yaml in `c:\Users\user\Desktop\EMPLEOS JESS\dataconnect`
 {"metadata":{"emulator":{"name":"dataconnect"},"message":"E0831 14:46:43.972415    2480 watch.go:40] Failed to load config from \"c:\\\\Users\\\\user\\\\Desktop\\\\EMPLEOS JESS\\\\dataconnect\": could not find dataconnect.yaml in `c:\\Users\\user\\Desktop\\EMPLEOS JESS\\dataconnect`\n"}}
[debug] [2026-08-31T18:46:53.973Z] E0831 14:46:53.973390    2480 watch.go:40] Failed to load config from "c:\\Users\\user\\Desktop\\EMPLEOS JESS\\dataconnect": could not find dataconnect.yaml in `c:\Users\user\Desktop\EMPLEOS JESS\dataconnect`
 {"metadata":{"emulator":{"name":"dataconnect"},"message":"E0831 14:46:53.973390    2480 watch.go:40] Failed to load config from \"c:\\\\Users\\\\user\\\\Desktop\\\\EMPLEOS JESS\\\\dataconnect\": could not find dataconnect.yaml in `c:\\Users\\user\\Desktop\\EMPLEOS JESS\\dataconnect`\n"}}
[debug] [2026-08-31T18:47:03.973Z] E0831 14:47:03.973847    2480 watch.go:40] Failed to load config from "c:\\Users\\user\\Desktop\\EMPLEOS JESS\\dataconnect": could not find dataconnect.yaml in `c:\Users\user\Desktop\EMPLEOS JESS\dataconnect`
 {"metadata":{"emulator":{"name":"dataconnect"},"message":"E0831 14:47:03.973847    2480 watch.go:40] Failed to load config from \"c:\\\\Users\\\\user\\\\Desktop\\\\EMPLEOS JESS\\\\dataconnect\": could not find dataconnect.yaml in `c:\\Users\\user\\Desktop\\EMPLEOS JESS\\dataconnect`\n"}}
[debug] [2026-08-31T18:47:13.974Z] E0831 14:47:13.974413    2480 watch.go:40] Failed to load config from "c:\\Users\\user\\Desktop\\EMPLEOS JESS\\dataconnect": could not find dataconnect.yaml in `c:\Users\user\Desktop\EMPLEOS JESS\dataconnect`
 {"metadata":{"emulator":{"name":"dataconnect"},"message":"E0831 14:47:13.974413    2480 watch.go:40] Failed to load config from \"c:\\\\Users\\\\user\\\\Desktop\\\\EMPLEOS JESS\\\\dataconnect\": could not find dataconnect.yaml in `c:\\Users\\user\\Desktop\\EMPLEOS JESS\\dataconnect`\n"}}
[debug] [2026-08-31T18:47:23.973Z] E0831 14:47:23.972550    2480 watch.go:40] Failed to load config from "c:\\Users\\user\\Desktop\\EMPLEOS JESS\\dataconnect": could not find dataconnect.yaml in `c:\Users\user\Desktop\EMPLEOS JESS\dataconnect`
 {"metadata":{"emulator":{"name":"dataconnect"},"message":"E0831 14:47:23.972550    2480 watch.go:40] Failed to load config from \"c:\\\\Users\\\\user\\\\Desktop\\\\EMPLEOS JESS\\\\dataconnect\": could not find dataconnect.yaml in `c:\\Users\\user\\Desktop\\EMPLEOS JESS\\dataconnect`\n"}}
[debug] [2026-08-31T18:47:33.973Z] E0831 14:47:33.973103    2480 watch.go:116] watchAllDir unable to walk dir `c:\Users\user\Desktop\EMPLEOS JESS\dataconnect`: GetFileAttributesEx c:\Users\user\Desktop\EMPLEOS JESS\dataconnect: The system cannot find the file specified.
 {"metadata":{"emulator":{"name":"dataconnect"},"message":"E0831 14:47:33.973103    2480 watch.go:116] watchAllDir unable to walk dir `c:\\Users\\user\\Desktop\\EMPLEOS JESS\\dataconnect`: GetFileAttributesEx c:\\Users\\user\\Desktop\\EMPLEOS JESS\\dataconnect: The system cannot find the file specified.\n"}}
[debug] [2026-08-31T18:47:33.973Z] E0831 14:47:33.973103    2480 watch.go:40] Failed to load config from "c:\\Users\\user\\Desktop\\EMPLEOS JESS\\dataconnect": could not find dataconnect.yaml in `c:\Users\user\Desktop\EMPLEOS JESS\dataconnect`
 {"metadata":{"emulator":{"name":"dataconnect"},"message":"E0831 14:47:33.973103    2480 watch.go:40] Failed to load config from \"c:\\\\Users\\\\user\\\\Desktop\\\\EMPLEOS JESS\\\\dataconnect\": could not find dataconnect.yaml in `c:\\Users\\user\\Desktop\\EMPLEOS JESS\\dataconnect`\n"}}
[debug] [2026-08-31T18:47:43.972Z] E0831 14:47:43.972636    2480 watch.go:40] Failed to load config from "c:\\Users\\user\\Desktop\\EMPLEOS JESS\\dataconnect": could not find dataconnect.yaml in `c:\Users\user\Desktop\EMPLEOS JESS\dataconnect`
 {"metadata":{"emulator":{"name":"dataconnect"},"message":"E0831 14:47:43.972636    2480 watch.go:40] Failed to load config from \"c:\\\\Users\\\\user\\\\Desktop\\\\EMPLEOS JESS\\\\dataconnect\": could not find dataconnect.yaml in `c:\\Users\\user\\Desktop\\EMPLEOS JESS\\dataconnect`\n"}}
[debug] [2026-08-31T18:47:53.973Z] E0831 14:47:53.972611    2480 watch.go:40] Failed to load config from "c:\\Users\\user\\Desktop\\EMPLEOS JESS\\dataconnect": could not find dataconnect.yaml in `c:\Users\user\Desktop\EMPLEOS JESS\dataconnect`
 {"metadata":{"emulator":{"name":"dataconnect"},"message":"E0831 14:47:53.972611    2480 watch.go:40] Failed to load config from \"c:\\\\Users\\\\user\\\\Desktop\\\\EMPLEOS JESS\\\\dataconnect\": could not find dataconnect.yaml in `c:\\Users\\user\\Desktop\\EMPLEOS JESS\\dataconnect`\n"}}
[debug] [2026-08-31T18:48:03.972Z] E0831 14:48:03.972482    2480 watch.go:40] Failed to load config from "c:\\Users\\user\\Desktop\\EMPLEOS JESS\\dataconnect": could not find dataconnect.yaml in `c:\Users\user\Desktop\EMPLEOS JESS\dataconnect`
 {"metadata":{"emulator":{"name":"dataconnect"},"message":"E0831 14:48:03.972482    2480 watch.go:40] Failed to load config from \"c:\\\\Users\\\\user\\\\Desktop\\\\EMPLEOS JESS\\\\dataconnect\": could not find dataconnect.yaml in `c:\\Users\\user\\Desktop\\EMPLEOS JESS\\dataconnect`\n"}}
[debug] [2026-08-31T18:48:13.973Z] E0831 14:48:13.973487    2480 watch.go:40] Failed to load config from "c:\\Users\\user\\Desktop\\EMPLEOS JESS\\dataconnect": could not find dataconnect.yaml in `c:\Users\user\Desktop\EMPLEOS JESS\dataconnect`
 {"metadata":{"emulator":{"name":"dataconnect"},"message":"E0831 14:48:13.973487    2480 watch.go:40] Failed to load config from \"c:\\\\Users\\\\user\\\\Desktop\\\\EMPLEOS JESS\\\\dataconnect\": could not find dataconnect.yaml in `c:\\Users\\user\\Desktop\\EMPLEOS JESS\\dataconnect`\n"}}
[debug] [2026-08-31T18:48:23.973Z] E0831 14:48:23.973448    2480 watch.go:40] Failed to load config from "c:\\Users\\user\\Desktop\\EMPLEOS JESS\\dataconnect": could not find dataconnect.yaml in `c:\Users\user\Desktop\EMPLEOS JESS\dataconnect`
 {"metadata":{"emulator":{"name":"dataconnect"},"message":"E0831 14:48:23.973448    2480 watch.go:40] Failed to load config from \"c:\\\\Users\\\\user\\\\Desktop\\\\EMPLEOS JESS\\\\dataconnect\": could not find dataconnect.yaml in `c:\\Users\\user\\Desktop\\EMPLEOS JESS\\dataconnect`\n"}}
[debug] [2026-08-31T18:48:33.973Z] E0831 14:48:33.973346    2480 watch.go:116] watchAllDir unable to walk dir `c:\Users\user\Desktop\EMPLEOS JESS\dataconnect`: GetFileAttributesEx c:\Users\user\Desktop\EMPLEOS JESS\dataconnect: The system cannot find the file specified.
 {"metadata":{"emulator":{"name":"dataconnect"},"message":"E0831 14:48:33.973346    2480 watch.go:116] watchAllDir unable to walk dir `c:\\Users\\user\\Desktop\\EMPLEOS JESS\\dataconnect`: GetFileAttributesEx c:\\Users\\user\\Desktop\\EMPLEOS JESS\\dataconnect: The system cannot find the file specified.\n"}}
[debug] [2026-08-31T18:48:33.974Z] E0831 14:48:33.973346    2480 watch.go:40] Failed to load config from "c:\\Users\\user\\Desktop\\EMPLEOS JESS\\dataconnect": could not find dataconnect.yaml in `c:\Users\user\Desktop\EMPLEOS JESS\dataconnect`
 {"metadata":{"emulator":{"name":"dataconnect"},"message":"E0831 14:48:33.973346    2480 watch.go:40] Failed to load config from \"c:\\\\Users\\\\user\\\\Desktop\\\\EMPLEOS JESS\\\\dataconnect\": could not find dataconnect.yaml in `c:\\Users\\user\\Desktop\\EMPLEOS JESS\\dataconnect`\n"}}
[debug] [2026-08-31T18:48:43.973Z] E0831 14:48:43.973665    2480 watch.go:40] Failed to load config from "c:\\Users\\user\\Desktop\\EMPLEOS JESS\\dataconnect": could not find dataconnect.yaml in `c:\Users\user\Desktop\EMPLEOS JESS\dataconnect`
 {"metadata":{"emulator":{"name":"dataconnect"},"message":"E0831 14:48:43.973665    2480 watch.go:40] Failed to load config from \"c:\\\\Users\\\\user\\\\Desktop\\\\EMPLEOS JESS\\\\dataconnect\": could not find dataconnect.yaml in `c:\\Users\\user\\Desktop\\EMPLEOS JESS\\dataconnect`\n"}}
[debug] [2026-08-31T18:48:53.972Z] E0831 14:48:53.972058    2480 watch.go:40] Failed to load config from "c:\\Users\\user\\Desktop\\EMPLEOS JESS\\dataconnect": could not find dataconnect.yaml in `c:\Users\user\Desktop\EMPLEOS JESS\dataconnect`
 {"metadata":{"emulator":{"name":"dataconnect"},"message":"E0831 14:48:53.972058    2480 watch.go:40] Failed to load config from \"c:\\\\Users\\\\user\\\\Desktop\\\\EMPLEOS JESS\\\\dataconnect\": could not find dataconnect.yaml in `c:\\Users\\user\\Desktop\\EMPLEOS JESS\\dataconnect`\n"}}
[debug] [2026-08-31T18:49:03.972Z] E0831 14:49:03.972186    2480 watch.go:40] Failed to load config from "c:\\Users\\user\\Desktop\\EMPLEOS JESS\\dataconnect": could not find dataconnect.yaml in `c:\Users\user\Desktop\EMPLEOS JESS\dataconnect`
 {"metadata":{"emulator":{"name":"dataconnect"},"message":"E0831 14:49:03.972186    2480 watch.go:40] Failed to load config from \"c:\\\\Users\\\\user\\\\Desktop\\\\EMPLEOS JESS\\\\dataconnect\": could not find dataconnect.yaml in `c:\\Users\\user\\Desktop\\EMPLEOS JESS\\dataconnect`\n"}}
[debug] [2026-08-31T18:49:13.972Z] E0831 14:49:13.972398    2480 watch.go:40] Failed to load config from "c:\\Users\\user\\Desktop\\EMPLEOS JESS\\dataconnect": could not find dataconnect.yaml in `c:\Users\user\Desktop\EMPLEOS JESS\dataconnect`
 {"metadata":{"emulator":{"name":"dataconnect"},"message":"E0831 14:49:13.972398    2480 watch.go:40] Failed to load config from \"c:\\\\Users\\\\user\\\\Desktop\\\\EMPLEOS JESS\\\\dataconnect\": could not find dataconnect.yaml in `c:\\Users\\user\\Desktop\\EMPLEOS JESS\\dataconnect`\n"}}
[debug] [2026-08-31T18:49:23.972Z] E0831 14:49:23.972739    2480 watch.go:40] Failed to load config from "c:\\Users\\user\\Desktop\\EMPLEOS JESS\\dataconnect": could not find dataconnect.yaml in `c:\Users\user\Desktop\EMPLEOS JESS\dataconnect`
 {"metadata":{"emulator":{"name":"dataconnect"},"message":"E0831 14:49:23.972739    2480 watch.go:40] Failed to load config from \"c:\\\\Users\\\\user\\\\Desktop\\\\EMPLEOS JESS\\\\dataconnect\": could not find dataconnect.yaml in `c:\\Users\\user\\Desktop\\EMPLEOS JESS\\dataconnect`\n"}}
[debug] [2026-08-31T18:49:33.972Z] E0831 14:49:33.972403    2480 watch.go:116] watchAllDir unable to walk dir `c:\Users\user\Desktop\EMPLEOS JESS\dataconnect`: GetFileAttributesEx c:\Users\user\Desktop\EMPLEOS JESS\dataconnect: The system cannot find the file specified.
 {"metadata":{"emulator":{"name":"dataconnect"},"message":"E0831 14:49:33.972403    2480 watch.go:116] watchAllDir unable to walk dir `c:\\Users\\user\\Desktop\\EMPLEOS JESS\\dataconnect`: GetFileAttributesEx c:\\Users\\user\\Desktop\\EMPLEOS JESS\\dataconnect: The system cannot find the file specified.\n"}}
[debug] [2026-08-31T18:49:33.974Z] E0831 14:49:33.973508    2480 watch.go:40] Failed to load config from "c:\\Users\\user\\Desktop\\EMPLEOS JESS\\dataconnect": could not find dataconnect.yaml in `c:\Users\user\Desktop\EMPLEOS JESS\dataconnect`
 {"metadata":{"emulator":{"name":"dataconnect"},"message":"E0831 14:49:33.973508    2480 watch.go:40] Failed to load config from \"c:\\\\Users\\\\user\\\\Desktop\\\\EMPLEOS JESS\\\\dataconnect\": could not find dataconnect.yaml in `c:\\Users\\user\\Desktop\\EMPLEOS JESS\\dataconnect`\n"}}
[debug] [2026-08-31T18:49:43.990Z] E0831 14:49:43.990423    2480 watch.go:40] Failed to load config from "c:\\Users\\user\\Desktop\\EMPLEOS JESS\\dataconnect": could not find dataconnect.yaml in `c:\Users\user\Desktop\EMPLEOS JESS\dataconnect`
 {"metadata":{"emulator":{"name":"dataconnect"},"message":"E0831 14:49:43.990423    2480 watch.go:40] Failed to load config from \"c:\\\\Users\\\\user\\\\Desktop\\\\EMPLEOS JESS\\\\dataconnect\": could not find dataconnect.yaml in `c:\\Users\\user\\Desktop\\EMPLEOS JESS\\dataconnect`\n"}}
[debug] [2026-08-31T18:49:53.972Z] E0831 14:49:53.972892    2480 watch.go:40] Failed to load config from "c:\\Users\\user\\Desktop\\EMPLEOS JESS\\dataconnect": could not find dataconnect.yaml in `c:\Users\user\Desktop\EMPLEOS JESS\dataconnect`
 {"metadata":{"emulator":{"name":"dataconnect"},"message":"E0831 14:49:53.972892    2480 watch.go:40] Failed to load config from \"c:\\\\Users\\\\user\\\\Desktop\\\\EMPLEOS JESS\\\\dataconnect\": could not find dataconnect.yaml in `c:\\Users\\user\\Desktop\\EMPLEOS JESS\\dataconnect`\n"}}
[debug] [2026-08-31T18:50:03.972Z] E0831 14:50:03.972986    2480 watch.go:40] Failed to load config from "c:\\Users\\user\\Desktop\\EMPLEOS JESS\\dataconnect": could not find dataconnect.yaml in `c:\Users\user\Desktop\EMPLEOS JESS\dataconnect`
 {"metadata":{"emulator":{"name":"dataconnect"},"message":"E0831 14:50:03.972986    2480 watch.go:40] Failed to load config from \"c:\\\\Users\\\\user\\\\Desktop\\\\EMPLEOS JESS\\\\dataconnect\": could not find dataconnect.yaml in `c:\\Users\\user\\Desktop\\EMPLEOS JESS\\dataconnect`\n"}}
[debug] [2026-08-31T18:50:13.973Z] E0831 14:50:13.973749    2480 watch.go:40] Failed to load config from "c:\\Users\\user\\Desktop\\EMPLEOS JESS\\dataconnect": could not find dataconnect.yaml in `c:\Users\user\Desktop\EMPLEOS JESS\dataconnect`
 {"metadata":{"emulator":{"name":"dataconnect"},"message":"E0831 14:50:13.973749    2480 watch.go:40] Failed to load config from \"c:\\\\Users\\\\user\\\\Desktop\\\\EMPLEOS JESS\\\\dataconnect\": could not find dataconnect.yaml in `c:\\Users\\user\\Desktop\\EMPLEOS JESS\\dataconnect`\n"}}
[debug] [2026-08-31T18:50:23.972Z] E0831 14:50:23.972898    2480 watch.go:40] Failed to load config from "c:\\Users\\user\\Desktop\\EMPLEOS JESS\\dataconnect": could not find dataconnect.yaml in `c:\Users\user\Desktop\EMPLEOS JESS\dataconnect`
 {"metadata":{"emulator":{"name":"dataconnect"},"message":"E0831 14:50:23.972898    2480 watch.go:40] Failed to load config from \"c:\\\\Users\\\\user\\\\Desktop\\\\EMPLEOS JESS\\\\dataconnect\": could not find dataconnect.yaml in `c:\\Users\\user\\Desktop\\EMPLEOS JESS\\dataconnect`\n"}}
[debug] [2026-08-31T18:50:33.971Z] E0831 14:50:33.972346    2480 watch.go:116] watchAllDir unable to walk dir `c:\Users\user\Desktop\EMPLEOS JESS\dataconnect`: GetFileAttributesEx c:\Users\user\Desktop\EMPLEOS JESS\dataconnect: The system cannot find the file specified.
 {"metadata":{"emulator":{"name":"dataconnect"},"message":"E0831 14:50:33.972346    2480 watch.go:116] watchAllDir unable to walk dir `c:\\Users\\user\\Desktop\\EMPLEOS JESS\\dataconnect`: GetFileAttributesEx c:\\Users\\user\\Desktop\\EMPLEOS JESS\\dataconnect: The system cannot find the file specified.\n"}}
[debug] [2026-08-31T18:50:33.974Z] E0831 14:50:33.975852    2480 watch.go:40] Failed to load config from "c:\\Users\\user\\Desktop\\EMPLEOS JESS\\dataconnect": could not find dataconnect.yaml in `c:\Users\user\Desktop\EMPLEOS JESS\dataconnect`
 {"metadata":{"emulator":{"name":"dataconnect"},"message":"E0831 14:50:33.975852    2480 watch.go:40] Failed to load config from \"c:\\\\Users\\\\user\\\\Desktop\\\\EMPLEOS JESS\\\\dataconnect\": could not find dataconnect.yaml in `c:\\Users\\user\\Desktop\\EMPLEOS JESS\\dataconnect`\n"}}
[debug] [2026-08-31T18:50:43.973Z] E0831 14:50:43.974457    2480 watch.go:40] Failed to load config from "c:\\Users\\user\\Desktop\\EMPLEOS JESS\\dataconnect": could not find dataconnect.yaml in `c:\Users\user\Desktop\EMPLEOS JESS\dataconnect`
 {"metadata":{"emulator":{"name":"dataconnect"},"message":"E0831 14:50:43.974457    2480 watch.go:40] Failed to load config from \"c:\\\\Users\\\\user\\\\Desktop\\\\EMPLEOS JESS\\\\dataconnect\": could not find dataconnect.yaml in `c:\\Users\\user\\Desktop\\EMPLEOS JESS\\dataconnect`\n"}}
[debug] [2026-08-31T18:50:53.971Z] E0831 14:50:53.972372    2480 watch.go:40] Failed to load config from "c:\\Users\\user\\Desktop\\EMPLEOS JESS\\dataconnect": could not find dataconnect.yaml in `c:\Users\user\Desktop\EMPLEOS JESS\dataconnect`
 {"metadata":{"emulator":{"name":"dataconnect"},"message":"E0831 14:50:53.972372    2480 watch.go:40] Failed to load config from \"c:\\\\Users\\\\user\\\\Desktop\\\\EMPLEOS JESS\\\\dataconnect\": could not find dataconnect.yaml in `c:\\Users\\user\\Desktop\\EMPLEOS JESS\\dataconnect`\n"}}
[debug] [2026-08-31T18:51:03.972Z] E0831 14:51:03.973222    2480 watch.go:40] Failed to load config from "c:\\Users\\user\\Desktop\\EMPLEOS JESS\\dataconnect": could not find dataconnect.yaml in `c:\Users\user\Desktop\EMPLEOS JESS\dataconnect`
 {"metadata":{"emulator":{"name":"dataconnect"},"message":"E0831 14:51:03.973222    2480 watch.go:40] Failed to load config from \"c:\\\\Users\\\\user\\\\Desktop\\\\EMPLEOS JESS\\\\dataconnect\": could not find dataconnect.yaml in `c:\\Users\\user\\Desktop\\EMPLEOS JESS\\dataconnect`\n"}}
[debug] [2026-08-31T18:51:13.972Z] E0831 14:51:13.972881    2480 watch.go:40] Failed to load config from "c:\\Users\\user\\Desktop\\EMPLEOS JESS\\dataconnect": could not find dataconnect.yaml in `c:\Users\user\Desktop\EMPLEOS JESS\dataconnect`
 {"metadata":{"emulator":{"name":"dataconnect"},"message":"E0831 14:51:13.972881    2480 watch.go:40] Failed to load config from \"c:\\\\Users\\\\user\\\\Desktop\\\\EMPLEOS JESS\\\\dataconnect\": could not find dataconnect.yaml in `c:\\Users\\user\\Desktop\\EMPLEOS JESS\\dataconnect`\n"}}
[debug] [2026-08-31T18:51:23.973Z] E0831 14:51:23.973775    2480 watch.go:40] Failed to load config from "c:\\Users\\user\\Desktop\\EMPLEOS JESS\\dataconnect": could not find dataconnect.yaml in `c:\Users\user\Desktop\EMPLEOS JESS\dataconnect`
 {"metadata":{"emulator":{"name":"dataconnect"},"message":"E0831 14:51:23.973775    2480 watch.go:40] Failed to load config from \"c:\\\\Users\\\\user\\\\Desktop\\\\EMPLEOS JESS\\\\dataconnect\": could not find dataconnect.yaml in `c:\\Users\\user\\Desktop\\EMPLEOS JESS\\dataconnect`\n"}}
[debug] [2026-08-31T18:51:33.971Z] E0831 14:51:33.972337    2480 watch.go:116] watchAllDir unable to walk dir `c:\Users\user\Desktop\EMPLEOS JESS\dataconnect`: GetFileAttributesEx c:\Users\user\Desktop\EMPLEOS JESS\dataconnect: The system cannot find the file specified.
 {"metadata":{"emulator":{"name":"dataconnect"},"message":"E0831 14:51:33.972337    2480 watch.go:116] watchAllDir unable to walk dir `c:\\Users\\user\\Desktop\\EMPLEOS JESS\\dataconnect`: GetFileAttributesEx c:\\Users\\user\\Desktop\\EMPLEOS JESS\\dataconnect: The system cannot find the file specified.\n"}}
[debug] [2026-08-31T18:51:33.973Z] E0831 14:51:33.973799    2480 watch.go:40] Failed to load config from "c:\\Users\\user\\Desktop\\EMPLEOS JESS\\dataconnect": could not find dataconnect.yaml in `c:\Users\user\Desktop\EMPLEOS JESS\dataconnect`
 {"metadata":{"emulator":{"name":"dataconnect"},"message":"E0831 14:51:33.973799    2480 watch.go:40] Failed to load config from \"c:\\\\Users\\\\user\\\\Desktop\\\\EMPLEOS JESS\\\\dataconnect\": could not find dataconnect.yaml in `c:\\Users\\user\\Desktop\\EMPLEOS JESS\\dataconnect`\n"}}
[debug] [2026-08-31T18:51:43.972Z] E0831 14:51:43.972293    2480 watch.go:40] Failed to load config from "c:\\Users\\user\\Desktop\\EMPLEOS JESS\\dataconnect": could not find dataconnect.yaml in `c:\Users\user\Desktop\EMPLEOS JESS\dataconnect`
 {"metadata":{"emulator":{"name":"dataconnect"},"message":"E0831 14:51:43.972293    2480 watch.go:40] Failed to load config from \"c:\\\\Users\\\\user\\\\Desktop\\\\EMPLEOS JESS\\\\dataconnect\": could not find dataconnect.yaml in `c:\\Users\\user\\Desktop\\EMPLEOS JESS\\dataconnect`\n"}}
[debug] [2026-08-31T18:51:53.972Z] E0831 14:51:53.973035    2480 watch.go:40] Failed to load config from "c:\\Users\\user\\Desktop\\EMPLEOS JESS\\dataconnect": could not find dataconnect.yaml in `c:\Users\user\Desktop\EMPLEOS JESS\dataconnect`
 {"metadata":{"emulator":{"name":"dataconnect"},"message":"E0831 14:51:53.973035    2480 watch.go:40] Failed to load config from \"c:\\\\Users\\\\user\\\\Desktop\\\\EMPLEOS JESS\\\\dataconnect\": could not find dataconnect.yaml in `c:\\Users\\user\\Desktop\\EMPLEOS JESS\\dataconnect`\n"}}
[debug] [2026-08-31T18:52:03.973Z] E0831 14:52:03.973337    2480 watch.go:40] Failed to load config from "c:\\Users\\user\\Desktop\\EMPLEOS JESS\\dataconnect": could not find dataconnect.yaml in `c:\Users\user\Desktop\EMPLEOS JESS\dataconnect`
 {"metadata":{"emulator":{"name":"dataconnect"},"message":"E0831 14:52:03.973337    2480 watch.go:40] Failed to load config from \"c:\\\\Users\\\\user\\\\Desktop\\\\EMPLEOS JESS\\\\dataconnect\": could not find dataconnect.yaml in `c:\\Users\\user\\Desktop\\EMPLEOS JESS\\dataconnect`\n"}}
[debug] [2026-08-31T18:52:13.972Z] E0831 14:52:13.972739    2480 watch.go:40] Failed to load config from "c:\\Users\\user\\Desktop\\EMPLEOS JESS\\dataconnect": could not find dataconnect.yaml in `c:\Users\user\Desktop\EMPLEOS JESS\dataconnect`
 {"metadata":{"emulator":{"name":"dataconnect"},"message":"E0831 14:52:13.972739    2480 watch.go:40] Failed to load config from \"c:\\\\Users\\\\user\\\\Desktop\\\\EMPLEOS JESS\\\\dataconnect\": could not find dataconnect.yaml in `c:\\Users\\user\\Desktop\\EMPLEOS JESS\\dataconnect`\n"}}
[debug] [2026-08-31T18:52:23.973Z] E0831 14:52:23.973814    2480 watch.go:40] Failed to load config from "c:\\Users\\user\\Desktop\\EMPLEOS JESS\\dataconnect": could not find dataconnect.yaml in `c:\Users\user\Desktop\EMPLEOS JESS\dataconnect`
 {"metadata":{"emulator":{"name":"dataconnect"},"message":"E0831 14:52:23.973814    2480 watch.go:40] Failed to load config from \"c:\\\\Users\\\\user\\\\Desktop\\\\EMPLEOS JESS\\\\dataconnect\": could not find dataconnect.yaml in `c:\\Users\\user\\Desktop\\EMPLEOS JESS\\dataconnect`\n"}}
[debug] [2026-08-31T18:52:33.972Z] E0831 14:52:33.972835    2480 watch.go:116] watchAllDir unable to walk dir `c:\Users\user\Desktop\EMPLEOS JESS\dataconnect`: GetFileAttributesEx c:\Users\user\Desktop\EMPLEOS JESS\dataconnect: The system cannot find the file specified.
 {"metadata":{"emulator":{"name":"dataconnect"},"message":"E0831 14:52:33.972835    2480 watch.go:116] watchAllDir unable to walk dir `c:\\Users\\user\\Desktop\\EMPLEOS JESS\\dataconnect`: GetFileAttributesEx c:\\Users\\user\\Desktop\\EMPLEOS JESS\\dataconnect: The system cannot find the file specified.\n"}}
[debug] [2026-08-31T18:52:33.973Z] E0831 14:52:33.972835    2480 watch.go:40] Failed to load config from "c:\\Users\\user\\Desktop\\EMPLEOS JESS\\dataconnect": could not find dataconnect.yaml in `c:\Users\user\Desktop\EMPLEOS JESS\dataconnect`
 {"metadata":{"emulator":{"name":"dataconnect"},"message":"E0831 14:52:33.972835    2480 watch.go:40] Failed to load config from \"c:\\\\Users\\\\user\\\\Desktop\\\\EMPLEOS JESS\\\\dataconnect\": could not find dataconnect.yaml in `c:\\Users\\user\\Desktop\\EMPLEOS JESS\\dataconnect`\n"}}
[debug] [2026-08-31T18:52:43.972Z] E0831 14:52:43.972398    2480 watch.go:40] Failed to load config from "c:\\Users\\user\\Desktop\\EMPLEOS JESS\\dataconnect": could not find dataconnect.yaml in `c:\Users\user\Desktop\EMPLEOS JESS\dataconnect`
 {"metadata":{"emulator":{"name":"dataconnect"},"message":"E0831 14:52:43.972398    2480 watch.go:40] Failed to load config from \"c:\\\\Users\\\\user\\\\Desktop\\\\EMPLEOS JESS\\\\dataconnect\": could not find dataconnect.yaml in `c:\\Users\\user\\Desktop\\EMPLEOS JESS\\dataconnect`\n"}}
[debug] [2026-08-31T18:52:53.980Z] E0831 14:52:53.980456    2480 watch.go:40] Failed to load config from "c:\\Users\\user\\Desktop\\EMPLEOS JESS\\dataconnect": could not find dataconnect.yaml in `c:\Users\user\Desktop\EMPLEOS JESS\dataconnect`
 {"metadata":{"emulator":{"name":"dataconnect"},"message":"E0831 14:52:53.980456    2480 watch.go:40] Failed to load config from \"c:\\\\Users\\\\user\\\\Desktop\\\\EMPLEOS JESS\\\\dataconnect\": could not find dataconnect.yaml in `c:\\Users\\user\\Desktop\\EMPLEOS JESS\\dataconnect`\n"}}
[debug] [2026-08-31T18:53:03.972Z] E0831 14:53:03.972432    2480 watch.go:40] Failed to load config from "c:\\Users\\user\\Desktop\\EMPLEOS JESS\\dataconnect": could not find dataconnect.yaml in `c:\Users\user\Desktop\EMPLEOS JESS\dataconnect`
 {"metadata":{"emulator":{"name":"dataconnect"},"message":"E0831 14:53:03.972432    2480 watch.go:40] Failed to load config from \"c:\\\\Users\\\\user\\\\Desktop\\\\EMPLEOS JESS\\\\dataconnect\": could not find dataconnect.yaml in `c:\\Users\\user\\Desktop\\EMPLEOS JESS\\dataconnect`\n"}}
[debug] [2026-08-31T18:53:13.984Z] E0831 14:53:13.984373    2480 watch.go:40] Failed to load config from "c:\\Users\\user\\Desktop\\EMPLEOS JESS\\dataconnect": could not find dataconnect.yaml in `c:\Users\user\Desktop\EMPLEOS JESS\dataconnect`
 {"metadata":{"emulator":{"name":"dataconnect"},"message":"E0831 14:53:13.984373    2480 watch.go:40] Failed to load config from \"c:\\\\Users\\\\user\\\\Desktop\\\\EMPLEOS JESS\\\\dataconnect\": could not find dataconnect.yaml in `c:\\Users\\user\\Desktop\\EMPLEOS JESS\\dataconnect`\n"}}
[debug] [2026-08-31T18:53:23.975Z] E0831 14:53:23.975367    2480 watch.go:40] Failed to load config from "c:\\Users\\user\\Desktop\\EMPLEOS JESS\\dataconnect": could not find dataconnect.yaml in `c:\Users\user\Desktop\EMPLEOS JESS\dataconnect`
 {"metadata":{"emulator":{"name":"dataconnect"},"message":"E0831 14:53:23.975367    2480 watch.go:40] Failed to load config from \"c:\\\\Users\\\\user\\\\Desktop\\\\EMPLEOS JESS\\\\dataconnect\": could not find dataconnect.yaml in `c:\\Users\\user\\Desktop\\EMPLEOS JESS\\dataconnect`\n"}}
[debug] [2026-08-31T18:53:33.971Z] E0831 14:53:33.972567    2480 watch.go:116] watchAllDir unable to walk dir `c:\Users\user\Desktop\EMPLEOS JESS\dataconnect`: GetFileAttributesEx c:\Users\user\Desktop\EMPLEOS JESS\dataconnect: The system cannot find the file specified.
 {"metadata":{"emulator":{"name":"dataconnect"},"message":"E0831 14:53:33.972567    2480 watch.go:116] watchAllDir unable to walk dir `c:\\Users\\user\\Desktop\\EMPLEOS JESS\\dataconnect`: GetFileAttributesEx c:\\Users\\user\\Desktop\\EMPLEOS JESS\\dataconnect: The system cannot find the file specified.\n"}}
[debug] [2026-08-31T18:53:33.972Z] E0831 14:53:33.973071    2480 watch.go:40] Failed to load config from "c:\\Users\\user\\Desktop\\EMPLEOS JESS\\dataconnect": could not find dataconnect.yaml in `c:\Users\user\Desktop\EMPLEOS JESS\dataconnect`
 {"metadata":{"emulator":{"name":"dataconnect"},"message":"E0831 14:53:33.973071    2480 watch.go:40] Failed to load config from \"c:\\\\Users\\\\user\\\\Desktop\\\\EMPLEOS JESS\\\\dataconnect\": could not find dataconnect.yaml in `c:\\Users\\user\\Desktop\\EMPLEOS JESS\\dataconnect`\n"}}
[debug] [2026-08-31T18:53:43.974Z] E0831 14:53:43.974808    2480 watch.go:40] Failed to load config from "c:\\Users\\user\\Desktop\\EMPLEOS JESS\\dataconnect": could not find dataconnect.yaml in `c:\Users\user\Desktop\EMPLEOS JESS\dataconnect`
 {"metadata":{"emulator":{"name":"dataconnect"},"message":"E0831 14:53:43.974808    2480 watch.go:40] Failed to load config from \"c:\\\\Users\\\\user\\\\Desktop\\\\EMPLEOS JESS\\\\dataconnect\": could not find dataconnect.yaml in `c:\\Users\\user\\Desktop\\EMPLEOS JESS\\dataconnect`\n"}}
[debug] [2026-08-31T18:53:53.972Z] E0831 14:53:53.973086    2480 watch.go:40] Failed to load config from "c:\\Users\\user\\Desktop\\EMPLEOS JESS\\dataconnect": could not find dataconnect.yaml in `c:\Users\user\Desktop\EMPLEOS JESS\dataconnect`
 {"metadata":{"emulator":{"name":"dataconnect"},"message":"E0831 14:53:53.973086    2480 watch.go:40] Failed to load config from \"c:\\\\Users\\\\user\\\\Desktop\\\\EMPLEOS JESS\\\\dataconnect\": could not find dataconnect.yaml in `c:\\Users\\user\\Desktop\\EMPLEOS JESS\\dataconnect`\n"}}
[debug] [2026-08-31T18:54:03.971Z] E0831 14:54:03.972241    2480 watch.go:40] Failed to load config from "c:\\Users\\user\\Desktop\\EMPLEOS JESS\\dataconnect": could not find dataconnect.yaml in `c:\Users\user\Desktop\EMPLEOS JESS\dataconnect`
 {"metadata":{"emulator":{"name":"dataconnect"},"message":"E0831 14:54:03.972241    2480 watch.go:40] Failed to load config from \"c:\\\\Users\\\\user\\\\Desktop\\\\EMPLEOS JESS\\\\dataconnect\": could not find dataconnect.yaml in `c:\\Users\\user\\Desktop\\EMPLEOS JESS\\dataconnect`\n"}}
[debug] [2026-08-31T18:54:13.971Z] E0831 14:54:13.972531    2480 watch.go:40] Failed to load config from "c:\\Users\\user\\Desktop\\EMPLEOS JESS\\dataconnect": could not find dataconnect.yaml in `c:\Users\user\Desktop\EMPLEOS JESS\dataconnect`
 {"metadata":{"emulator":{"name":"dataconnect"},"message":"E0831 14:54:13.972531    2480 watch.go:40] Failed to load config from \"c:\\\\Users\\\\user\\\\Desktop\\\\EMPLEOS JESS\\\\dataconnect\": could not find dataconnect.yaml in `c:\\Users\\user\\Desktop\\EMPLEOS JESS\\dataconnect`\n"}}
[debug] [2026-08-31T18:54:23.972Z] E0831 14:54:23.973351    2480 watch.go:40] Failed to load config from "c:\\Users\\user\\Desktop\\EMPLEOS JESS\\dataconnect": could not find dataconnect.yaml in `c:\Users\user\Desktop\EMPLEOS JESS\dataconnect`
 {"metadata":{"emulator":{"name":"dataconnect"},"message":"E0831 14:54:23.973351    2480 watch.go:40] Failed to load config from \"c:\\\\Users\\\\user\\\\Desktop\\\\EMPLEOS JESS\\\\dataconnect\": could not find dataconnect.yaml in `c:\\Users\\user\\Desktop\\EMPLEOS JESS\\dataconnect`\n"}}
[debug] [2026-08-31T18:54:33.972Z] E0831 14:54:33.972204    2480 watch.go:116] watchAllDir unable to walk dir `c:\Users\user\Desktop\EMPLEOS JESS\dataconnect`: GetFileAttributesEx c:\Users\user\Desktop\EMPLEOS JESS\dataconnect: The system cannot find the file specified.
 {"metadata":{"emulator":{"name":"dataconnect"},"message":"E0831 14:54:33.972204    2480 watch.go:116] watchAllDir unable to walk dir `c:\\Users\\user\\Desktop\\EMPLEOS JESS\\dataconnect`: GetFileAttributesEx c:\\Users\\user\\Desktop\\EMPLEOS JESS\\dataconnect: The system cannot find the file specified.\n"}}
[debug] [2026-08-31T18:54:33.973Z] E0831 14:54:33.972398    2480 watch.go:40] Failed to load config from "c:\\Users\\user\\Desktop\\EMPLEOS JESS\\dataconnect": could not find dataconnect.yaml in `c:\Users\user\Desktop\EMPLEOS JESS\dataconnect`
 {"metadata":{"emulator":{"name":"dataconnect"},"message":"E0831 14:54:33.972398    2480 watch.go:40] Failed to load config from \"c:\\\\Users\\\\user\\\\Desktop\\\\EMPLEOS JESS\\\\dataconnect\": could not find dataconnect.yaml in `c:\\Users\\user\\Desktop\\EMPLEOS JESS\\dataconnect`\n"}}
[debug] [2026-08-31T18:54:43.976Z] E0831 14:54:43.975618    2480 watch.go:40] Failed to load config from "c:\\Users\\user\\Desktop\\EMPLEOS JESS\\dataconnect": could not find dataconnect.yaml in `c:\Users\user\Desktop\EMPLEOS JESS\dataconnect`
 {"metadata":{"emulator":{"name":"dataconnect"},"message":"E0831 14:54:43.975618    2480 watch.go:40] Failed to load config from \"c:\\\\Users\\\\user\\\\Desktop\\\\EMPLEOS JESS\\\\dataconnect\": could not find dataconnect.yaml in `c:\\Users\\user\\Desktop\\EMPLEOS JESS\\dataconnect`\n"}}
[debug] [2026-08-31T18:54:53.986Z] E0831 14:54:53.974777    2480 watch.go:40] Failed to load config from "c:\\Users\\user\\Desktop\\EMPLEOS JESS\\dataconnect": could not find dataconnect.yaml in `c:\Users\user\Desktop\EMPLEOS JESS\dataconnect`
 {"metadata":{"emulator":{"name":"dataconnect"},"message":"E0831 14:54:53.974777    2480 watch.go:40] Failed to load config from \"c:\\\\Users\\\\user\\\\Desktop\\\\EMPLEOS JESS\\\\dataconnect\": could not find dataconnect.yaml in `c:\\Users\\user\\Desktop\\EMPLEOS JESS\\dataconnect`\n"}}
[debug] [2026-08-31T18:55:03.973Z] E0831 14:55:03.972739    2480 watch.go:40] Failed to load config from "c:\\Users\\user\\Desktop\\EMPLEOS JESS\\dataconnect": could not find dataconnect.yaml in `c:\Users\user\Desktop\EMPLEOS JESS\dataconnect`
 {"metadata":{"emulator":{"name":"dataconnect"},"message":"E0831 14:55:03.972739    2480 watch.go:40] Failed to load config from \"c:\\\\Users\\\\user\\\\Desktop\\\\EMPLEOS JESS\\\\dataconnect\": could not find dataconnect.yaml in `c:\\Users\\user\\Desktop\\EMPLEOS JESS\\dataconnect`\n"}}
[debug] [2026-08-31T18:55:13.973Z] E0831 14:55:13.973127    2480 watch.go:40] Failed to load config from "c:\\Users\\user\\Desktop\\EMPLEOS JESS\\dataconnect": could not find dataconnect.yaml in `c:\Users\user\Desktop\EMPLEOS JESS\dataconnect`
 {"metadata":{"emulator":{"name":"dataconnect"},"message":"E0831 14:55:13.973127    2480 watch.go:40] Failed to load config from \"c:\\\\Users\\\\user\\\\Desktop\\\\EMPLEOS JESS\\\\dataconnect\": could not find dataconnect.yaml in `c:\\Users\\user\\Desktop\\EMPLEOS JESS\\dataconnect`\n"}}
[debug] [2026-08-31T18:55:23.983Z] E0831 14:55:23.983327    2480 watch.go:40] Failed to load config from "c:\\Users\\user\\Desktop\\EMPLEOS JESS\\dataconnect": could not find dataconnect.yaml in `c:\Users\user\Desktop\EMPLEOS JESS\dataconnect`
 {"metadata":{"emulator":{"name":"dataconnect"},"message":"E0831 14:55:23.983327    2480 watch.go:40] Failed to load config from \"c:\\\\Users\\\\user\\\\Desktop\\\\EMPLEOS JESS\\\\dataconnect\": could not find dataconnect.yaml in `c:\\Users\\user\\Desktop\\EMPLEOS JESS\\dataconnect`\n"}}
[debug] [2026-08-31T18:55:33.972Z] E0831 14:55:33.972732    2480 watch.go:116] watchAllDir unable to walk dir `c:\Users\user\Desktop\EMPLEOS JESS\dataconnect`: GetFileAttributesEx c:\Users\user\Desktop\EMPLEOS JESS\dataconnect: The system cannot find the file specified.
 {"metadata":{"emulator":{"name":"dataconnect"},"message":"E0831 14:55:33.972732    2480 watch.go:116] watchAllDir unable to walk dir `c:\\Users\\user\\Desktop\\EMPLEOS JESS\\dataconnect`: GetFileAttributesEx c:\\Users\\user\\Desktop\\EMPLEOS JESS\\dataconnect: The system cannot find the file specified.\n"}}
[debug] [2026-08-31T18:55:33.974Z] E0831 14:55:33.972732    2480 watch.go:40] Failed to load config from "c:\\Users\\user\\Desktop\\EMPLEOS JESS\\dataconnect": could not find dataconnect.yaml in `c:\Users\user\Desktop\EMPLEOS JESS\dataconnect`
 {"metadata":{"emulator":{"name":"dataconnect"},"message":"E0831 14:55:33.972732    2480 watch.go:40] Failed to load config from \"c:\\\\Users\\\\user\\\\Desktop\\\\EMPLEOS JESS\\\\dataconnect\": could not find dataconnect.yaml in `c:\\Users\\user\\Desktop\\EMPLEOS JESS\\dataconnect`\n"}}
[debug] [2026-08-31T18:55:43.974Z] E0831 14:55:43.974546    2480 watch.go:40] Failed to load config from "c:\\Users\\user\\Desktop\\EMPLEOS JESS\\dataconnect": could not find dataconnect.yaml in `c:\Users\user\Desktop\EMPLEOS JESS\dataconnect`
 {"metadata":{"emulator":{"name":"dataconnect"},"message":"E0831 14:55:43.974546    2480 watch.go:40] Failed to load config from \"c:\\\\Users\\\\user\\\\Desktop\\\\EMPLEOS JESS\\\\dataconnect\": could not find dataconnect.yaml in `c:\\Users\\user\\Desktop\\EMPLEOS JESS\\dataconnect`\n"}}
[debug] [2026-08-31T18:55:53.972Z] E0831 14:55:53.972565    2480 watch.go:40] Failed to load config from "c:\\Users\\user\\Desktop\\EMPLEOS JESS\\dataconnect": could not find dataconnect.yaml in `c:\Users\user\Desktop\EMPLEOS JESS\dataconnect`
 {"metadata":{"emulator":{"name":"dataconnect"},"message":"E0831 14:55:53.972565    2480 watch.go:40] Failed to load config from \"c:\\\\Users\\\\user\\\\Desktop\\\\EMPLEOS JESS\\\\dataconnect\": could not find dataconnect.yaml in `c:\\Users\\user\\Desktop\\EMPLEOS JESS\\dataconnect`\n"}}
[debug] [2026-08-31T18:56:03.974Z] E0831 14:56:03.975006    2480 watch.go:40] Failed to load config from "c:\\Users\\user\\Desktop\\EMPLEOS JESS\\dataconnect": could not find dataconnect.yaml in `c:\Users\user\Desktop\EMPLEOS JESS\dataconnect`
 {"metadata":{"emulator":{"name":"dataconnect"},"message":"E0831 14:56:03.975006    2480 watch.go:40] Failed to load config from \"c:\\\\Users\\\\user\\\\Desktop\\\\EMPLEOS JESS\\\\dataconnect\": could not find dataconnect.yaml in `c:\\Users\\user\\Desktop\\EMPLEOS JESS\\dataconnect`\n"}}
[debug] [2026-08-31T18:56:13.973Z] E0831 14:56:13.973827    2480 watch.go:40] Failed to load config from "c:\\Users\\user\\Desktop\\EMPLEOS JESS\\dataconnect": could not find dataconnect.yaml in `c:\Users\user\Desktop\EMPLEOS JESS\dataconnect`
 {"metadata":{"emulator":{"name":"dataconnect"},"message":"E0831 14:56:13.973827    2480 watch.go:40] Failed to load config from \"c:\\\\Users\\\\user\\\\Desktop\\\\EMPLEOS JESS\\\\dataconnect\": could not find dataconnect.yaml in `c:\\Users\\user\\Desktop\\EMPLEOS JESS\\dataconnect`\n"}}
[debug] [2026-08-31T18:56:23.973Z] E0831 14:56:23.972965    2480 watch.go:40] Failed to load config from "c:\\Users\\user\\Desktop\\EMPLEOS JESS\\dataconnect": could not find dataconnect.yaml in `c:\Users\user\Desktop\EMPLEOS JESS\dataconnect`
 {"metadata":{"emulator":{"name":"dataconnect"},"message":"E0831 14:56:23.972965    2480 watch.go:40] Failed to load config from \"c:\\\\Users\\\\user\\\\Desktop\\\\EMPLEOS JESS\\\\dataconnect\": could not find dataconnect.yaml in `c:\\Users\\user\\Desktop\\EMPLEOS JESS\\dataconnect`\n"}}
[debug] [2026-08-31T18:56:33.972Z] E0831 14:56:33.972757    2480 watch.go:116] watchAllDir unable to walk dir `c:\Users\user\Desktop\EMPLEOS JESS\dataconnect`: GetFileAttributesEx c:\Users\user\Desktop\EMPLEOS JESS\dataconnect: The system cannot find the file specified.
 {"metadata":{"emulator":{"name":"dataconnect"},"message":"E0831 14:56:33.972757    2480 watch.go:116] watchAllDir unable to walk dir `c:\\Users\\user\\Desktop\\EMPLEOS JESS\\dataconnect`: GetFileAttributesEx c:\\Users\\user\\Desktop\\EMPLEOS JESS\\dataconnect: The system cannot find the file specified.\n"}}
[debug] [2026-08-31T18:56:33.973Z] E0831 14:56:33.973043    2480 watch.go:40] Failed to load config from "c:\\Users\\user\\Desktop\\EMPLEOS JESS\\dataconnect": could not find dataconnect.yaml in `c:\Users\user\Desktop\EMPLEOS JESS\dataconnect`
 {"metadata":{"emulator":{"name":"dataconnect"},"message":"E0831 14:56:33.973043    2480 watch.go:40] Failed to load config from \"c:\\\\Users\\\\user\\\\Desktop\\\\EMPLEOS JESS\\\\dataconnect\": could not find dataconnect.yaml in `c:\\Users\\user\\Desktop\\EMPLEOS JESS\\dataconnect`\n"}}
[debug] [2026-08-31T18:56:43.977Z] E0831 14:56:43.976220    2480 watch.go:40] Failed to load config from "c:\\Users\\user\\Desktop\\EMPLEOS JESS\\dataconnect": could not find dataconnect.yaml in `c:\Users\user\Desktop\EMPLEOS JESS\dataconnect`
 {"metadata":{"emulator":{"name":"dataconnect"},"message":"E0831 14:56:43.976220    2480 watch.go:40] Failed to load config from \"c:\\\\Users\\\\user\\\\Desktop\\\\EMPLEOS JESS\\\\dataconnect\": could not find dataconnect.yaml in `c:\\Users\\user\\Desktop\\EMPLEOS JESS\\dataconnect`\n"}}
[debug] [2026-08-31T18:56:53.974Z] E0831 14:56:53.973941    2480 watch.go:40] Failed to load config from "c:\\Users\\user\\Desktop\\EMPLEOS JESS\\dataconnect": could not find dataconnect.yaml in `c:\Users\user\Desktop\EMPLEOS JESS\dataconnect`
 {"metadata":{"emulator":{"name":"dataconnect"},"message":"E0831 14:56:53.973941    2480 watch.go:40] Failed to load config from \"c:\\\\Users\\\\user\\\\Desktop\\\\EMPLEOS JESS\\\\dataconnect\": could not find dataconnect.yaml in `c:\\Users\\user\\Desktop\\EMPLEOS JESS\\dataconnect`\n"}}
[debug] [2026-08-31T18:57:03.974Z] E0831 14:57:03.974443    2480 watch.go:40] Failed to load config from "c:\\Users\\user\\Desktop\\EMPLEOS JESS\\dataconnect": could not find dataconnect.yaml in `c:\Users\user\Desktop\EMPLEOS JESS\dataconnect`
 {"metadata":{"emulator":{"name":"dataconnect"},"message":"E0831 14:57:03.974443    2480 watch.go:40] Failed to load config from \"c:\\\\Users\\\\user\\\\Desktop\\\\EMPLEOS JESS\\\\dataconnect\": could not find dataconnect.yaml in `c:\\Users\\user\\Desktop\\EMPLEOS JESS\\dataconnect`\n"}}
[debug] [2026-08-31T18:57:13.974Z] E0831 14:57:13.974587    2480 watch.go:40] Failed to load config from "c:\\Users\\user\\Desktop\\EMPLEOS JESS\\dataconnect": could not find dataconnect.yaml in `c:\Users\user\Desktop\EMPLEOS JESS\dataconnect`
 {"metadata":{"emulator":{"name":"dataconnect"},"message":"E0831 14:57:13.974587    2480 watch.go:40] Failed to load config from \"c:\\\\Users\\\\user\\\\Desktop\\\\EMPLEOS JESS\\\\dataconnect\": could not find dataconnect.yaml in `c:\\Users\\user\\Desktop\\EMPLEOS JESS\\dataconnect`\n"}}
[debug] [2026-08-31T18:57:23.974Z] E0831 14:57:23.974004    2480 watch.go:40] Failed to load config from "c:\\Users\\user\\Desktop\\EMPLEOS JESS\\dataconnect": could not find dataconnect.yaml in `c:\Users\user\Desktop\EMPLEOS JESS\dataconnect`
 {"metadata":{"emulator":{"name":"dataconnect"},"message":"E0831 14:57:23.974004    2480 watch.go:40] Failed to load config from \"c:\\\\Users\\\\user\\\\Desktop\\\\EMPLEOS JESS\\\\dataconnect\": could not find dataconnect.yaml in `c:\\Users\\user\\Desktop\\EMPLEOS JESS\\dataconnect`\n"}}
[debug] [2026-08-31T18:57:33.972Z] E0831 14:57:33.972739    2480 watch.go:116] watchAllDir unable to walk dir `c:\Users\user\Desktop\EMPLEOS JESS\dataconnect`: GetFileAttributesEx c:\Users\user\Desktop\EMPLEOS JESS\dataconnect: The system cannot find the file specified.
 {"metadata":{"emulator":{"name":"dataconnect"},"message":"E0831 14:57:33.972739    2480 watch.go:116] watchAllDir unable to walk dir `c:\\Users\\user\\Desktop\\EMPLEOS JESS\\dataconnect`: GetFileAttributesEx c:\\Users\\user\\Desktop\\EMPLEOS JESS\\dataconnect: The system cannot find the file specified.\n"}}
[debug] [2026-08-31T18:57:33.973Z] E0831 14:57:33.972739    2480 watch.go:40] Failed to load config from "c:\\Users\\user\\Desktop\\EMPLEOS JESS\\dataconnect": could not find dataconnect.yaml in `c:\Users\user\Desktop\EMPLEOS JESS\dataconnect`
 {"metadata":{"emulator":{"name":"dataconnect"},"message":"E0831 14:57:33.972739    2480 watch.go:40] Failed to load config from \"c:\\\\Users\\\\user\\\\Desktop\\\\EMPLEOS JESS\\\\dataconnect\": could not find dataconnect.yaml in `c:\\Users\\user\\Desktop\\EMPLEOS JESS\\dataconnect`\n"}}
[debug] [2026-08-31T18:57:43.974Z] E0831 14:57:43.974391    2480 watch.go:40] Failed to load config from "c:\\Users\\user\\Desktop\\EMPLEOS JESS\\dataconnect": could not find dataconnect.yaml in `c:\Users\user\Desktop\EMPLEOS JESS\dataconnect`
 {"metadata":{"emulator":{"name":"dataconnect"},"message":"E0831 14:57:43.974391    2480 watch.go:40] Failed to load config from \"c:\\\\Users\\\\user\\\\Desktop\\\\EMPLEOS JESS\\\\dataconnect\": could not find dataconnect.yaml in `c:\\Users\\user\\Desktop\\EMPLEOS JESS\\dataconnect`\n"}}
[debug] [2026-08-31T18:57:53.993Z] E0831 14:57:53.993051    2480 watch.go:40] Failed to load config from "c:\\Users\\user\\Desktop\\EMPLEOS JESS\\dataconnect": could not find dataconnect.yaml in `c:\Users\user\Desktop\EMPLEOS JESS\dataconnect`
 {"metadata":{"emulator":{"name":"dataconnect"},"message":"E0831 14:57:53.993051    2480 watch.go:40] Failed to load config from \"c:\\\\Users\\\\user\\\\Desktop\\\\EMPLEOS JESS\\\\dataconnect\": could not find dataconnect.yaml in `c:\\Users\\user\\Desktop\\EMPLEOS JESS\\dataconnect`\n"}}
[debug] [2026-08-31T18:58:03.972Z] E0831 14:58:03.972105    2480 watch.go:40] Failed to load config from "c:\\Users\\user\\Desktop\\EMPLEOS JESS\\dataconnect": could not find dataconnect.yaml in `c:\Users\user\Desktop\EMPLEOS JESS\dataconnect`
 {"metadata":{"emulator":{"name":"dataconnect"},"message":"E0831 14:58:03.972105    2480 watch.go:40] Failed to load config from \"c:\\\\Users\\\\user\\\\Desktop\\\\EMPLEOS JESS\\\\dataconnect\": could not find dataconnect.yaml in `c:\\Users\\user\\Desktop\\EMPLEOS JESS\\dataconnect`\n"}}
[debug] [2026-08-31T18:58:13.973Z] E0831 14:58:13.973430    2480 watch.go:40] Failed to load config from "c:\\Users\\user\\Desktop\\EMPLEOS JESS\\dataconnect": could not find dataconnect.yaml in `c:\Users\user\Desktop\EMPLEOS JESS\dataconnect`
 {"metadata":{"emulator":{"name":"dataconnect"},"message":"E0831 14:58:13.973430    2480 watch.go:40] Failed to load config from \"c:\\\\Users\\\\user\\\\Desktop\\\\EMPLEOS JESS\\\\dataconnect\": could not find dataconnect.yaml in `c:\\Users\\user\\Desktop\\EMPLEOS JESS\\dataconnect`\n"}}
[debug] [2026-08-31T18:58:23.972Z] E0831 14:58:23.973043    2480 watch.go:40] Failed to load config from "c:\\Users\\user\\Desktop\\EMPLEOS JESS\\dataconnect": could not find dataconnect.yaml in `c:\Users\user\Desktop\EMPLEOS JESS\dataconnect`
 {"metadata":{"emulator":{"name":"dataconnect"},"message":"E0831 14:58:23.973043    2480 watch.go:40] Failed to load config from \"c:\\\\Users\\\\user\\\\Desktop\\\\EMPLEOS JESS\\\\dataconnect\": could not find dataconnect.yaml in `c:\\Users\\user\\Desktop\\EMPLEOS JESS\\dataconnect`\n"}}
[debug] [2026-08-31T18:58:33.972Z] E0831 14:58:33.972334    2480 watch.go:116] watchAllDir unable to walk dir `c:\Users\user\Desktop\EMPLEOS JESS\dataconnect`: GetFileAttributesEx c:\Users\user\Desktop\EMPLEOS JESS\dataconnect: The system cannot find the file specified.
 {"metadata":{"emulator":{"name":"dataconnect"},"message":"E0831 14:58:33.972334    2480 watch.go:116] watchAllDir unable to walk dir `c:\\Users\\user\\Desktop\\EMPLEOS JESS\\dataconnect`: GetFileAttributesEx c:\\Users\\user\\Desktop\\EMPLEOS JESS\\dataconnect: The system cannot find the file specified.\n"}}
[debug] [2026-08-31T18:58:33.973Z] E0831 14:58:33.972334    2480 watch.go:40] Failed to load config from "c:\\Users\\user\\Desktop\\EMPLEOS JESS\\dataconnect": could not find dataconnect.yaml in `c:\Users\user\Desktop\EMPLEOS JESS\dataconnect`
 {"metadata":{"emulator":{"name":"dataconnect"},"message":"E0831 14:58:33.972334    2480 watch.go:40] Failed to load config from \"c:\\\\Users\\\\user\\\\Desktop\\\\EMPLEOS JESS\\\\dataconnect\": could not find dataconnect.yaml in `c:\\Users\\user\\Desktop\\EMPLEOS JESS\\dataconnect`\n"}}
[debug] [2026-08-31T18:58:43.975Z] E0831 14:58:43.974869    2480 watch.go:40] Failed to load config from "c:\\Users\\user\\Desktop\\EMPLEOS JESS\\dataconnect": could not find dataconnect.yaml in `c:\Users\user\Desktop\EMPLEOS JESS\dataconnect`
 {"metadata":{"emulator":{"name":"dataconnect"},"message":"E0831 14:58:43.974869    2480 watch.go:40] Failed to load config from \"c:\\\\Users\\\\user\\\\Desktop\\\\EMPLEOS JESS\\\\dataconnect\": could not find dataconnect.yaml in `c:\\Users\\user\\Desktop\\EMPLEOS JESS\\dataconnect`\n"}}
[debug] [2026-08-31T18:58:53.983Z] E0831 14:58:53.982883    2480 watch.go:40] Failed to load config from "c:\\Users\\user\\Desktop\\EMPLEOS JESS\\dataconnect": could not find dataconnect.yaml in `c:\Users\user\Desktop\EMPLEOS JESS\dataconnect`
 {"metadata":{"emulator":{"name":"dataconnect"},"message":"E0831 14:58:53.982883    2480 watch.go:40] Failed to load config from \"c:\\\\Users\\\\user\\\\Desktop\\\\EMPLEOS JESS\\\\dataconnect\": could not find dataconnect.yaml in `c:\\Users\\user\\Desktop\\EMPLEOS JESS\\dataconnect`\n"}}
[debug] [2026-08-31T18:59:03.974Z] E0831 14:59:03.973883    2480 watch.go:40] Failed to load config from "c:\\Users\\user\\Desktop\\EMPLEOS JESS\\dataconnect": could not find dataconnect.yaml in `c:\Users\user\Desktop\EMPLEOS JESS\dataconnect`
 {"metadata":{"emulator":{"name":"dataconnect"},"message":"E0831 14:59:03.973883    2480 watch.go:40] Failed to load config from \"c:\\\\Users\\\\user\\\\Desktop\\\\EMPLEOS JESS\\\\dataconnect\": could not find dataconnect.yaml in `c:\\Users\\user\\Desktop\\EMPLEOS JESS\\dataconnect`\n"}}
[debug] [2026-08-31T18:59:13.996Z] E0831 14:59:13.972650    2480 watch.go:40] Failed to load config from "c:\\Users\\user\\Desktop\\EMPLEOS JESS\\dataconnect": could not find dataconnect.yaml in `c:\Users\user\Desktop\EMPLEOS JESS\dataconnect`
 {"metadata":{"emulator":{"name":"dataconnect"},"message":"E0831 14:59:13.972650    2480 watch.go:40] Failed to load config from \"c:\\\\Users\\\\user\\\\Desktop\\\\EMPLEOS JESS\\\\dataconnect\": could not find dataconnect.yaml in `c:\\Users\\user\\Desktop\\EMPLEOS JESS\\dataconnect`\n"}}
[debug] [2026-08-31T18:59:23.972Z] E0831 14:59:23.972175    2480 watch.go:40] Failed to load config from "c:\\Users\\user\\Desktop\\EMPLEOS JESS\\dataconnect": could not find dataconnect.yaml in `c:\Users\user\Desktop\EMPLEOS JESS\dataconnect`
 {"metadata":{"emulator":{"name":"dataconnect"},"message":"E0831 14:59:23.972175    2480 watch.go:40] Failed to load config from \"c:\\\\Users\\\\user\\\\Desktop\\\\EMPLEOS JESS\\\\dataconnect\": could not find dataconnect.yaml in `c:\\Users\\user\\Desktop\\EMPLEOS JESS\\dataconnect`\n"}}
[debug] [2026-08-31T18:59:33.974Z] E0831 14:59:33.973602    2480 watch.go:116] watchAllDir unable to walk dir `c:\Users\user\Desktop\EMPLEOS JESS\dataconnect`: GetFileAttributesEx c:\Users\user\Desktop\EMPLEOS JESS\dataconnect: The system cannot find the file specified.
 {"metadata":{"emulator":{"name":"dataconnect"},"message":"E0831 14:59:33.973602    2480 watch.go:116] watchAllDir unable to walk dir `c:\\Users\\user\\Desktop\\EMPLEOS JESS\\dataconnect`: GetFileAttributesEx c:\\Users\\user\\Desktop\\EMPLEOS JESS\\dataconnect: The system cannot find the file specified.\n"}}
[debug] [2026-08-31T18:59:33.975Z] E0831 14:59:33.973602    2480 watch.go:40] Failed to load config from "c:\\Users\\user\\Desktop\\EMPLEOS JESS\\dataconnect": could not find dataconnect.yaml in `c:\Users\user\Desktop\EMPLEOS JESS\dataconnect`
 {"metadata":{"emulator":{"name":"dataconnect"},"message":"E0831 14:59:33.973602    2480 watch.go:40] Failed to load config from \"c:\\\\Users\\\\user\\\\Desktop\\\\EMPLEOS JESS\\\\dataconnect\": could not find dataconnect.yaml in `c:\\Users\\user\\Desktop\\EMPLEOS JESS\\dataconnect`\n"}}
[debug] [2026-08-31T18:59:43.972Z] E0831 14:59:43.972669    2480 watch.go:40] Failed to load config from "c:\\Users\\user\\Desktop\\EMPLEOS JESS\\dataconnect": could not find dataconnect.yaml in `c:\Users\user\Desktop\EMPLEOS JESS\dataconnect`
 {"metadata":{"emulator":{"name":"dataconnect"},"message":"E0831 14:59:43.972669    2480 watch.go:40] Failed to load config from \"c:\\\\Users\\\\user\\\\Desktop\\\\EMPLEOS JESS\\\\dataconnect\": could not find dataconnect.yaml in `c:\\Users\\user\\Desktop\\EMPLEOS JESS\\dataconnect`\n"}}
[debug] [2026-08-31T18:59:53.973Z] E0831 14:59:53.973651    2480 watch.go:40] Failed to load config from "c:\\Users\\user\\Desktop\\EMPLEOS JESS\\dataconnect": could not find dataconnect.yaml in `c:\Users\user\Desktop\EMPLEOS JESS\dataconnect`
 {"metadata":{"emulator":{"name":"dataconnect"},"message":"E0831 14:59:53.973651    2480 watch.go:40] Failed to load config from \"c:\\\\Users\\\\user\\\\Desktop\\\\EMPLEOS JESS\\\\dataconnect\": could not find dataconnect.yaml in `c:\\Users\\user\\Desktop\\EMPLEOS JESS\\dataconnect`\n"}}
[debug] [2026-08-31T19:00:03.972Z] E0831 15:00:03.972890    2480 watch.go:40] Failed to load config from "c:\\Users\\user\\Desktop\\EMPLEOS JESS\\dataconnect": could not find dataconnect.yaml in `c:\Users\user\Desktop\EMPLEOS JESS\dataconnect`
 {"metadata":{"emulator":{"name":"dataconnect"},"message":"E0831 15:00:03.972890    2480 watch.go:40] Failed to load config from \"c:\\\\Users\\\\user\\\\Desktop\\\\EMPLEOS JESS\\\\dataconnect\": could not find dataconnect.yaml in `c:\\Users\\user\\Desktop\\EMPLEOS JESS\\dataconnect`\n"}}
[debug] [2026-08-31T19:00:13.974Z] E0831 15:00:13.974136    2480 watch.go:40] Failed to load config from "c:\\Users\\user\\Desktop\\EMPLEOS JESS\\dataconnect": could not find dataconnect.yaml in `c:\Users\user\Desktop\EMPLEOS JESS\dataconnect`
 {"metadata":{"emulator":{"name":"dataconnect"},"message":"E0831 15:00:13.974136    2480 watch.go:40] Failed to load config from \"c:\\\\Users\\\\user\\\\Desktop\\\\EMPLEOS JESS\\\\dataconnect\": could not find dataconnect.yaml in `c:\\Users\\user\\Desktop\\EMPLEOS JESS\\dataconnect`\n"}}
[debug] [2026-08-31T19:00:23.972Z] E0831 15:00:23.972635    2480 watch.go:40] Failed to load config from "c:\\Users\\user\\Desktop\\EMPLEOS JESS\\dataconnect": could not find dataconnect.yaml in `c:\Users\user\Desktop\EMPLEOS JESS\dataconnect`
 {"metadata":{"emulator":{"name":"dataconnect"},"message":"E0831 15:00:23.972635    2480 watch.go:40] Failed to load config from \"c:\\\\Users\\\\user\\\\Desktop\\\\EMPLEOS JESS\\\\dataconnect\": could not find dataconnect.yaml in `c:\\Users\\user\\Desktop\\EMPLEOS JESS\\dataconnect`\n"}}
[debug] [2026-08-31T19:00:33.974Z] E0831 15:00:33.973897    2480 watch.go:116] watchAllDir unable to walk dir `c:\Users\user\Desktop\EMPLEOS JESS\dataconnect`: GetFileAttributesEx c:\Users\user\Desktop\EMPLEOS JESS\dataconnect: The system cannot find the file specified.
 {"metadata":{"emulator":{"name":"dataconnect"},"message":"E0831 15:00:33.973897    2480 watch.go:116] watchAllDir unable to walk dir `c:\\Users\\user\\Desktop\\EMPLEOS JESS\\dataconnect`: GetFileAttributesEx c:\\Users\\user\\Desktop\\EMPLEOS JESS\\dataconnect: The system cannot find the file specified.\n"}}
[debug] [2026-08-31T19:00:33.977Z] E0831 15:00:33.975019    2480 watch.go:40] Failed to load config from "c:\\Users\\user\\Desktop\\EMPLEOS JESS\\dataconnect": could not find dataconnect.yaml in `c:\Users\user\Desktop\EMPLEOS JESS\dataconnect`
 {"metadata":{"emulator":{"name":"dataconnect"},"message":"E0831 15:00:33.975019    2480 watch.go:40] Failed to load config from \"c:\\\\Users\\\\user\\\\Desktop\\\\EMPLEOS JESS\\\\dataconnect\": could not find dataconnect.yaml in `c:\\Users\\user\\Desktop\\EMPLEOS JESS\\dataconnect`\n"}}
[debug] [2026-08-31T19:00:43.976Z] E0831 15:00:43.975951    2480 watch.go:40] Failed to load config from "c:\\Users\\user\\Desktop\\EMPLEOS JESS\\dataconnect": could not find dataconnect.yaml in `c:\Users\user\Desktop\EMPLEOS JESS\dataconnect`
 {"metadata":{"emulator":{"name":"dataconnect"},"message":"E0831 15:00:43.975951    2480 watch.go:40] Failed to load config from \"c:\\\\Users\\\\user\\\\Desktop\\\\EMPLEOS JESS\\\\dataconnect\": could not find dataconnect.yaml in `c:\\Users\\user\\Desktop\\EMPLEOS JESS\\dataconnect`\n"}}
[debug] [2026-08-31T19:00:53.974Z] E0831 15:00:53.973486    2480 watch.go:40] Failed to load config from "c:\\Users\\user\\Desktop\\EMPLEOS JESS\\dataconnect": could not find dataconnect.yaml in `c:\Users\user\Desktop\EMPLEOS JESS\dataconnect`
 {"metadata":{"emulator":{"name":"dataconnect"},"message":"E0831 15:00:53.973486    2480 watch.go:40] Failed to load config from \"c:\\\\Users\\\\user\\\\Desktop\\\\EMPLEOS JESS\\\\dataconnect\": could not find dataconnect.yaml in `c:\\Users\\user\\Desktop\\EMPLEOS JESS\\dataconnect`\n"}}
[debug] [2026-08-31T19:01:03.974Z] E0831 15:01:03.973643    2480 watch.go:40] Failed to load config from "c:\\Users\\user\\Desktop\\EMPLEOS JESS\\dataconnect": could not find dataconnect.yaml in `c:\Users\user\Desktop\EMPLEOS JESS\dataconnect`
 {"metadata":{"emulator":{"name":"dataconnect"},"message":"E0831 15:01:03.973643    2480 watch.go:40] Failed to load config from \"c:\\\\Users\\\\user\\\\Desktop\\\\EMPLEOS JESS\\\\dataconnect\": could not find dataconnect.yaml in `c:\\Users\\user\\Desktop\\EMPLEOS JESS\\dataconnect`\n"}}
[debug] [2026-08-31T19:01:13.972Z] E0831 15:01:13.972249    2480 watch.go:40] Failed to load config from "c:\\Users\\user\\Desktop\\EMPLEOS JESS\\dataconnect": could not find dataconnect.yaml in `c:\Users\user\Desktop\EMPLEOS JESS\dataconnect`
 {"metadata":{"emulator":{"name":"dataconnect"},"message":"E0831 15:01:13.972249    2480 watch.go:40] Failed to load config from \"c:\\\\Users\\\\user\\\\Desktop\\\\EMPLEOS JESS\\\\dataconnect\": could not find dataconnect.yaml in `c:\\Users\\user\\Desktop\\EMPLEOS JESS\\dataconnect`\n"}}
[debug] [2026-08-31T19:01:23.973Z] E0831 15:01:23.973434    2480 watch.go:40] Failed to load config from "c:\\Users\\user\\Desktop\\EMPLEOS JESS\\dataconnect": could not find dataconnect.yaml in `c:\Users\user\Desktop\EMPLEOS JESS\dataconnect`
 {"metadata":{"emulator":{"name":"dataconnect"},"message":"E0831 15:01:23.973434    2480 watch.go:40] Failed to load config from \"c:\\\\Users\\\\user\\\\Desktop\\\\EMPLEOS JESS\\\\dataconnect\": could not find dataconnect.yaml in `c:\\Users\\user\\Desktop\\EMPLEOS JESS\\dataconnect`\n"}}
[debug] [2026-08-31T19:01:33.974Z] E0831 15:01:33.973631    2480 watch.go:116] watchAllDir unable to walk dir `c:\Users\user\Desktop\EMPLEOS JESS\dataconnect`: GetFileAttributesEx c:\Users\user\Desktop\EMPLEOS JESS\dataconnect: The system cannot find the file specified.
 {"metadata":{"emulator":{"name":"dataconnect"},"message":"E0831 15:01:33.973631    2480 watch.go:116] watchAllDir unable to walk dir `c:\\Users\\user\\Desktop\\EMPLEOS JESS\\dataconnect`: GetFileAttributesEx c:\\Users\\user\\Desktop\\EMPLEOS JESS\\dataconnect: The system cannot find the file specified.\n"}}
[debug] [2026-08-31T19:01:33.976Z] E0831 15:01:33.974221    2480 watch.go:40] Failed to load config from "c:\\Users\\user\\Desktop\\EMPLEOS JESS\\dataconnect": could not find dataconnect.yaml in `c:\Users\user\Desktop\EMPLEOS JESS\dataconnect`
 {"metadata":{"emulator":{"name":"dataconnect"},"message":"E0831 15:01:33.974221    2480 watch.go:40] Failed to load config from \"c:\\\\Users\\\\user\\\\Desktop\\\\EMPLEOS JESS\\\\dataconnect\": could not find dataconnect.yaml in `c:\\Users\\user\\Desktop\\EMPLEOS JESS\\dataconnect`\n"}}
[debug] [2026-08-31T19:01:43.973Z] E0831 15:01:43.972576    2480 watch.go:40] Failed to load config from "c:\\Users\\user\\Desktop\\EMPLEOS JESS\\dataconnect": could not find dataconnect.yaml in `c:\Users\user\Desktop\EMPLEOS JESS\dataconnect`
 {"metadata":{"emulator":{"name":"dataconnect"},"message":"E0831 15:01:43.972576    2480 watch.go:40] Failed to load config from \"c:\\\\Users\\\\user\\\\Desktop\\\\EMPLEOS JESS\\\\dataconnect\": could not find dataconnect.yaml in `c:\\Users\\user\\Desktop\\EMPLEOS JESS\\dataconnect`\n"}}
[debug] [2026-08-31T19:01:53.972Z] E0831 15:01:53.972357    2480 watch.go:40] Failed to load config from "c:\\Users\\user\\Desktop\\EMPLEOS JESS\\dataconnect": could not find dataconnect.yaml in `c:\Users\user\Desktop\EMPLEOS JESS\dataconnect`
 {"metadata":{"emulator":{"name":"dataconnect"},"message":"E0831 15:01:53.972357    2480 watch.go:40] Failed to load config from \"c:\\\\Users\\\\user\\\\Desktop\\\\EMPLEOS JESS\\\\dataconnect\": could not find dataconnect.yaml in `c:\\Users\\user\\Desktop\\EMPLEOS JESS\\dataconnect`\n"}}
[debug] [2026-08-31T19:02:03.972Z] E0831 15:02:03.972550    2480 watch.go:40] Failed to load config from "c:\\Users\\user\\Desktop\\EMPLEOS JESS\\dataconnect": could not find dataconnect.yaml in `c:\Users\user\Desktop\EMPLEOS JESS\dataconnect`
 {"metadata":{"emulator":{"name":"dataconnect"},"message":"E0831 15:02:03.972550    2480 watch.go:40] Failed to load config from \"c:\\\\Users\\\\user\\\\Desktop\\\\EMPLEOS JESS\\\\dataconnect\": could not find dataconnect.yaml in `c:\\Users\\user\\Desktop\\EMPLEOS JESS\\dataconnect`\n"}}
[debug] [2026-08-31T19:02:13.972Z] E0831 15:02:13.972402    2480 watch.go:40] Failed to load config from "c:\\Users\\user\\Desktop\\EMPLEOS JESS\\dataconnect": could not find dataconnect.yaml in `c:\Users\user\Desktop\EMPLEOS JESS\dataconnect`
 {"metadata":{"emulator":{"name":"dataconnect"},"message":"E0831 15:02:13.972402    2480 watch.go:40] Failed to load config from \"c:\\\\Users\\\\user\\\\Desktop\\\\EMPLEOS JESS\\\\dataconnect\": could not find dataconnect.yaml in `c:\\Users\\user\\Desktop\\EMPLEOS JESS\\dataconnect`\n"}}
[debug] [2026-08-31T19:02:23.973Z] E0831 15:02:23.974170    2480 watch.go:40] Failed to load config from "c:\\Users\\user\\Desktop\\EMPLEOS JESS\\dataconnect": could not find dataconnect.yaml in `c:\Users\user\Desktop\EMPLEOS JESS\dataconnect`
 {"metadata":{"emulator":{"name":"dataconnect"},"message":"E0831 15:02:23.974170    2480 watch.go:40] Failed to load config from \"c:\\\\Users\\\\user\\\\Desktop\\\\EMPLEOS JESS\\\\dataconnect\": could not find dataconnect.yaml in `c:\\Users\\user\\Desktop\\EMPLEOS JESS\\dataconnect`\n"}}
[debug] [2026-08-31T19:02:33.972Z] E0831 15:02:33.972772    2480 watch.go:116] watchAllDir unable to walk dir `c:\Users\user\Desktop\EMPLEOS JESS\dataconnect`: GetFileAttributesEx c:\Users\user\Desktop\EMPLEOS JESS\dataconnect: The system cannot find the file specified.
 {"metadata":{"emulator":{"name":"dataconnect"},"message":"E0831 15:02:33.972772    2480 watch.go:116] watchAllDir unable to walk dir `c:\\Users\\user\\Desktop\\EMPLEOS JESS\\dataconnect`: GetFileAttributesEx c:\\Users\\user\\Desktop\\EMPLEOS JESS\\dataconnect: The system cannot find the file specified.\n"}}
[debug] [2026-08-31T19:02:33.973Z] E0831 15:02:33.972772    2480 watch.go:40] Failed to load config from "c:\\Users\\user\\Desktop\\EMPLEOS JESS\\dataconnect": could not find dataconnect.yaml in `c:\Users\user\Desktop\EMPLEOS JESS\dataconnect`
 {"metadata":{"emulator":{"name":"dataconnect"},"message":"E0831 15:02:33.972772    2480 watch.go:40] Failed to load config from \"c:\\\\Users\\\\user\\\\Desktop\\\\EMPLEOS JESS\\\\dataconnect\": could not find dataconnect.yaml in `c:\\Users\\user\\Desktop\\EMPLEOS JESS\\dataconnect`\n"}}
[debug] [2026-08-31T19:02:43.973Z] E0831 15:02:43.973326    2480 watch.go:40] Failed to load config from "c:\\Users\\user\\Desktop\\EMPLEOS JESS\\dataconnect": could not find dataconnect.yaml in `c:\Users\user\Desktop\EMPLEOS JESS\dataconnect`
 {"metadata":{"emulator":{"name":"dataconnect"},"message":"E0831 15:02:43.973326    2480 watch.go:40] Failed to load config from \"c:\\\\Users\\\\user\\\\Desktop\\\\EMPLEOS JESS\\\\dataconnect\": could not find dataconnect.yaml in `c:\\Users\\user\\Desktop\\EMPLEOS JESS\\dataconnect`\n"}}
[debug] [2026-08-31T19:02:53.974Z] E0831 15:02:53.974477    2480 watch.go:40] Failed to load config from "c:\\Users\\user\\Desktop\\EMPLEOS JESS\\dataconnect": could not find dataconnect.yaml in `c:\Users\user\Desktop\EMPLEOS JESS\dataconnect`
 {"metadata":{"emulator":{"name":"dataconnect"},"message":"E0831 15:02:53.974477    2480 watch.go:40] Failed to load config from \"c:\\\\Users\\\\user\\\\Desktop\\\\EMPLEOS JESS\\\\dataconnect\": could not find dataconnect.yaml in `c:\\Users\\user\\Desktop\\EMPLEOS JESS\\dataconnect`\n"}}
[debug] [2026-08-31T19:03:03.972Z] E0831 15:03:03.972341    2480 watch.go:40] Failed to load config from "c:\\Users\\user\\Desktop\\EMPLEOS JESS\\dataconnect": could not find dataconnect.yaml in `c:\Users\user\Desktop\EMPLEOS JESS\dataconnect`
 {"metadata":{"emulator":{"name":"dataconnect"},"message":"E0831 15:03:03.972341    2480 watch.go:40] Failed to load config from \"c:\\\\Users\\\\user\\\\Desktop\\\\EMPLEOS JESS\\\\dataconnect\": could not find dataconnect.yaml in `c:\\Users\\user\\Desktop\\EMPLEOS JESS\\dataconnect`\n"}}
[debug] [2026-08-31T19:03:13.974Z] E0831 15:03:13.973968    2480 watch.go:40] Failed to load config from "c:\\Users\\user\\Desktop\\EMPLEOS JESS\\dataconnect": could not find dataconnect.yaml in `c:\Users\user\Desktop\EMPLEOS JESS\dataconnect`
 {"metadata":{"emulator":{"name":"dataconnect"},"message":"E0831 15:03:13.973968    2480 watch.go:40] Failed to load config from \"c:\\\\Users\\\\user\\\\Desktop\\\\EMPLEOS JESS\\\\dataconnect\": could not find dataconnect.yaml in `c:\\Users\\user\\Desktop\\EMPLEOS JESS\\dataconnect`\n"}}
[debug] [2026-08-31T19:03:23.975Z] E0831 15:03:23.974496    2480 watch.go:40] Failed to load config from "c:\\Users\\user\\Desktop\\EMPLEOS JESS\\dataconnect": could not find dataconnect.yaml in `c:\Users\user\Desktop\EMPLEOS JESS\dataconnect`
 {"metadata":{"emulator":{"name":"dataconnect"},"message":"E0831 15:03:23.974496    2480 watch.go:40] Failed to load config from \"c:\\\\Users\\\\user\\\\Desktop\\\\EMPLEOS JESS\\\\dataconnect\": could not find dataconnect.yaml in `c:\\Users\\user\\Desktop\\EMPLEOS JESS\\dataconnect`\n"}}
[debug] [2026-08-31T19:03:33.972Z] E0831 15:03:33.972355    2480 watch.go:116] watchAllDir unable to walk dir `c:\Users\user\Desktop\EMPLEOS JESS\dataconnect`: GetFileAttributesEx c:\Users\user\Desktop\EMPLEOS JESS\dataconnect: The system cannot find the file specified.
 {"metadata":{"emulator":{"name":"dataconnect"},"message":"E0831 15:03:33.972355    2480 watch.go:116] watchAllDir unable to walk dir `c:\\Users\\user\\Desktop\\EMPLEOS JESS\\dataconnect`: GetFileAttributesEx c:\\Users\\user\\Desktop\\EMPLEOS JESS\\dataconnect: The system cannot find the file specified.\n"}}
[debug] [2026-08-31T19:03:33.973Z] E0831 15:03:33.972355    2480 watch.go:40] Failed to load config from "c:\\Users\\user\\Desktop\\EMPLEOS JESS\\dataconnect": could not find dataconnect.yaml in `c:\Users\user\Desktop\EMPLEOS JESS\dataconnect`
 {"metadata":{"emulator":{"name":"dataconnect"},"message":"E0831 15:03:33.972355    2480 watch.go:40] Failed to load config from \"c:\\\\Users\\\\user\\\\Desktop\\\\EMPLEOS JESS\\\\dataconnect\": could not find dataconnect.yaml in `c:\\Users\\user\\Desktop\\EMPLEOS JESS\\dataconnect`\n"}}
[debug] [2026-08-31T19:03:43.975Z] E0831 15:03:43.975017    2480 watch.go:40] Failed to load config from "c:\\Users\\user\\Desktop\\EMPLEOS JESS\\dataconnect": could not find dataconnect.yaml in `c:\Users\user\Desktop\EMPLEOS JESS\dataconnect`
 {"metadata":{"emulator":{"name":"dataconnect"},"message":"E0831 15:03:43.975017    2480 watch.go:40] Failed to load config from \"c:\\\\Users\\\\user\\\\Desktop\\\\EMPLEOS JESS\\\\dataconnect\": could not find dataconnect.yaml in `c:\\Users\\user\\Desktop\\EMPLEOS JESS\\dataconnect`\n"}}
[debug] [2026-08-31T19:03:53.973Z] E0831 15:03:53.972607    2480 watch.go:40] Failed to load config from "c:\\Users\\user\\Desktop\\EMPLEOS JESS\\dataconnect": could not find dataconnect.yaml in `c:\Users\user\Desktop\EMPLEOS JESS\dataconnect`
 {"metadata":{"emulator":{"name":"dataconnect"},"message":"E0831 15:03:53.972607    2480 watch.go:40] Failed to load config from \"c:\\\\Users\\\\user\\\\Desktop\\\\EMPLEOS JESS\\\\dataconnect\": could not find dataconnect.yaml in `c:\\Users\\user\\Desktop\\EMPLEOS JESS\\dataconnect`\n"}}
[debug] [2026-08-31T19:04:03.973Z] E0831 15:04:03.972628    2480 watch.go:40] Failed to load config from "c:\\Users\\user\\Desktop\\EMPLEOS JESS\\dataconnect": could not find dataconnect.yaml in `c:\Users\user\Desktop\EMPLEOS JESS\dataconnect`
 {"metadata":{"emulator":{"name":"dataconnect"},"message":"E0831 15:04:03.972628    2480 watch.go:40] Failed to load config from \"c:\\\\Users\\\\user\\\\Desktop\\\\EMPLEOS JESS\\\\dataconnect\": could not find dataconnect.yaml in `c:\\Users\\user\\Desktop\\EMPLEOS JESS\\dataconnect`\n"}}
[debug] [2026-08-31T19:04:13.974Z] E0831 15:04:13.973976    2480 watch.go:40] Failed to load config from "c:\\Users\\user\\Desktop\\EMPLEOS JESS\\dataconnect": could not find dataconnect.yaml in `c:\Users\user\Desktop\EMPLEOS JESS\dataconnect`
 {"metadata":{"emulator":{"name":"dataconnect"},"message":"E0831 15:04:13.973976    2480 watch.go:40] Failed to load config from \"c:\\\\Users\\\\user\\\\Desktop\\\\EMPLEOS JESS\\\\dataconnect\": could not find dataconnect.yaml in `c:\\Users\\user\\Desktop\\EMPLEOS JESS\\dataconnect`\n"}}
[debug] [2026-08-31T19:04:23.973Z] E0831 15:04:23.972852    2480 watch.go:40] Failed to load config from "c:\\Users\\user\\Desktop\\EMPLEOS JESS\\dataconnect": could not find dataconnect.yaml in `c:\Users\user\Desktop\EMPLEOS JESS\dataconnect`
 {"metadata":{"emulator":{"name":"dataconnect"},"message":"E0831 15:04:23.972852    2480 watch.go:40] Failed to load config from \"c:\\\\Users\\\\user\\\\Desktop\\\\EMPLEOS JESS\\\\dataconnect\": could not find dataconnect.yaml in `c:\\Users\\user\\Desktop\\EMPLEOS JESS\\dataconnect`\n"}}
[debug] [2026-08-31T19:04:33.974Z] E0831 15:04:33.973896    2480 watch.go:116] watchAllDir unable to walk dir `c:\Users\user\Desktop\EMPLEOS JESS\dataconnect`: GetFileAttributesEx c:\Users\user\Desktop\EMPLEOS JESS\dataconnect: The system cannot find the file specified.
 {"metadata":{"emulator":{"name":"dataconnect"},"message":"E0831 15:04:33.973896    2480 watch.go:116] watchAllDir unable to walk dir `c:\\Users\\user\\Desktop\\EMPLEOS JESS\\dataconnect`: GetFileAttributesEx c:\\Users\\user\\Desktop\\EMPLEOS JESS\\dataconnect: The system cannot find the file specified.\n"}}
[debug] [2026-08-31T19:04:33.975Z] E0831 15:04:33.974444    2480 watch.go:40] Failed to load config from "c:\\Users\\user\\Desktop\\EMPLEOS JESS\\dataconnect": could not find dataconnect.yaml in `c:\Users\user\Desktop\EMPLEOS JESS\dataconnect`
 {"metadata":{"emulator":{"name":"dataconnect"},"message":"E0831 15:04:33.974444    2480 watch.go:40] Failed to load config from \"c:\\\\Users\\\\user\\\\Desktop\\\\EMPLEOS JESS\\\\dataconnect\": could not find dataconnect.yaml in `c:\\Users\\user\\Desktop\\EMPLEOS JESS\\dataconnect`\n"}}
[debug] [2026-08-31T19:04:43.975Z] E0831 15:04:43.974968    2480 watch.go:40] Failed to load config from "c:\\Users\\user\\Desktop\\EMPLEOS JESS\\dataconnect": could not find dataconnect.yaml in `c:\Users\user\Desktop\EMPLEOS JESS\dataconnect`
 {"metadata":{"emulator":{"name":"dataconnect"},"message":"E0831 15:04:43.974968    2480 watch.go:40] Failed to load config from \"c:\\\\Users\\\\user\\\\Desktop\\\\EMPLEOS JESS\\\\dataconnect\": could not find dataconnect.yaml in `c:\\Users\\user\\Desktop\\EMPLEOS JESS\\dataconnect`\n"}}
[debug] [2026-08-31T19:04:53.973Z] E0831 15:04:53.972513    2480 watch.go:40] Failed to load config from "c:\\Users\\user\\Desktop\\EMPLEOS JESS\\dataconnect": could not find dataconnect.yaml in `c:\Users\user\Desktop\EMPLEOS JESS\dataconnect`
 {"metadata":{"emulator":{"name":"dataconnect"},"message":"E0831 15:04:53.972513    2480 watch.go:40] Failed to load config from \"c:\\\\Users\\\\user\\\\Desktop\\\\EMPLEOS JESS\\\\dataconnect\": could not find dataconnect.yaml in `c:\\Users\\user\\Desktop\\EMPLEOS JESS\\dataconnect`\n"}}
[debug] [2026-08-31T19:05:03.974Z] E0831 15:05:03.973024    2480 watch.go:40] Failed to load config from "c:\\Users\\user\\Desktop\\EMPLEOS JESS\\dataconnect": could not find dataconnect.yaml in `c:\Users\user\Desktop\EMPLEOS JESS\dataconnect`
 {"metadata":{"emulator":{"name":"dataconnect"},"message":"E0831 15:05:03.973024    2480 watch.go:40] Failed to load config from \"c:\\\\Users\\\\user\\\\Desktop\\\\EMPLEOS JESS\\\\dataconnect\": could not find dataconnect.yaml in `c:\\Users\\user\\Desktop\\EMPLEOS JESS\\dataconnect`\n"}}
[debug] [2026-08-31T19:05:13.974Z] E0831 15:05:13.973547    2480 watch.go:40] Failed to load config from "c:\\Users\\user\\Desktop\\EMPLEOS JESS\\dataconnect": could not find dataconnect.yaml in `c:\Users\user\Desktop\EMPLEOS JESS\dataconnect`
 {"metadata":{"emulator":{"name":"dataconnect"},"message":"E0831 15:05:13.973547    2480 watch.go:40] Failed to load config from \"c:\\\\Users\\\\user\\\\Desktop\\\\EMPLEOS JESS\\\\dataconnect\": could not find dataconnect.yaml in `c:\\Users\\user\\Desktop\\EMPLEOS JESS\\dataconnect`\n"}}
[debug] [2026-08-31T19:05:23.979Z] E0831 15:05:23.979215    2480 watch.go:40] Failed to load config from "c:\\Users\\user\\Desktop\\EMPLEOS JESS\\dataconnect": could not find dataconnect.yaml in `c:\Users\user\Desktop\EMPLEOS JESS\dataconnect`
 {"metadata":{"emulator":{"name":"dataconnect"},"message":"E0831 15:05:23.979215    2480 watch.go:40] Failed to load config from \"c:\\\\Users\\\\user\\\\Desktop\\\\EMPLEOS JESS\\\\dataconnect\": could not find dataconnect.yaml in `c:\\Users\\user\\Desktop\\EMPLEOS JESS\\dataconnect`\n"}}
[debug] [2026-08-31T19:05:33.972Z] E0831 15:05:33.972669    2480 watch.go:116] watchAllDir unable to walk dir `c:\Users\user\Desktop\EMPLEOS JESS\dataconnect`: GetFileAttributesEx c:\Users\user\Desktop\EMPLEOS JESS\dataconnect: The system cannot find the file specified.
 {"metadata":{"emulator":{"name":"dataconnect"},"message":"E0831 15:05:33.972669    2480 watch.go:116] watchAllDir unable to walk dir `c:\\Users\\user\\Desktop\\EMPLEOS JESS\\dataconnect`: GetFileAttributesEx c:\\Users\\user\\Desktop\\EMPLEOS JESS\\dataconnect: The system cannot find the file specified.\n"}}
[debug] [2026-08-31T19:05:33.973Z] E0831 15:05:33.972669    2480 watch.go:40] Failed to load config from "c:\\Users\\user\\Desktop\\EMPLEOS JESS\\dataconnect": could not find dataconnect.yaml in `c:\Users\user\Desktop\EMPLEOS JESS\dataconnect`
 {"metadata":{"emulator":{"name":"dataconnect"},"message":"E0831 15:05:33.972669    2480 watch.go:40] Failed to load config from \"c:\\\\Users\\\\user\\\\Desktop\\\\EMPLEOS JESS\\\\dataconnect\": could not find dataconnect.yaml in `c:\\Users\\user\\Desktop\\EMPLEOS JESS\\dataconnect`\n"}}
[debug] [2026-08-31T19:05:43.974Z] E0831 15:05:43.973517    2480 watch.go:40] Failed to load config from "c:\\Users\\user\\Desktop\\EMPLEOS JESS\\dataconnect": could not find dataconnect.yaml in `c:\Users\user\Desktop\EMPLEOS JESS\dataconnect`
 {"metadata":{"emulator":{"name":"dataconnect"},"message":"E0831 15:05:43.973517    2480 watch.go:40] Failed to load config from \"c:\\\\Users\\\\user\\\\Desktop\\\\EMPLEOS JESS\\\\dataconnect\": could not find dataconnect.yaml in `c:\\Users\\user\\Desktop\\EMPLEOS JESS\\dataconnect`\n"}}
[debug] [2026-08-31T19:05:53.974Z] E0831 15:05:53.973731    2480 watch.go:40] Failed to load config from "c:\\Users\\user\\Desktop\\EMPLEOS JESS\\dataconnect": could not find dataconnect.yaml in `c:\Users\user\Desktop\EMPLEOS JESS\dataconnect`
 {"metadata":{"emulator":{"name":"dataconnect"},"message":"E0831 15:05:53.973731    2480 watch.go:40] Failed to load config from \"c:\\\\Users\\\\user\\\\Desktop\\\\EMPLEOS JESS\\\\dataconnect\": could not find dataconnect.yaml in `c:\\Users\\user\\Desktop\\EMPLEOS JESS\\dataconnect`\n"}}
[debug] [2026-08-31T19:06:03.972Z] E0831 15:06:03.972345    2480 watch.go:40] Failed to load config from "c:\\Users\\user\\Desktop\\EMPLEOS JESS\\dataconnect": could not find dataconnect.yaml in `c:\Users\user\Desktop\EMPLEOS JESS\dataconnect`
 {"metadata":{"emulator":{"name":"dataconnect"},"message":"E0831 15:06:03.972345    2480 watch.go:40] Failed to load config from \"c:\\\\Users\\\\user\\\\Desktop\\\\EMPLEOS JESS\\\\dataconnect\": could not find dataconnect.yaml in `c:\\Users\\user\\Desktop\\EMPLEOS JESS\\dataconnect`\n"}}
[debug] [2026-08-31T19:06:13.972Z] E0831 15:06:13.972315    2480 watch.go:40] Failed to load config from "c:\\Users\\user\\Desktop\\EMPLEOS JESS\\dataconnect": could not find dataconnect.yaml in `c:\Users\user\Desktop\EMPLEOS JESS\dataconnect`
 {"metadata":{"emulator":{"name":"dataconnect"},"message":"E0831 15:06:13.972315    2480 watch.go:40] Failed to load config from \"c:\\\\Users\\\\user\\\\Desktop\\\\EMPLEOS JESS\\\\dataconnect\": could not find dataconnect.yaml in `c:\\Users\\user\\Desktop\\EMPLEOS JESS\\dataconnect`\n"}}
[debug] [2026-08-31T19:06:23.975Z] E0831 15:06:23.975314    2480 watch.go:40] Failed to load config from "c:\\Users\\user\\Desktop\\EMPLEOS JESS\\dataconnect": could not find dataconnect.yaml in `c:\Users\user\Desktop\EMPLEOS JESS\dataconnect`
 {"metadata":{"emulator":{"name":"dataconnect"},"message":"E0831 15:06:23.975314    2480 watch.go:40] Failed to load config from \"c:\\\\Users\\\\user\\\\Desktop\\\\EMPLEOS JESS\\\\dataconnect\": could not find dataconnect.yaml in `c:\\Users\\user\\Desktop\\EMPLEOS JESS\\dataconnect`\n"}}
[debug] [2026-08-31T19:06:33.972Z] E0831 15:06:33.972504    2480 watch.go:116] watchAllDir unable to walk dir `c:\Users\user\Desktop\EMPLEOS JESS\dataconnect`: GetFileAttributesEx c:\Users\user\Desktop\EMPLEOS JESS\dataconnect: The system cannot find the file specified.
 {"metadata":{"emulator":{"name":"dataconnect"},"message":"E0831 15:06:33.972504    2480 watch.go:116] watchAllDir unable to walk dir `c:\\Users\\user\\Desktop\\EMPLEOS JESS\\dataconnect`: GetFileAttributesEx c:\\Users\\user\\Desktop\\EMPLEOS JESS\\dataconnect: The system cannot find the file specified.\n"}}
[debug] [2026-08-31T19:06:33.973Z] E0831 15:06:33.972504    2480 watch.go:40] Failed to load config from "c:\\Users\\user\\Desktop\\EMPLEOS JESS\\dataconnect": could not find dataconnect.yaml in `c:\Users\user\Desktop\EMPLEOS JESS\dataconnect`
 {"metadata":{"emulator":{"name":"dataconnect"},"message":"E0831 15:06:33.972504    2480 watch.go:40] Failed to load config from \"c:\\\\Users\\\\user\\\\Desktop\\\\EMPLEOS JESS\\\\dataconnect\": could not find dataconnect.yaml in `c:\\Users\\user\\Desktop\\EMPLEOS JESS\\dataconnect`\n"}}
[debug] [2026-08-31T19:06:43.972Z] E0831 15:06:43.972258    2480 watch.go:40] Failed to load config from "c:\\Users\\user\\Desktop\\EMPLEOS JESS\\dataconnect": could not find dataconnect.yaml in `c:\Users\user\Desktop\EMPLEOS JESS\dataconnect`
 {"metadata":{"emulator":{"name":"dataconnect"},"message":"E0831 15:06:43.972258    2480 watch.go:40] Failed to load config from \"c:\\\\Users\\\\user\\\\Desktop\\\\EMPLEOS JESS\\\\dataconnect\": could not find dataconnect.yaml in `c:\\Users\\user\\Desktop\\EMPLEOS JESS\\dataconnect`\n"}}
[debug] [2026-08-31T19:06:53.973Z] E0831 15:06:53.972983    2480 watch.go:40] Failed to load config from "c:\\Users\\user\\Desktop\\EMPLEOS JESS\\dataconnect": could not find dataconnect.yaml in `c:\Users\user\Desktop\EMPLEOS JESS\dataconnect`
 {"metadata":{"emulator":{"name":"dataconnect"},"message":"E0831 15:06:53.972983    2480 watch.go:40] Failed to load config from \"c:\\\\Users\\\\user\\\\Desktop\\\\EMPLEOS JESS\\\\dataconnect\": could not find dataconnect.yaml in `c:\\Users\\user\\Desktop\\EMPLEOS JESS\\dataconnect`\n"}}
[debug] [2026-08-31T19:07:03.974Z] E0831 15:07:03.973579    2480 watch.go:40] Failed to load config from "c:\\Users\\user\\Desktop\\EMPLEOS JESS\\dataconnect": could not find dataconnect.yaml in `c:\Users\user\Desktop\EMPLEOS JESS\dataconnect`
 {"metadata":{"emulator":{"name":"dataconnect"},"message":"E0831 15:07:03.973579    2480 watch.go:40] Failed to load config from \"c:\\\\Users\\\\user\\\\Desktop\\\\EMPLEOS JESS\\\\dataconnect\": could not find dataconnect.yaml in `c:\\Users\\user\\Desktop\\EMPLEOS JESS\\dataconnect`\n"}}
[debug] [2026-08-31T19:07:13.974Z] E0831 15:07:13.972599    2480 watch.go:40] Failed to load config from "c:\\Users\\user\\Desktop\\EMPLEOS JESS\\dataconnect": could not find dataconnect.yaml in `c:\Users\user\Desktop\EMPLEOS JESS\dataconnect`
 {"metadata":{"emulator":{"name":"dataconnect"},"message":"E0831 15:07:13.972599    2480 watch.go:40] Failed to load config from \"c:\\\\Users\\\\user\\\\Desktop\\\\EMPLEOS JESS\\\\dataconnect\": could not find dataconnect.yaml in `c:\\Users\\user\\Desktop\\EMPLEOS JESS\\dataconnect`\n"}}
[debug] [2026-08-31T19:07:23.973Z] E0831 15:07:23.972789    2480 watch.go:40] Failed to load config from "c:\\Users\\user\\Desktop\\EMPLEOS JESS\\dataconnect": could not find dataconnect.yaml in `c:\Users\user\Desktop\EMPLEOS JESS\dataconnect`
 {"metadata":{"emulator":{"name":"dataconnect"},"message":"E0831 15:07:23.972789    2480 watch.go:40] Failed to load config from \"c:\\\\Users\\\\user\\\\Desktop\\\\EMPLEOS JESS\\\\dataconnect\": could not find dataconnect.yaml in `c:\\Users\\user\\Desktop\\EMPLEOS JESS\\dataconnect`\n"}}
[debug] [2026-08-31T19:07:33.974Z] E0831 15:07:33.973695    2480 watch.go:116] watchAllDir unable to walk dir `c:\Users\user\Desktop\EMPLEOS JESS\dataconnect`: GetFileAttributesEx c:\Users\user\Desktop\EMPLEOS JESS\dataconnect: The system cannot find the file specified.
 {"metadata":{"emulator":{"name":"dataconnect"},"message":"E0831 15:07:33.973695    2480 watch.go:116] watchAllDir unable to walk dir `c:\\Users\\user\\Desktop\\EMPLEOS JESS\\dataconnect`: GetFileAttributesEx c:\\Users\\user\\Desktop\\EMPLEOS JESS\\dataconnect: The system cannot find the file specified.\n"}}
[debug] [2026-08-31T19:07:33.976Z] E0831 15:07:33.974791    2480 watch.go:40] Failed to load config from "c:\\Users\\user\\Desktop\\EMPLEOS JESS\\dataconnect": could not find dataconnect.yaml in `c:\Users\user\Desktop\EMPLEOS JESS\dataconnect`
 {"metadata":{"emulator":{"name":"dataconnect"},"message":"E0831 15:07:33.974791    2480 watch.go:40] Failed to load config from \"c:\\\\Users\\\\user\\\\Desktop\\\\EMPLEOS JESS\\\\dataconnect\": could not find dataconnect.yaml in `c:\\Users\\user\\Desktop\\EMPLEOS JESS\\dataconnect`\n"}}
[debug] [2026-08-31T19:07:43.979Z] E0831 15:07:43.979109    2480 watch.go:40] Failed to load config from "c:\\Users\\user\\Desktop\\EMPLEOS JESS\\dataconnect": could not find dataconnect.yaml in `c:\Users\user\Desktop\EMPLEOS JESS\dataconnect`
 {"metadata":{"emulator":{"name":"dataconnect"},"message":"E0831 15:07:43.979109    2480 watch.go:40] Failed to load config from \"c:\\\\Users\\\\user\\\\Desktop\\\\EMPLEOS JESS\\\\dataconnect\": could not find dataconnect.yaml in `c:\\Users\\user\\Desktop\\EMPLEOS JESS\\dataconnect`\n"}}
[debug] [2026-08-31T19:07:53.972Z] E0831 15:07:53.972582    2480 watch.go:40] Failed to load config from "c:\\Users\\user\\Desktop\\EMPLEOS JESS\\dataconnect": could not find dataconnect.yaml in `c:\Users\user\Desktop\EMPLEOS JESS\dataconnect`
 {"metadata":{"emulator":{"name":"dataconnect"},"message":"E0831 15:07:53.972582    2480 watch.go:40] Failed to load config from \"c:\\\\Users\\\\user\\\\Desktop\\\\EMPLEOS JESS\\\\dataconnect\": could not find dataconnect.yaml in `c:\\Users\\user\\Desktop\\EMPLEOS JESS\\dataconnect`\n"}}
[debug] [2026-08-31T19:08:03.972Z] E0831 15:08:03.972824    2480 watch.go:40] Failed to load config from "c:\\Users\\user\\Desktop\\EMPLEOS JESS\\dataconnect": could not find dataconnect.yaml in `c:\Users\user\Desktop\EMPLEOS JESS\dataconnect`
 {"metadata":{"emulator":{"name":"dataconnect"},"message":"E0831 15:08:03.972824    2480 watch.go:40] Failed to load config from \"c:\\\\Users\\\\user\\\\Desktop\\\\EMPLEOS JESS\\\\dataconnect\": could not find dataconnect.yaml in `c:\\Users\\user\\Desktop\\EMPLEOS JESS\\dataconnect`\n"}}
[debug] [2026-08-31T19:08:13.973Z] E0831 15:08:13.974172    2480 watch.go:40] Failed to load config from "c:\\Users\\user\\Desktop\\EMPLEOS JESS\\dataconnect": could not find dataconnect.yaml in `c:\Users\user\Desktop\EMPLEOS JESS\dataconnect`
 {"metadata":{"emulator":{"name":"dataconnect"},"message":"E0831 15:08:13.974172    2480 watch.go:40] Failed to load config from \"c:\\\\Users\\\\user\\\\Desktop\\\\EMPLEOS JESS\\\\dataconnect\": could not find dataconnect.yaml in `c:\\Users\\user\\Desktop\\EMPLEOS JESS\\dataconnect`\n"}}
[debug] [2026-08-31T19:08:23.974Z] E0831 15:08:23.974086    2480 watch.go:40] Failed to load config from "c:\\Users\\user\\Desktop\\EMPLEOS JESS\\dataconnect": could not find dataconnect.yaml in `c:\Users\user\Desktop\EMPLEOS JESS\dataconnect`
 {"metadata":{"emulator":{"name":"dataconnect"},"message":"E0831 15:08:23.974086    2480 watch.go:40] Failed to load config from \"c:\\\\Users\\\\user\\\\Desktop\\\\EMPLEOS JESS\\\\dataconnect\": could not find dataconnect.yaml in `c:\\Users\\user\\Desktop\\EMPLEOS JESS\\dataconnect`\n"}}
[debug] [2026-08-31T19:08:33.972Z] E0831 15:08:33.972489    2480 watch.go:116] watchAllDir unable to walk dir `c:\Users\user\Desktop\EMPLEOS JESS\dataconnect`: GetFileAttributesEx c:\Users\user\Desktop\EMPLEOS JESS\dataconnect: The system cannot find the file specified.
 {"metadata":{"emulator":{"name":"dataconnect"},"message":"E0831 15:08:33.972489    2480 watch.go:116] watchAllDir unable to walk dir `c:\\Users\\user\\Desktop\\EMPLEOS JESS\\dataconnect`: GetFileAttributesEx c:\\Users\\user\\Desktop\\EMPLEOS JESS\\dataconnect: The system cannot find the file specified.\n"}}
[debug] [2026-08-31T19:08:33.972Z] E0831 15:08:33.972489    2480 watch.go:40] Failed to load config from "c:\\Users\\user\\Desktop\\EMPLEOS JESS\\dataconnect": could not find dataconnect.yaml in `c:\Users\user\Desktop\EMPLEOS JESS\dataconnect`
 {"metadata":{"emulator":{"name":"dataconnect"},"message":"E0831 15:08:33.972489    2480 watch.go:40] Failed to load config from \"c:\\\\Users\\\\user\\\\Desktop\\\\EMPLEOS JESS\\\\dataconnect\": could not find dataconnect.yaml in `c:\\Users\\user\\Desktop\\EMPLEOS JESS\\dataconnect`\n"}}
[debug] [2026-08-31T19:08:43.974Z] E0831 15:08:43.974259    2480 watch.go:40] Failed to load config from "c:\\Users\\user\\Desktop\\EMPLEOS JESS\\dataconnect": could not find dataconnect.yaml in `c:\Users\user\Desktop\EMPLEOS JESS\dataconnect`
 {"metadata":{"emulator":{"name":"dataconnect"},"message":"E0831 15:08:43.974259    2480 watch.go:40] Failed to load config from \"c:\\\\Users\\\\user\\\\Desktop\\\\EMPLEOS JESS\\\\dataconnect\": could not find dataconnect.yaml in `c:\\Users\\user\\Desktop\\EMPLEOS JESS\\dataconnect`\n"}}
[debug] [2026-08-31T19:08:53.972Z] E0831 15:08:53.972597    2480 watch.go:40] Failed to load config from "c:\\Users\\user\\Desktop\\EMPLEOS JESS\\dataconnect": could not find dataconnect.yaml in `c:\Users\user\Desktop\EMPLEOS JESS\dataconnect`
 {"metadata":{"emulator":{"name":"dataconnect"},"message":"E0831 15:08:53.972597    2480 watch.go:40] Failed to load config from \"c:\\\\Users\\\\user\\\\Desktop\\\\EMPLEOS JESS\\\\dataconnect\": could not find dataconnect.yaml in `c:\\Users\\user\\Desktop\\EMPLEOS JESS\\dataconnect`\n"}}
[debug] [2026-08-31T19:09:03.972Z] E0831 15:09:03.972477    2480 watch.go:40] Failed to load config from "c:\\Users\\user\\Desktop\\EMPLEOS JESS\\dataconnect": could not find dataconnect.yaml in `c:\Users\user\Desktop\EMPLEOS JESS\dataconnect`
 {"metadata":{"emulator":{"name":"dataconnect"},"message":"E0831 15:09:03.972477    2480 watch.go:40] Failed to load config from \"c:\\\\Users\\\\user\\\\Desktop\\\\EMPLEOS JESS\\\\dataconnect\": could not find dataconnect.yaml in `c:\\Users\\user\\Desktop\\EMPLEOS JESS\\dataconnect`\n"}}
[debug] [2026-08-31T19:09:13.972Z] E0831 15:09:13.972326    2480 watch.go:40] Failed to load config from "c:\\Users\\user\\Desktop\\EMPLEOS JESS\\dataconnect": could not find dataconnect.yaml in `c:\Users\user\Desktop\EMPLEOS JESS\dataconnect`
 {"metadata":{"emulator":{"name":"dataconnect"},"message":"E0831 15:09:13.972326    2480 watch.go:40] Failed to load config from \"c:\\\\Users\\\\user\\\\Desktop\\\\EMPLEOS JESS\\\\dataconnect\": could not find dataconnect.yaml in `c:\\Users\\user\\Desktop\\EMPLEOS JESS\\dataconnect`\n"}}
[debug] [2026-08-31T19:09:23.973Z] E0831 15:09:23.972739    2480 watch.go:40] Failed to load config from "c:\\Users\\user\\Desktop\\EMPLEOS JESS\\dataconnect": could not find dataconnect.yaml in `c:\Users\user\Desktop\EMPLEOS JESS\dataconnect`
 {"metadata":{"emulator":{"name":"dataconnect"},"message":"E0831 15:09:23.972739    2480 watch.go:40] Failed to load config from \"c:\\\\Users\\\\user\\\\Desktop\\\\EMPLEOS JESS\\\\dataconnect\": could not find dataconnect.yaml in `c:\\Users\\user\\Desktop\\EMPLEOS JESS\\dataconnect`\n"}}
[debug] [2026-08-31T19:09:33.972Z] E0831 15:09:33.972748    2480 watch.go:116] watchAllDir unable to walk dir `c:\Users\user\Desktop\EMPLEOS JESS\dataconnect`: GetFileAttributesEx c:\Users\user\Desktop\EMPLEOS JESS\dataconnect: The system cannot find the file specified.
 {"metadata":{"emulator":{"name":"dataconnect"},"message":"E0831 15:09:33.972748    2480 watch.go:116] watchAllDir unable to walk dir `c:\\Users\\user\\Desktop\\EMPLEOS JESS\\dataconnect`: GetFileAttributesEx c:\\Users\\user\\Desktop\\EMPLEOS JESS\\dataconnect: The system cannot find the file specified.\n"}}
[debug] [2026-08-31T19:09:33.973Z] E0831 15:09:33.973304    2480 watch.go:40] Failed to load config from "c:\\Users\\user\\Desktop\\EMPLEOS JESS\\dataconnect": could not find dataconnect.yaml in `c:\Users\user\Desktop\EMPLEOS JESS\dataconnect`
 {"metadata":{"emulator":{"name":"dataconnect"},"message":"E0831 15:09:33.973304    2480 watch.go:40] Failed to load config from \"c:\\\\Users\\\\user\\\\Desktop\\\\EMPLEOS JESS\\\\dataconnect\": could not find dataconnect.yaml in `c:\\Users\\user\\Desktop\\EMPLEOS JESS\\dataconnect`\n"}}
[debug] [2026-08-31T19:09:43.973Z] E0831 15:09:43.972849    2480 watch.go:40] Failed to load config from "c:\\Users\\user\\Desktop\\EMPLEOS JESS\\dataconnect": could not find dataconnect.yaml in `c:\Users\user\Desktop\EMPLEOS JESS\dataconnect`
 {"metadata":{"emulator":{"name":"dataconnect"},"message":"E0831 15:09:43.972849    2480 watch.go:40] Failed to load config from \"c:\\\\Users\\\\user\\\\Desktop\\\\EMPLEOS JESS\\\\dataconnect\": could not find dataconnect.yaml in `c:\\Users\\user\\Desktop\\EMPLEOS JESS\\dataconnect`\n"}}
[debug] [2026-08-31T19:09:53.972Z] E0831 15:09:53.972384    2480 watch.go:40] Failed to load config from "c:\\Users\\user\\Desktop\\EMPLEOS JESS\\dataconnect": could not find dataconnect.yaml in `c:\Users\user\Desktop\EMPLEOS JESS\dataconnect`
 {"metadata":{"emulator":{"name":"dataconnect"},"message":"E0831 15:09:53.972384    2480 watch.go:40] Failed to load config from \"c:\\\\Users\\\\user\\\\Desktop\\\\EMPLEOS JESS\\\\dataconnect\": could not find dataconnect.yaml in `c:\\Users\\user\\Desktop\\EMPLEOS JESS\\dataconnect`\n"}}
[debug] [2026-08-31T19:10:03.972Z] E0831 15:10:03.973712    2480 watch.go:40] Failed to load config from "c:\\Users\\user\\Desktop\\EMPLEOS JESS\\dataconnect": could not find dataconnect.yaml in `c:\Users\user\Desktop\EMPLEOS JESS\dataconnect`
 {"metadata":{"emulator":{"name":"dataconnect"},"message":"E0831 15:10:03.973712    2480 watch.go:40] Failed to load config from \"c:\\\\Users\\\\user\\\\Desktop\\\\EMPLEOS JESS\\\\dataconnect\": could not find dataconnect.yaml in `c:\\Users\\user\\Desktop\\EMPLEOS JESS\\dataconnect`\n"}}
[debug] [2026-08-31T19:10:13.972Z] E0831 15:10:13.973812    2480 watch.go:40] Failed to load config from "c:\\Users\\user\\Desktop\\EMPLEOS JESS\\dataconnect": could not find dataconnect.yaml in `c:\Users\user\Desktop\EMPLEOS JESS\dataconnect`
 {"metadata":{"emulator":{"name":"dataconnect"},"message":"E0831 15:10:13.973812    2480 watch.go:40] Failed to load config from \"c:\\\\Users\\\\user\\\\Desktop\\\\EMPLEOS JESS\\\\dataconnect\": could not find dataconnect.yaml in `c:\\Users\\user\\Desktop\\EMPLEOS JESS\\dataconnect`\n"}}
[debug] [2026-08-31T19:10:23.971Z] E0831 15:10:23.972947    2480 watch.go:40] Failed to load config from "c:\\Users\\user\\Desktop\\EMPLEOS JESS\\dataconnect": could not find dataconnect.yaml in `c:\Users\user\Desktop\EMPLEOS JESS\dataconnect`
 {"metadata":{"emulator":{"name":"dataconnect"},"message":"E0831 15:10:23.972947    2480 watch.go:40] Failed to load config from \"c:\\\\Users\\\\user\\\\Desktop\\\\EMPLEOS JESS\\\\dataconnect\": could not find dataconnect.yaml in `c:\\Users\\user\\Desktop\\EMPLEOS JESS\\dataconnect`\n"}}
[debug] [2026-08-31T19:10:33.972Z] E0831 15:10:33.973226    2480 watch.go:116] watchAllDir unable to walk dir `c:\Users\user\Desktop\EMPLEOS JESS\dataconnect`: GetFileAttributesEx c:\Users\user\Desktop\EMPLEOS JESS\dataconnect: The system cannot find the file specified.
 {"metadata":{"emulator":{"name":"dataconnect"},"message":"E0831 15:10:33.973226    2480 watch.go:116] watchAllDir unable to walk dir `c:\\Users\\user\\Desktop\\EMPLEOS JESS\\dataconnect`: GetFileAttributesEx c:\\Users\\user\\Desktop\\EMPLEOS JESS\\dataconnect: The system cannot find the file specified.\n"}}
[debug] [2026-08-31T19:10:33.973Z] E0831 15:10:33.973685    2480 watch.go:40] Failed to load config from "c:\\Users\\user\\Desktop\\EMPLEOS JESS\\dataconnect": could not find dataconnect.yaml in `c:\Users\user\Desktop\EMPLEOS JESS\dataconnect`
 {"metadata":{"emulator":{"name":"dataconnect"},"message":"E0831 15:10:33.973685    2480 watch.go:40] Failed to load config from \"c:\\\\Users\\\\user\\\\Desktop\\\\EMPLEOS JESS\\\\dataconnect\": could not find dataconnect.yaml in `c:\\Users\\user\\Desktop\\EMPLEOS JESS\\dataconnect`\n"}}
[debug] [2026-08-31T19:10:43.971Z] E0831 15:10:43.972400    2480 watch.go:40] Failed to load config from "c:\\Users\\user\\Desktop\\EMPLEOS JESS\\dataconnect": could not find dataconnect.yaml in `c:\Users\user\Desktop\EMPLEOS JESS\dataconnect`
 {"metadata":{"emulator":{"name":"dataconnect"},"message":"E0831 15:10:43.972400    2480 watch.go:40] Failed to load config from \"c:\\\\Users\\\\user\\\\Desktop\\\\EMPLEOS JESS\\\\dataconnect\": could not find dataconnect.yaml in `c:\\Users\\user\\Desktop\\EMPLEOS JESS\\dataconnect`\n"}}
[debug] [2026-08-31T19:10:53.971Z] E0831 15:10:53.972200    2480 watch.go:40] Failed to load config from "c:\\Users\\user\\Desktop\\EMPLEOS JESS\\dataconnect": could not find dataconnect.yaml in `c:\Users\user\Desktop\EMPLEOS JESS\dataconnect`
 {"metadata":{"emulator":{"name":"dataconnect"},"message":"E0831 15:10:53.972200    2480 watch.go:40] Failed to load config from \"c:\\\\Users\\\\user\\\\Desktop\\\\EMPLEOS JESS\\\\dataconnect\": could not find dataconnect.yaml in `c:\\Users\\user\\Desktop\\EMPLEOS JESS\\dataconnect`\n"}}
[debug] [2026-08-31T19:11:03.972Z] E0831 15:11:03.972206    2480 watch.go:40] Failed to load config from "c:\\Users\\user\\Desktop\\EMPLEOS JESS\\dataconnect": could not find dataconnect.yaml in `c:\Users\user\Desktop\EMPLEOS JESS\dataconnect`
 {"metadata":{"emulator":{"name":"dataconnect"},"message":"E0831 15:11:03.972206    2480 watch.go:40] Failed to load config from \"c:\\\\Users\\\\user\\\\Desktop\\\\EMPLEOS JESS\\\\dataconnect\": could not find dataconnect.yaml in `c:\\Users\\user\\Desktop\\EMPLEOS JESS\\dataconnect`\n"}}
[debug] [2026-08-31T19:11:13.972Z] E0831 15:11:13.972291    2480 watch.go:40] Failed to load config from "c:\\Users\\user\\Desktop\\EMPLEOS JESS\\dataconnect": could not find dataconnect.yaml in `c:\Users\user\Desktop\EMPLEOS JESS\dataconnect`
 {"metadata":{"emulator":{"name":"dataconnect"},"message":"E0831 15:11:13.972291    2480 watch.go:40] Failed to load config from \"c:\\\\Users\\\\user\\\\Desktop\\\\EMPLEOS JESS\\\\dataconnect\": could not find dataconnect.yaml in `c:\\Users\\user\\Desktop\\EMPLEOS JESS\\dataconnect`\n"}}
[debug] [2026-08-31T19:11:23.973Z] E0831 15:11:23.972751    2480 watch.go:40] Failed to load config from "c:\\Users\\user\\Desktop\\EMPLEOS JESS\\dataconnect": could not find dataconnect.yaml in `c:\Users\user\Desktop\EMPLEOS JESS\dataconnect`
 {"metadata":{"emulator":{"name":"dataconnect"},"message":"E0831 15:11:23.972751    2480 watch.go:40] Failed to load config from \"c:\\\\Users\\\\user\\\\Desktop\\\\EMPLEOS JESS\\\\dataconnect\": could not find dataconnect.yaml in `c:\\Users\\user\\Desktop\\EMPLEOS JESS\\dataconnect`\n"}}
[debug] [2026-08-31T19:11:33.974Z] E0831 15:11:33.974083    2480 watch.go:116] watchAllDir unable to walk dir `c:\Users\user\Desktop\EMPLEOS JESS\dataconnect`: GetFileAttributesEx c:\Users\user\Desktop\EMPLEOS JESS\dataconnect: The system cannot find the file specified.
 {"metadata":{"emulator":{"name":"dataconnect"},"message":"E0831 15:11:33.974083    2480 watch.go:116] watchAllDir unable to walk dir `c:\\Users\\user\\Desktop\\EMPLEOS JESS\\dataconnect`: GetFileAttributesEx c:\\Users\\user\\Desktop\\EMPLEOS JESS\\dataconnect: The system cannot find the file specified.\n"}}
[debug] [2026-08-31T19:11:33.975Z] E0831 15:11:33.974083    2480 watch.go:40] Failed to load config from "c:\\Users\\user\\Desktop\\EMPLEOS JESS\\dataconnect": could not find dataconnect.yaml in `c:\Users\user\Desktop\EMPLEOS JESS\dataconnect`
 {"metadata":{"emulator":{"name":"dataconnect"},"message":"E0831 15:11:33.974083    2480 watch.go:40] Failed to load config from \"c:\\\\Users\\\\user\\\\Desktop\\\\EMPLEOS JESS\\\\dataconnect\": could not find dataconnect.yaml in `c:\\Users\\user\\Desktop\\EMPLEOS JESS\\dataconnect`\n"}}
[debug] [2026-08-31T19:11:43.974Z] E0831 15:11:43.974514    2480 watch.go:40] Failed to load config from "c:\\Users\\user\\Desktop\\EMPLEOS JESS\\dataconnect": could not find dataconnect.yaml in `c:\Users\user\Desktop\EMPLEOS JESS\dataconnect`
 {"metadata":{"emulator":{"name":"dataconnect"},"message":"E0831 15:11:43.974514    2480 watch.go:40] Failed to load config from \"c:\\\\Users\\\\user\\\\Desktop\\\\EMPLEOS JESS\\\\dataconnect\": could not find dataconnect.yaml in `c:\\Users\\user\\Desktop\\EMPLEOS JESS\\dataconnect`\n"}}
[debug] [2026-08-31T19:11:53.973Z] E0831 15:11:53.972950    2480 watch.go:40] Failed to load config from "c:\\Users\\user\\Desktop\\EMPLEOS JESS\\dataconnect": could not find dataconnect.yaml in `c:\Users\user\Desktop\EMPLEOS JESS\dataconnect`
 {"metadata":{"emulator":{"name":"dataconnect"},"message":"E0831 15:11:53.972950    2480 watch.go:40] Failed to load config from \"c:\\\\Users\\\\user\\\\Desktop\\\\EMPLEOS JESS\\\\dataconnect\": could not find dataconnect.yaml in `c:\\Users\\user\\Desktop\\EMPLEOS JESS\\dataconnect`\n"}}
[debug] [2026-08-31T19:12:03.972Z] E0831 15:12:03.972088    2480 watch.go:40] Failed to load config from "c:\\Users\\user\\Desktop\\EMPLEOS JESS\\dataconnect": could not find dataconnect.yaml in `c:\Users\user\Desktop\EMPLEOS JESS\dataconnect`
 {"metadata":{"emulator":{"name":"dataconnect"},"message":"E0831 15:12:03.972088    2480 watch.go:40] Failed to load config from \"c:\\\\Users\\\\user\\\\Desktop\\\\EMPLEOS JESS\\\\dataconnect\": could not find dataconnect.yaml in `c:\\Users\\user\\Desktop\\EMPLEOS JESS\\dataconnect`\n"}}
[debug] [2026-08-31T19:12:13.972Z] E0831 15:12:13.972173    2480 watch.go:40] Failed to load config from "c:\\Users\\user\\Desktop\\EMPLEOS JESS\\dataconnect": could not find dataconnect.yaml in `c:\Users\user\Desktop\EMPLEOS JESS\dataconnect`
 {"metadata":{"emulator":{"name":"dataconnect"},"message":"E0831 15:12:13.972173    2480 watch.go:40] Failed to load config from \"c:\\\\Users\\\\user\\\\Desktop\\\\EMPLEOS JESS\\\\dataconnect\": could not find dataconnect.yaml in `c:\\Users\\user\\Desktop\\EMPLEOS JESS\\dataconnect`\n"}}
[debug] [2026-08-31T19:12:23.972Z] E0831 15:12:23.972392    2480 watch.go:40] Failed to load config from "c:\\Users\\user\\Desktop\\EMPLEOS JESS\\dataconnect": could not find dataconnect.yaml in `c:\Users\user\Desktop\EMPLEOS JESS\dataconnect`
 {"metadata":{"emulator":{"name":"dataconnect"},"message":"E0831 15:12:23.972392    2480 watch.go:40] Failed to load config from \"c:\\\\Users\\\\user\\\\Desktop\\\\EMPLEOS JESS\\\\dataconnect\": could not find dataconnect.yaml in `c:\\Users\\user\\Desktop\\EMPLEOS JESS\\dataconnect`\n"}}
[debug] [2026-08-31T19:12:33.973Z] E0831 15:12:33.972982    2480 watch.go:116] watchAllDir unable to walk dir `c:\Users\user\Desktop\EMPLEOS JESS\dataconnect`: GetFileAttributesEx c:\Users\user\Desktop\EMPLEOS JESS\dataconnect: The system cannot find the file specified.
 {"metadata":{"emulator":{"name":"dataconnect"},"message":"E0831 15:12:33.972982    2480 watch.go:116] watchAllDir unable to walk dir `c:\\Users\\user\\Desktop\\EMPLEOS JESS\\dataconnect`: GetFileAttributesEx c:\\Users\\user\\Desktop\\EMPLEOS JESS\\dataconnect: The system cannot find the file specified.\n"}}
[debug] [2026-08-31T19:12:33.973Z] E0831 15:12:33.972982    2480 watch.go:40] Failed to load config from "c:\\Users\\user\\Desktop\\EMPLEOS JESS\\dataconnect": could not find dataconnect.yaml in `c:\Users\user\Desktop\EMPLEOS JESS\dataconnect`
 {"metadata":{"emulator":{"name":"dataconnect"},"message":"E0831 15:12:33.972982    2480 watch.go:40] Failed to load config from \"c:\\\\Users\\\\user\\\\Desktop\\\\EMPLEOS JESS\\\\dataconnect\": could not find dataconnect.yaml in `c:\\Users\\user\\Desktop\\EMPLEOS JESS\\dataconnect`\n"}}
[debug] [2026-08-31T19:12:43.973Z] E0831 15:12:43.973276    2480 watch.go:40] Failed to load config from "c:\\Users\\user\\Desktop\\EMPLEOS JESS\\dataconnect": could not find dataconnect.yaml in `c:\Users\user\Desktop\EMPLEOS JESS\dataconnect`
 {"metadata":{"emulator":{"name":"dataconnect"},"message":"E0831 15:12:43.973276    2480 watch.go:40] Failed to load config from \"c:\\\\Users\\\\user\\\\Desktop\\\\EMPLEOS JESS\\\\dataconnect\": could not find dataconnect.yaml in `c:\\Users\\user\\Desktop\\EMPLEOS JESS\\dataconnect`\n"}}
[debug] [2026-08-31T19:12:53.974Z] E0831 15:12:53.973710    2480 watch.go:40] Failed to load config from "c:\\Users\\user\\Desktop\\EMPLEOS JESS\\dataconnect": could not find dataconnect.yaml in `c:\Users\user\Desktop\EMPLEOS JESS\dataconnect`
 {"metadata":{"emulator":{"name":"dataconnect"},"message":"E0831 15:12:53.973710    2480 watch.go:40] Failed to load config from \"c:\\\\Users\\\\user\\\\Desktop\\\\EMPLEOS JESS\\\\dataconnect\": could not find dataconnect.yaml in `c:\\Users\\user\\Desktop\\EMPLEOS JESS\\dataconnect`\n"}}
[debug] [2026-08-31T19:13:03.974Z] E0831 15:13:03.973740    2480 watch.go:40] Failed to load config from "c:\\Users\\user\\Desktop\\EMPLEOS JESS\\dataconnect": could not find dataconnect.yaml in `c:\Users\user\Desktop\EMPLEOS JESS\dataconnect`
 {"metadata":{"emulator":{"name":"dataconnect"},"message":"E0831 15:13:03.973740    2480 watch.go:40] Failed to load config from \"c:\\\\Users\\\\user\\\\Desktop\\\\EMPLEOS JESS\\\\dataconnect\": could not find dataconnect.yaml in `c:\\Users\\user\\Desktop\\EMPLEOS JESS\\dataconnect`\n"}}
[debug] [2026-08-31T19:13:13.974Z] E0831 15:13:13.973813    2480 watch.go:40] Failed to load config from "c:\\Users\\user\\Desktop\\EMPLEOS JESS\\dataconnect": could not find dataconnect.yaml in `c:\Users\user\Desktop\EMPLEOS JESS\dataconnect`
 {"metadata":{"emulator":{"name":"dataconnect"},"message":"E0831 15:13:13.973813    2480 watch.go:40] Failed to load config from \"c:\\\\Users\\\\user\\\\Desktop\\\\EMPLEOS JESS\\\\dataconnect\": could not find dataconnect.yaml in `c:\\Users\\user\\Desktop\\EMPLEOS JESS\\dataconnect`\n"}}
[debug] [2026-08-31T19:13:23.972Z] E0831 15:13:23.972444    2480 watch.go:40] Failed to load config from "c:\\Users\\user\\Desktop\\EMPLEOS JESS\\dataconnect": could not find dataconnect.yaml in `c:\Users\user\Desktop\EMPLEOS JESS\dataconnect`
 {"metadata":{"emulator":{"name":"dataconnect"},"message":"E0831 15:13:23.972444    2480 watch.go:40] Failed to load config from \"c:\\\\Users\\\\user\\\\Desktop\\\\EMPLEOS JESS\\\\dataconnect\": could not find dataconnect.yaml in `c:\\Users\\user\\Desktop\\EMPLEOS JESS\\dataconnect`\n"}}
[debug] [2026-08-31T19:13:33.973Z] E0831 15:13:33.973131    2480 watch.go:116] watchAllDir unable to walk dir `c:\Users\user\Desktop\EMPLEOS JESS\dataconnect`: GetFileAttributesEx c:\Users\user\Desktop\EMPLEOS JESS\dataconnect: The system cannot find the file specified.
 {"metadata":{"emulator":{"name":"dataconnect"},"message":"E0831 15:13:33.973131    2480 watch.go:116] watchAllDir unable to walk dir `c:\\Users\\user\\Desktop\\EMPLEOS JESS\\dataconnect`: GetFileAttributesEx c:\\Users\\user\\Desktop\\EMPLEOS JESS\\dataconnect: The system cannot find the file specified.\n"}}
[debug] [2026-08-31T19:13:33.973Z] E0831 15:13:33.973131    2480 watch.go:40] Failed to load config from "c:\\Users\\user\\Desktop\\EMPLEOS JESS\\dataconnect": could not find dataconnect.yaml in `c:\Users\user\Desktop\EMPLEOS JESS\dataconnect`
 {"metadata":{"emulator":{"name":"dataconnect"},"message":"E0831 15:13:33.973131    2480 watch.go:40] Failed to load config from \"c:\\\\Users\\\\user\\\\Desktop\\\\EMPLEOS JESS\\\\dataconnect\": could not find dataconnect.yaml in `c:\\Users\\user\\Desktop\\EMPLEOS JESS\\dataconnect`\n"}}
[debug] [2026-08-31T19:13:43.973Z] E0831 15:13:43.972649    2480 watch.go:40] Failed to load config from "c:\\Users\\user\\Desktop\\EMPLEOS JESS\\dataconnect": could not find dataconnect.yaml in `c:\Users\user\Desktop\EMPLEOS JESS\dataconnect`
 {"metadata":{"emulator":{"name":"dataconnect"},"message":"E0831 15:13:43.972649    2480 watch.go:40] Failed to load config from \"c:\\\\Users\\\\user\\\\Desktop\\\\EMPLEOS JESS\\\\dataconnect\": could not find dataconnect.yaml in `c:\\Users\\user\\Desktop\\EMPLEOS JESS\\dataconnect`\n"}}
[debug] [2026-08-31T19:13:53.973Z] E0831 15:13:53.972655    2480 watch.go:40] Failed to load config from "c:\\Users\\user\\Desktop\\EMPLEOS JESS\\dataconnect": could not find dataconnect.yaml in `c:\Users\user\Desktop\EMPLEOS JESS\dataconnect`
 {"metadata":{"emulator":{"name":"dataconnect"},"message":"E0831 15:13:53.972655    2480 watch.go:40] Failed to load config from \"c:\\\\Users\\\\user\\\\Desktop\\\\EMPLEOS JESS\\\\dataconnect\": could not find dataconnect.yaml in `c:\\Users\\user\\Desktop\\EMPLEOS JESS\\dataconnect`\n"}}
[debug] [2026-08-31T19:14:03.973Z] E0831 15:14:03.973168    2480 watch.go:40] Failed to load config from "c:\\Users\\user\\Desktop\\EMPLEOS JESS\\dataconnect": could not find dataconnect.yaml in `c:\Users\user\Desktop\EMPLEOS JESS\dataconnect`
 {"metadata":{"emulator":{"name":"dataconnect"},"message":"E0831 15:14:03.973168    2480 watch.go:40] Failed to load config from \"c:\\\\Users\\\\user\\\\Desktop\\\\EMPLEOS JESS\\\\dataconnect\": could not find dataconnect.yaml in `c:\\Users\\user\\Desktop\\EMPLEOS JESS\\dataconnect`\n"}}
[debug] [2026-08-31T19:14:13.971Z] E0831 15:14:13.972852    2480 watch.go:40] Failed to load config from "c:\\Users\\user\\Desktop\\EMPLEOS JESS\\dataconnect": could not find dataconnect.yaml in `c:\Users\user\Desktop\EMPLEOS JESS\dataconnect`
 {"metadata":{"emulator":{"name":"dataconnect"},"message":"E0831 15:14:13.972852    2480 watch.go:40] Failed to load config from \"c:\\\\Users\\\\user\\\\Desktop\\\\EMPLEOS JESS\\\\dataconnect\": could not find dataconnect.yaml in `c:\\Users\\user\\Desktop\\EMPLEOS JESS\\dataconnect`\n"}}
[debug] [2026-08-31T19:14:23.973Z] E0831 15:14:23.974723    2480 watch.go:40] Failed to load config from "c:\\Users\\user\\Desktop\\EMPLEOS JESS\\dataconnect": could not find dataconnect.yaml in `c:\Users\user\Desktop\EMPLEOS JESS\dataconnect`
 {"metadata":{"emulator":{"name":"dataconnect"},"message":"E0831 15:14:23.974723    2480 watch.go:40] Failed to load config from \"c:\\\\Users\\\\user\\\\Desktop\\\\EMPLEOS JESS\\\\dataconnect\": could not find dataconnect.yaml in `c:\\Users\\user\\Desktop\\EMPLEOS JESS\\dataconnect`\n"}}
[debug] [2026-08-31T19:14:33.971Z] E0831 15:14:33.972662    2480 watch.go:116] watchAllDir unable to walk dir `c:\Users\user\Desktop\EMPLEOS JESS\dataconnect`: GetFileAttributesEx c:\Users\user\Desktop\EMPLEOS JESS\dataconnect: The system cannot find the file specified.
 {"metadata":{"emulator":{"name":"dataconnect"},"message":"E0831 15:14:33.972662    2480 watch.go:116] watchAllDir unable to walk dir `c:\\Users\\user\\Desktop\\EMPLEOS JESS\\dataconnect`: GetFileAttributesEx c:\\Users\\user\\Desktop\\EMPLEOS JESS\\dataconnect: The system cannot find the file specified.\n"}}
[debug] [2026-08-31T19:14:33.973Z] E0831 15:14:33.973244    2480 watch.go:40] Failed to load config from "c:\\Users\\user\\Desktop\\EMPLEOS JESS\\dataconnect": could not find dataconnect.yaml in `c:\Users\user\Desktop\EMPLEOS JESS\dataconnect`
 {"metadata":{"emulator":{"name":"dataconnect"},"message":"E0831 15:14:33.973244    2480 watch.go:40] Failed to load config from \"c:\\\\Users\\\\user\\\\Desktop\\\\EMPLEOS JESS\\\\dataconnect\": could not find dataconnect.yaml in `c:\\Users\\user\\Desktop\\EMPLEOS JESS\\dataconnect`\n"}}
[debug] [2026-08-31T19:14:43.972Z] E0831 15:14:43.972419    2480 watch.go:40] Failed to load config from "c:\\Users\\user\\Desktop\\EMPLEOS JESS\\dataconnect": could not find dataconnect.yaml in `c:\Users\user\Desktop\EMPLEOS JESS\dataconnect`
 {"metadata":{"emulator":{"name":"dataconnect"},"message":"E0831 15:14:43.972419    2480 watch.go:40] Failed to load config from \"c:\\\\Users\\\\user\\\\Desktop\\\\EMPLEOS JESS\\\\dataconnect\": could not find dataconnect.yaml in `c:\\Users\\user\\Desktop\\EMPLEOS JESS\\dataconnect`\n"}}
[debug] [2026-08-31T19:14:53.971Z] E0831 15:14:53.972828    2480 watch.go:40] Failed to load config from "c:\\Users\\user\\Desktop\\EMPLEOS JESS\\dataconnect": could not find dataconnect.yaml in `c:\Users\user\Desktop\EMPLEOS JESS\dataconnect`
 {"metadata":{"emulator":{"name":"dataconnect"},"message":"E0831 15:14:53.972828    2480 watch.go:40] Failed to load config from \"c:\\\\Users\\\\user\\\\Desktop\\\\EMPLEOS JESS\\\\dataconnect\": could not find dataconnect.yaml in `c:\\Users\\user\\Desktop\\EMPLEOS JESS\\dataconnect`\n"}}
[debug] [2026-08-31T19:15:03.971Z] E0831 15:15:03.972474    2480 watch.go:40] Failed to load config from "c:\\Users\\user\\Desktop\\EMPLEOS JESS\\dataconnect": could not find dataconnect.yaml in `c:\Users\user\Desktop\EMPLEOS JESS\dataconnect`
 {"metadata":{"emulator":{"name":"dataconnect"},"message":"E0831 15:15:03.972474    2480 watch.go:40] Failed to load config from \"c:\\\\Users\\\\user\\\\Desktop\\\\EMPLEOS JESS\\\\dataconnect\": could not find dataconnect.yaml in `c:\\Users\\user\\Desktop\\EMPLEOS JESS\\dataconnect`\n"}}
[debug] [2026-08-31T19:15:13.972Z] E0831 15:15:13.972128    2480 watch.go:40] Failed to load config from "c:\\Users\\user\\Desktop\\EMPLEOS JESS\\dataconnect": could not find dataconnect.yaml in `c:\Users\user\Desktop\EMPLEOS JESS\dataconnect`
 {"metadata":{"emulator":{"name":"dataconnect"},"message":"E0831 15:15:13.972128    2480 watch.go:40] Failed to load config from \"c:\\\\Users\\\\user\\\\Desktop\\\\EMPLEOS JESS\\\\dataconnect\": could not find dataconnect.yaml in `c:\\Users\\user\\Desktop\\EMPLEOS JESS\\dataconnect`\n"}}
[debug] [2026-08-31T19:15:23.973Z] E0831 15:15:23.972905    2480 watch.go:40] Failed to load config from "c:\\Users\\user\\Desktop\\EMPLEOS JESS\\dataconnect": could not find dataconnect.yaml in `c:\Users\user\Desktop\EMPLEOS JESS\dataconnect`
 {"metadata":{"emulator":{"name":"dataconnect"},"message":"E0831 15:15:23.972905    2480 watch.go:40] Failed to load config from \"c:\\\\Users\\\\user\\\\Desktop\\\\EMPLEOS JESS\\\\dataconnect\": could not find dataconnect.yaml in `c:\\Users\\user\\Desktop\\EMPLEOS JESS\\dataconnect`\n"}}
[debug] [2026-08-31T19:15:33.973Z] E0831 15:15:33.973428    2480 watch.go:116] watchAllDir unable to walk dir `c:\Users\user\Desktop\EMPLEOS JESS\dataconnect`: GetFileAttributesEx c:\Users\user\Desktop\EMPLEOS JESS\dataconnect: The system cannot find the file specified.
 {"metadata":{"emulator":{"name":"dataconnect"},"message":"E0831 15:15:33.973428    2480 watch.go:116] watchAllDir unable to walk dir `c:\\Users\\user\\Desktop\\EMPLEOS JESS\\dataconnect`: GetFileAttributesEx c:\\Users\\user\\Desktop\\EMPLEOS JESS\\dataconnect: The system cannot find the file specified.\n"}}
[debug] [2026-08-31T19:15:33.975Z] E0831 15:15:33.974451    2480 watch.go:40] Failed to load config from "c:\\Users\\user\\Desktop\\EMPLEOS JESS\\dataconnect": could not find dataconnect.yaml in `c:\Users\user\Desktop\EMPLEOS JESS\dataconnect`
 {"metadata":{"emulator":{"name":"dataconnect"},"message":"E0831 15:15:33.974451    2480 watch.go:40] Failed to load config from \"c:\\\\Users\\\\user\\\\Desktop\\\\EMPLEOS JESS\\\\dataconnect\": could not find dataconnect.yaml in `c:\\Users\\user\\Desktop\\EMPLEOS JESS\\dataconnect`\n"}}
[debug] [2026-08-31T19:15:43.974Z] E0831 15:15:43.974401    2480 watch.go:40] Failed to load config from "c:\\Users\\user\\Desktop\\EMPLEOS JESS\\dataconnect": could not find dataconnect.yaml in `c:\Users\user\Desktop\EMPLEOS JESS\dataconnect`
 {"metadata":{"emulator":{"name":"dataconnect"},"message":"E0831 15:15:43.974401    2480 watch.go:40] Failed to load config from \"c:\\\\Users\\\\user\\\\Desktop\\\\EMPLEOS JESS\\\\dataconnect\": could not find dataconnect.yaml in `c:\\Users\\user\\Desktop\\EMPLEOS JESS\\dataconnect`\n"}}
[debug] [2026-08-31T19:15:53.982Z] E0831 15:15:53.981934    2480 watch.go:40] Failed to load config from "c:\\Users\\user\\Desktop\\EMPLEOS JESS\\dataconnect": could not find dataconnect.yaml in `c:\Users\user\Desktop\EMPLEOS JESS\dataconnect`
 {"metadata":{"emulator":{"name":"dataconnect"},"message":"E0831 15:15:53.981934    2480 watch.go:40] Failed to load config from \"c:\\\\Users\\\\user\\\\Desktop\\\\EMPLEOS JESS\\\\dataconnect\": could not find dataconnect.yaml in `c:\\Users\\user\\Desktop\\EMPLEOS JESS\\dataconnect`\n"}}
[debug] [2026-08-31T19:16:03.972Z] E0831 15:16:03.972405    2480 watch.go:40] Failed to load config from "c:\\Users\\user\\Desktop\\EMPLEOS JESS\\dataconnect": could not find dataconnect.yaml in `c:\Users\user\Desktop\EMPLEOS JESS\dataconnect`
 {"metadata":{"emulator":{"name":"dataconnect"},"message":"E0831 15:16:03.972405    2480 watch.go:40] Failed to load config from \"c:\\\\Users\\\\user\\\\Desktop\\\\EMPLEOS JESS\\\\dataconnect\": could not find dataconnect.yaml in `c:\\Users\\user\\Desktop\\EMPLEOS JESS\\dataconnect`\n"}}
[debug] [2026-08-31T19:16:13.973Z] E0831 15:16:13.972512    2480 watch.go:40] Failed to load config from "c:\\Users\\user\\Desktop\\EMPLEOS JESS\\dataconnect": could not find dataconnect.yaml in `c:\Users\user\Desktop\EMPLEOS JESS\dataconnect`
 {"metadata":{"emulator":{"name":"dataconnect"},"message":"E0831 15:16:13.972512    2480 watch.go:40] Failed to load config from \"c:\\\\Users\\\\user\\\\Desktop\\\\EMPLEOS JESS\\\\dataconnect\": could not find dataconnect.yaml in `c:\\Users\\user\\Desktop\\EMPLEOS JESS\\dataconnect`\n"}}
[debug] [2026-08-31T19:16:23.973Z] E0831 15:16:23.973163    2480 watch.go:40] Failed to load config from "c:\\Users\\user\\Desktop\\EMPLEOS JESS\\dataconnect": could not find dataconnect.yaml in `c:\Users\user\Desktop\EMPLEOS JESS\dataconnect`
 {"metadata":{"emulator":{"name":"dataconnect"},"message":"E0831 15:16:23.973163    2480 watch.go:40] Failed to load config from \"c:\\\\Users\\\\user\\\\Desktop\\\\EMPLEOS JESS\\\\dataconnect\": could not find dataconnect.yaml in `c:\\Users\\user\\Desktop\\EMPLEOS JESS\\dataconnect`\n"}}
[debug] [2026-08-31T19:16:33.974Z] E0831 15:16:33.973858    2480 watch.go:116] watchAllDir unable to walk dir `c:\Users\user\Desktop\EMPLEOS JESS\dataconnect`: GetFileAttributesEx c:\Users\user\Desktop\EMPLEOS JESS\dataconnect: The system cannot find the file specified.
 {"metadata":{"emulator":{"name":"dataconnect"},"message":"E0831 15:16:33.973858    2480 watch.go:116] watchAllDir unable to walk dir `c:\\Users\\user\\Desktop\\EMPLEOS JESS\\dataconnect`: GetFileAttributesEx c:\\Users\\user\\Desktop\\EMPLEOS JESS\\dataconnect: The system cannot find the file specified.\n"}}
[debug] [2026-08-31T19:16:33.975Z] E0831 15:16:33.973858    2480 watch.go:40] Failed to load config from "c:\\Users\\user\\Desktop\\EMPLEOS JESS\\dataconnect": could not find dataconnect.yaml in `c:\Users\user\Desktop\EMPLEOS JESS\dataconnect`
 {"metadata":{"emulator":{"name":"dataconnect"},"message":"E0831 15:16:33.973858    2480 watch.go:40] Failed to load config from \"c:\\\\Users\\\\user\\\\Desktop\\\\EMPLEOS JESS\\\\dataconnect\": could not find dataconnect.yaml in `c:\\Users\\user\\Desktop\\EMPLEOS JESS\\dataconnect`\n"}}
[debug] [2026-08-31T19:16:43.974Z] E0831 15:16:43.973671    2480 watch.go:40] Failed to load config from "c:\\Users\\user\\Desktop\\EMPLEOS JESS\\dataconnect": could not find dataconnect.yaml in `c:\Users\user\Desktop\EMPLEOS JESS\dataconnect`
 {"metadata":{"emulator":{"name":"dataconnect"},"message":"E0831 15:16:43.973671    2480 watch.go:40] Failed to load config from \"c:\\\\Users\\\\user\\\\Desktop\\\\EMPLEOS JESS\\\\dataconnect\": could not find dataconnect.yaml in `c:\\Users\\user\\Desktop\\EMPLEOS JESS\\dataconnect`\n"}}
[debug] [2026-08-31T19:16:53.973Z] E0831 15:16:53.972442    2480 watch.go:40] Failed to load config from "c:\\Users\\user\\Desktop\\EMPLEOS JESS\\dataconnect": could not find dataconnect.yaml in `c:\Users\user\Desktop\EMPLEOS JESS\dataconnect`
 {"metadata":{"emulator":{"name":"dataconnect"},"message":"E0831 15:16:53.972442    2480 watch.go:40] Failed to load config from \"c:\\\\Users\\\\user\\\\Desktop\\\\EMPLEOS JESS\\\\dataconnect\": could not find dataconnect.yaml in `c:\\Users\\user\\Desktop\\EMPLEOS JESS\\dataconnect`\n"}}
[debug] [2026-08-31T19:17:03.974Z] E0831 15:17:03.973496    2480 watch.go:40] Failed to load config from "c:\\Users\\user\\Desktop\\EMPLEOS JESS\\dataconnect": could not find dataconnect.yaml in `c:\Users\user\Desktop\EMPLEOS JESS\dataconnect`
 {"metadata":{"emulator":{"name":"dataconnect"},"message":"E0831 15:17:03.973496    2480 watch.go:40] Failed to load config from \"c:\\\\Users\\\\user\\\\Desktop\\\\EMPLEOS JESS\\\\dataconnect\": could not find dataconnect.yaml in `c:\\Users\\user\\Desktop\\EMPLEOS JESS\\dataconnect`\n"}}
[debug] [2026-08-31T19:17:13.972Z] E0831 15:17:13.972714    2480 watch.go:40] Failed to load config from "c:\\Users\\user\\Desktop\\EMPLEOS JESS\\dataconnect": could not find dataconnect.yaml in `c:\Users\user\Desktop\EMPLEOS JESS\dataconnect`
 {"metadata":{"emulator":{"name":"dataconnect"},"message":"E0831 15:17:13.972714    2480 watch.go:40] Failed to load config from \"c:\\\\Users\\\\user\\\\Desktop\\\\EMPLEOS JESS\\\\dataconnect\": could not find dataconnect.yaml in `c:\\Users\\user\\Desktop\\EMPLEOS JESS\\dataconnect`\n"}}
[debug] [2026-08-31T19:17:23.972Z] E0831 15:17:23.973301    2480 watch.go:40] Failed to load config from "c:\\Users\\user\\Desktop\\EMPLEOS JESS\\dataconnect": could not find dataconnect.yaml in `c:\Users\user\Desktop\EMPLEOS JESS\dataconnect`
 {"metadata":{"emulator":{"name":"dataconnect"},"message":"E0831 15:17:23.973301    2480 watch.go:40] Failed to load config from \"c:\\\\Users\\\\user\\\\Desktop\\\\EMPLEOS JESS\\\\dataconnect\": could not find dataconnect.yaml in `c:\\Users\\user\\Desktop\\EMPLEOS JESS\\dataconnect`\n"}}
[debug] [2026-08-31T19:17:33.971Z] E0831 15:17:33.972630    2480 watch.go:116] watchAllDir unable to walk dir `c:\Users\user\Desktop\EMPLEOS JESS\dataconnect`: GetFileAttributesEx c:\Users\user\Desktop\EMPLEOS JESS\dataconnect: The system cannot find the file specified.
 {"metadata":{"emulator":{"name":"dataconnect"},"message":"E0831 15:17:33.972630    2480 watch.go:116] watchAllDir unable to walk dir `c:\\Users\\user\\Desktop\\EMPLEOS JESS\\dataconnect`: GetFileAttributesEx c:\\Users\\user\\Desktop\\EMPLEOS JESS\\dataconnect: The system cannot find the file specified.\n"}}
[debug] [2026-08-31T19:17:33.972Z] E0831 15:17:33.973189    2480 watch.go:40] Failed to load config from "c:\\Users\\user\\Desktop\\EMPLEOS JESS\\dataconnect": could not find dataconnect.yaml in `c:\Users\user\Desktop\EMPLEOS JESS\dataconnect`
 {"metadata":{"emulator":{"name":"dataconnect"},"message":"E0831 15:17:33.973189    2480 watch.go:40] Failed to load config from \"c:\\\\Users\\\\user\\\\Desktop\\\\EMPLEOS JESS\\\\dataconnect\": could not find dataconnect.yaml in `c:\\Users\\user\\Desktop\\EMPLEOS JESS\\dataconnect`\n"}}
[debug] [2026-08-31T19:17:43.971Z] E0831 15:17:43.972457    2480 watch.go:40] Failed to load config from "c:\\Users\\user\\Desktop\\EMPLEOS JESS\\dataconnect": could not find dataconnect.yaml in `c:\Users\user\Desktop\EMPLEOS JESS\dataconnect`
 {"metadata":{"emulator":{"name":"dataconnect"},"message":"E0831 15:17:43.972457    2480 watch.go:40] Failed to load config from \"c:\\\\Users\\\\user\\\\Desktop\\\\EMPLEOS JESS\\\\dataconnect\": could not find dataconnect.yaml in `c:\\Users\\user\\Desktop\\EMPLEOS JESS\\dataconnect`\n"}}
[debug] [2026-08-31T19:17:53.971Z] E0831 15:17:53.972852    2480 watch.go:40] Failed to load config from "c:\\Users\\user\\Desktop\\EMPLEOS JESS\\dataconnect": could not find dataconnect.yaml in `c:\Users\user\Desktop\EMPLEOS JESS\dataconnect`
 {"metadata":{"emulator":{"name":"dataconnect"},"message":"E0831 15:17:53.972852    2480 watch.go:40] Failed to load config from \"c:\\\\Users\\\\user\\\\Desktop\\\\EMPLEOS JESS\\\\dataconnect\": could not find dataconnect.yaml in `c:\\Users\\user\\Desktop\\EMPLEOS JESS\\dataconnect`\n"}}
[debug] [2026-08-31T19:18:03.971Z] E0831 15:18:03.973013    2480 watch.go:40] Failed to load config from "c:\\Users\\user\\Desktop\\EMPLEOS JESS\\dataconnect": could not find dataconnect.yaml in `c:\Users\user\Desktop\EMPLEOS JESS\dataconnect`
 {"metadata":{"emulator":{"name":"dataconnect"},"message":"E0831 15:18:03.973013    2480 watch.go:40] Failed to load config from \"c:\\\\Users\\\\user\\\\Desktop\\\\EMPLEOS JESS\\\\dataconnect\": could not find dataconnect.yaml in `c:\\Users\\user\\Desktop\\EMPLEOS JESS\\dataconnect`\n"}}
[debug] [2026-08-31T19:18:13.971Z] E0831 15:18:13.972476    2480 watch.go:40] Failed to load config from "c:\\Users\\user\\Desktop\\EMPLEOS JESS\\dataconnect": could not find dataconnect.yaml in `c:\Users\user\Desktop\EMPLEOS JESS\dataconnect`
 {"metadata":{"emulator":{"name":"dataconnect"},"message":"E0831 15:18:13.972476    2480 watch.go:40] Failed to load config from \"c:\\\\Users\\\\user\\\\Desktop\\\\EMPLEOS JESS\\\\dataconnect\": could not find dataconnect.yaml in `c:\\Users\\user\\Desktop\\EMPLEOS JESS\\dataconnect`\n"}}
[debug] [2026-08-31T19:18:23.973Z] E0831 15:18:23.973037    2480 watch.go:40] Failed to load config from "c:\\Users\\user\\Desktop\\EMPLEOS JESS\\dataconnect": could not find dataconnect.yaml in `c:\Users\user\Desktop\EMPLEOS JESS\dataconnect`
 {"metadata":{"emulator":{"name":"dataconnect"},"message":"E0831 15:18:23.973037    2480 watch.go:40] Failed to load config from \"c:\\\\Users\\\\user\\\\Desktop\\\\EMPLEOS JESS\\\\dataconnect\": could not find dataconnect.yaml in `c:\\Users\\user\\Desktop\\EMPLEOS JESS\\dataconnect`\n"}}
[debug] [2026-08-31T19:18:33.972Z] E0831 15:18:33.972515    2480 watch.go:116] watchAllDir unable to walk dir `c:\Users\user\Desktop\EMPLEOS JESS\dataconnect`: GetFileAttributesEx c:\Users\user\Desktop\EMPLEOS JESS\dataconnect: The system cannot find the file specified.
 {"metadata":{"emulator":{"name":"dataconnect"},"message":"E0831 15:18:33.972515    2480 watch.go:116] watchAllDir unable to walk dir `c:\\Users\\user\\Desktop\\EMPLEOS JESS\\dataconnect`: GetFileAttributesEx c:\\Users\\user\\Desktop\\EMPLEOS JESS\\dataconnect: The system cannot find the file specified.\n"}}
[debug] [2026-08-31T19:18:33.972Z] E0831 15:18:33.972515    2480 watch.go:40] Failed to load config from "c:\\Users\\user\\Desktop\\EMPLEOS JESS\\dataconnect": could not find dataconnect.yaml in `c:\Users\user\Desktop\EMPLEOS JESS\dataconnect`
 {"metadata":{"emulator":{"name":"dataconnect"},"message":"E0831 15:18:33.972515    2480 watch.go:40] Failed to load config from \"c:\\\\Users\\\\user\\\\Desktop\\\\EMPLEOS JESS\\\\dataconnect\": could not find dataconnect.yaml in `c:\\Users\\user\\Desktop\\EMPLEOS JESS\\dataconnect`\n"}}
[debug] [2026-08-31T19:18:43.973Z] E0831 15:18:43.973698    2480 watch.go:40] Failed to load config from "c:\\Users\\user\\Desktop\\EMPLEOS JESS\\dataconnect": could not find dataconnect.yaml in `c:\Users\user\Desktop\EMPLEOS JESS\dataconnect`
 {"metadata":{"emulator":{"name":"dataconnect"},"message":"E0831 15:18:43.973698    2480 watch.go:40] Failed to load config from \"c:\\\\Users\\\\user\\\\Desktop\\\\EMPLEOS JESS\\\\dataconnect\": could not find dataconnect.yaml in `c:\\Users\\user\\Desktop\\EMPLEOS JESS\\dataconnect`\n"}}
[debug] [2026-08-31T19:18:53.972Z] E0831 15:18:53.973077    2480 watch.go:40] Failed to load config from "c:\\Users\\user\\Desktop\\EMPLEOS JESS\\dataconnect": could not find dataconnect.yaml in `c:\Users\user\Desktop\EMPLEOS JESS\dataconnect`
 {"metadata":{"emulator":{"name":"dataconnect"},"message":"E0831 15:18:53.973077    2480 watch.go:40] Failed to load config from \"c:\\\\Users\\\\user\\\\Desktop\\\\EMPLEOS JESS\\\\dataconnect\": could not find dataconnect.yaml in `c:\\Users\\user\\Desktop\\EMPLEOS JESS\\dataconnect`\n"}}
[debug] [2026-08-31T19:19:03.972Z] E0831 15:19:03.972394    2480 watch.go:40] Failed to load config from "c:\\Users\\user\\Desktop\\EMPLEOS JESS\\dataconnect": could not find dataconnect.yaml in `c:\Users\user\Desktop\EMPLEOS JESS\dataconnect`
 {"metadata":{"emulator":{"name":"dataconnect"},"message":"E0831 15:19:03.972394    2480 watch.go:40] Failed to load config from \"c:\\\\Users\\\\user\\\\Desktop\\\\EMPLEOS JESS\\\\dataconnect\": could not find dataconnect.yaml in `c:\\Users\\user\\Desktop\\EMPLEOS JESS\\dataconnect`\n"}}
[debug] [2026-08-31T19:19:13.974Z] E0831 15:19:13.974191    2480 watch.go:40] Failed to load config from "c:\\Users\\user\\Desktop\\EMPLEOS JESS\\dataconnect": could not find dataconnect.yaml in `c:\Users\user\Desktop\EMPLEOS JESS\dataconnect`
 {"metadata":{"emulator":{"name":"dataconnect"},"message":"E0831 15:19:13.974191    2480 watch.go:40] Failed to load config from \"c:\\\\Users\\\\user\\\\Desktop\\\\EMPLEOS JESS\\\\dataconnect\": could not find dataconnect.yaml in `c:\\Users\\user\\Desktop\\EMPLEOS JESS\\dataconnect`\n"}}
[debug] [2026-08-31T19:19:23.974Z] E0831 15:19:23.973195    2480 watch.go:40] Failed to load config from "c:\\Users\\user\\Desktop\\EMPLEOS JESS\\dataconnect": could not find dataconnect.yaml in `c:\Users\user\Desktop\EMPLEOS JESS\dataconnect`
 {"metadata":{"emulator":{"name":"dataconnect"},"message":"E0831 15:19:23.973195    2480 watch.go:40] Failed to load config from \"c:\\\\Users\\\\user\\\\Desktop\\\\EMPLEOS JESS\\\\dataconnect\": could not find dataconnect.yaml in `c:\\Users\\user\\Desktop\\EMPLEOS JESS\\dataconnect`\n"}}
[debug] [2026-08-31T19:19:33.972Z] E0831 15:19:33.972925    2480 watch.go:116] watchAllDir unable to walk dir `c:\Users\user\Desktop\EMPLEOS JESS\dataconnect`: GetFileAttributesEx c:\Users\user\Desktop\EMPLEOS JESS\dataconnect: The system cannot find the file specified.
 {"metadata":{"emulator":{"name":"dataconnect"},"message":"E0831 15:19:33.972925    2480 watch.go:116] watchAllDir unable to walk dir `c:\\Users\\user\\Desktop\\EMPLEOS JESS\\dataconnect`: GetFileAttributesEx c:\\Users\\user\\Desktop\\EMPLEOS JESS\\dataconnect: The system cannot find the file specified.\n"}}
[debug] [2026-08-31T19:19:33.973Z] E0831 15:19:33.972925    2480 watch.go:40] Failed to load config from "c:\\Users\\user\\Desktop\\EMPLEOS JESS\\dataconnect": could not find dataconnect.yaml in `c:\Users\user\Desktop\EMPLEOS JESS\dataconnect`
 {"metadata":{"emulator":{"name":"dataconnect"},"message":"E0831 15:19:33.972925    2480 watch.go:40] Failed to load config from \"c:\\\\Users\\\\user\\\\Desktop\\\\EMPLEOS JESS\\\\dataconnect\": could not find dataconnect.yaml in `c:\\Users\\user\\Desktop\\EMPLEOS JESS\\dataconnect`\n"}}
[debug] [2026-08-31T19:19:43.972Z] E0831 15:19:43.972891    2480 watch.go:40] Failed to load config from "c:\\Users\\user\\Desktop\\EMPLEOS JESS\\dataconnect": could not find dataconnect.yaml in `c:\Users\user\Desktop\EMPLEOS JESS\dataconnect`
 {"metadata":{"emulator":{"name":"dataconnect"},"message":"E0831 15:19:43.972891    2480 watch.go:40] Failed to load config from \"c:\\\\Users\\\\user\\\\Desktop\\\\EMPLEOS JESS\\\\dataconnect\": could not find dataconnect.yaml in `c:\\Users\\user\\Desktop\\EMPLEOS JESS\\dataconnect`\n"}}
[debug] [2026-08-31T19:19:53.972Z] E0831 15:19:53.972495    2480 watch.go:40] Failed to load config from "c:\\Users\\user\\Desktop\\EMPLEOS JESS\\dataconnect": could not find dataconnect.yaml in `c:\Users\user\Desktop\EMPLEOS JESS\dataconnect`
 {"metadata":{"emulator":{"name":"dataconnect"},"message":"E0831 15:19:53.972495    2480 watch.go:40] Failed to load config from \"c:\\\\Users\\\\user\\\\Desktop\\\\EMPLEOS JESS\\\\dataconnect\": could not find dataconnect.yaml in `c:\\Users\\user\\Desktop\\EMPLEOS JESS\\dataconnect`\n"}}
[debug] [2026-08-31T19:20:03.974Z] E0831 15:20:03.974624    2480 watch.go:40] Failed to load config from "c:\\Users\\user\\Desktop\\EMPLEOS JESS\\dataconnect": could not find dataconnect.yaml in `c:\Users\user\Desktop\EMPLEOS JESS\dataconnect`
 {"metadata":{"emulator":{"name":"dataconnect"},"message":"E0831 15:20:03.974624    2480 watch.go:40] Failed to load config from \"c:\\\\Users\\\\user\\\\Desktop\\\\EMPLEOS JESS\\\\dataconnect\": could not find dataconnect.yaml in `c:\\Users\\user\\Desktop\\EMPLEOS JESS\\dataconnect`\n"}}
[debug] [2026-08-31T19:20:13.972Z] E0831 15:20:13.972645    2480 watch.go:40] Failed to load config from "c:\\Users\\user\\Desktop\\EMPLEOS JESS\\dataconnect": could not find dataconnect.yaml in `c:\Users\user\Desktop\EMPLEOS JESS\dataconnect`
 {"metadata":{"emulator":{"name":"dataconnect"},"message":"E0831 15:20:13.972645    2480 watch.go:40] Failed to load config from \"c:\\\\Users\\\\user\\\\Desktop\\\\EMPLEOS JESS\\\\dataconnect\": could not find dataconnect.yaml in `c:\\Users\\user\\Desktop\\EMPLEOS JESS\\dataconnect`\n"}}
[debug] [2026-08-31T19:20:23.972Z] E0831 15:20:23.972875    2480 watch.go:40] Failed to load config from "c:\\Users\\user\\Desktop\\EMPLEOS JESS\\dataconnect": could not find dataconnect.yaml in `c:\Users\user\Desktop\EMPLEOS JESS\dataconnect`
 {"metadata":{"emulator":{"name":"dataconnect"},"message":"E0831 15:20:23.972875    2480 watch.go:40] Failed to load config from \"c:\\\\Users\\\\user\\\\Desktop\\\\EMPLEOS JESS\\\\dataconnect\": could not find dataconnect.yaml in `c:\\Users\\user\\Desktop\\EMPLEOS JESS\\dataconnect`\n"}}
[debug] [2026-08-31T19:20:33.972Z] E0831 15:20:33.972255    2480 watch.go:116] watchAllDir unable to walk dir `c:\Users\user\Desktop\EMPLEOS JESS\dataconnect`: GetFileAttributesEx c:\Users\user\Desktop\EMPLEOS JESS\dataconnect: The system cannot find the file specified.
 {"metadata":{"emulator":{"name":"dataconnect"},"message":"E0831 15:20:33.972255    2480 watch.go:116] watchAllDir unable to walk dir `c:\\Users\\user\\Desktop\\EMPLEOS JESS\\dataconnect`: GetFileAttributesEx c:\\Users\\user\\Desktop\\EMPLEOS JESS\\dataconnect: The system cannot find the file specified.\n"}}
[debug] [2026-08-31T19:20:33.973Z] E0831 15:20:33.972255    2480 watch.go:40] Failed to load config from "c:\\Users\\user\\Desktop\\EMPLEOS JESS\\dataconnect": could not find dataconnect.yaml in `c:\Users\user\Desktop\EMPLEOS JESS\dataconnect`
 {"metadata":{"emulator":{"name":"dataconnect"},"message":"E0831 15:20:33.972255    2480 watch.go:40] Failed to load config from \"c:\\\\Users\\\\user\\\\Desktop\\\\EMPLEOS JESS\\\\dataconnect\": could not find dataconnect.yaml in `c:\\Users\\user\\Desktop\\EMPLEOS JESS\\dataconnect`\n"}}
[debug] [2026-08-31T19:20:43.974Z] E0831 15:20:43.973336    2480 watch.go:40] Failed to load config from "c:\\Users\\user\\Desktop\\EMPLEOS JESS\\dataconnect": could not find dataconnect.yaml in `c:\Users\user\Desktop\EMPLEOS JESS\dataconnect`
 {"metadata":{"emulator":{"name":"dataconnect"},"message":"E0831 15:20:43.973336    2480 watch.go:40] Failed to load config from \"c:\\\\Users\\\\user\\\\Desktop\\\\EMPLEOS JESS\\\\dataconnect\": could not find dataconnect.yaml in `c:\\Users\\user\\Desktop\\EMPLEOS JESS\\dataconnect`\n"}}
[debug] [2026-08-31T19:20:53.987Z] E0831 15:20:53.986938    2480 watch.go:40] Failed to load config from "c:\\Users\\user\\Desktop\\EMPLEOS JESS\\dataconnect": could not find dataconnect.yaml in `c:\Users\user\Desktop\EMPLEOS JESS\dataconnect`
 {"metadata":{"emulator":{"name":"dataconnect"},"message":"E0831 15:20:53.986938    2480 watch.go:40] Failed to load config from \"c:\\\\Users\\\\user\\\\Desktop\\\\EMPLEOS JESS\\\\dataconnect\": could not find dataconnect.yaml in `c:\\Users\\user\\Desktop\\EMPLEOS JESS\\dataconnect`\n"}}
[debug] [2026-08-31T19:21:03.973Z] E0831 15:21:03.973219    2480 watch.go:40] Failed to load config from "c:\\Users\\user\\Desktop\\EMPLEOS JESS\\dataconnect": could not find dataconnect.yaml in `c:\Users\user\Desktop\EMPLEOS JESS\dataconnect`
 {"metadata":{"emulator":{"name":"dataconnect"},"message":"E0831 15:21:03.973219    2480 watch.go:40] Failed to load config from \"c:\\\\Users\\\\user\\\\Desktop\\\\EMPLEOS JESS\\\\dataconnect\": could not find dataconnect.yaml in `c:\\Users\\user\\Desktop\\EMPLEOS JESS\\dataconnect`\n"}}
[debug] [2026-08-31T19:21:13.973Z] E0831 15:21:13.972708    2480 watch.go:40] Failed to load config from "c:\\Users\\user\\Desktop\\EMPLEOS JESS\\dataconnect": could not find dataconnect.yaml in `c:\Users\user\Desktop\EMPLEOS JESS\dataconnect`
 {"metadata":{"emulator":{"name":"dataconnect"},"message":"E0831 15:21:13.972708    2480 watch.go:40] Failed to load config from \"c:\\\\Users\\\\user\\\\Desktop\\\\EMPLEOS JESS\\\\dataconnect\": could not find dataconnect.yaml in `c:\\Users\\user\\Desktop\\EMPLEOS JESS\\dataconnect`\n"}}
[debug] [2026-08-31T19:21:23.973Z] E0831 15:21:23.973146    2480 watch.go:40] Failed to load config from "c:\\Users\\user\\Desktop\\EMPLEOS JESS\\dataconnect": could not find dataconnect.yaml in `c:\Users\user\Desktop\EMPLEOS JESS\dataconnect`
 {"metadata":{"emulator":{"name":"dataconnect"},"message":"E0831 15:21:23.973146    2480 watch.go:40] Failed to load config from \"c:\\\\Users\\\\user\\\\Desktop\\\\EMPLEOS JESS\\\\dataconnect\": could not find dataconnect.yaml in `c:\\Users\\user\\Desktop\\EMPLEOS JESS\\dataconnect`\n"}}
[debug] [2026-08-31T19:21:33.973Z] E0831 15:21:33.973500    2480 watch.go:116] watchAllDir unable to walk dir `c:\Users\user\Desktop\EMPLEOS JESS\dataconnect`: GetFileAttributesEx c:\Users\user\Desktop\EMPLEOS JESS\dataconnect: The system cannot find the file specified.
 {"metadata":{"emulator":{"name":"dataconnect"},"message":"E0831 15:21:33.973500    2480 watch.go:116] watchAllDir unable to walk dir `c:\\Users\\user\\Desktop\\EMPLEOS JESS\\dataconnect`: GetFileAttributesEx c:\\Users\\user\\Desktop\\EMPLEOS JESS\\dataconnect: The system cannot find the file specified.\n"}}
[debug] [2026-08-31T19:21:33.974Z] E0831 15:21:33.973500    2480 watch.go:40] Failed to load config from "c:\\Users\\user\\Desktop\\EMPLEOS JESS\\dataconnect": could not find dataconnect.yaml in `c:\Users\user\Desktop\EMPLEOS JESS\dataconnect`
 {"metadata":{"emulator":{"name":"dataconnect"},"message":"E0831 15:21:33.973500    2480 watch.go:40] Failed to load config from \"c:\\\\Users\\\\user\\\\Desktop\\\\EMPLEOS JESS\\\\dataconnect\": could not find dataconnect.yaml in `c:\\Users\\user\\Desktop\\EMPLEOS JESS\\dataconnect`\n"}}
[debug] [2026-08-31T19:21:43.973Z] E0831 15:21:43.973803    2480 watch.go:40] Failed to load config from "c:\\Users\\user\\Desktop\\EMPLEOS JESS\\dataconnect": could not find dataconnect.yaml in `c:\Users\user\Desktop\EMPLEOS JESS\dataconnect`
 {"metadata":{"emulator":{"name":"dataconnect"},"message":"E0831 15:21:43.973803    2480 watch.go:40] Failed to load config from \"c:\\\\Users\\\\user\\\\Desktop\\\\EMPLEOS JESS\\\\dataconnect\": could not find dataconnect.yaml in `c:\\Users\\user\\Desktop\\EMPLEOS JESS\\dataconnect`\n"}}
[debug] [2026-08-31T19:21:53.972Z] E0831 15:21:53.972883    2480 watch.go:40] Failed to load config from "c:\\Users\\user\\Desktop\\EMPLEOS JESS\\dataconnect": could not find dataconnect.yaml in `c:\Users\user\Desktop\EMPLEOS JESS\dataconnect`
 {"metadata":{"emulator":{"name":"dataconnect"},"message":"E0831 15:21:53.972883    2480 watch.go:40] Failed to load config from \"c:\\\\Users\\\\user\\\\Desktop\\\\EMPLEOS JESS\\\\dataconnect\": could not find dataconnect.yaml in `c:\\Users\\user\\Desktop\\EMPLEOS JESS\\dataconnect`\n"}}
[debug] [2026-08-31T19:22:03.973Z] E0831 15:22:03.973732    2480 watch.go:40] Failed to load config from "c:\\Users\\user\\Desktop\\EMPLEOS JESS\\dataconnect": could not find dataconnect.yaml in `c:\Users\user\Desktop\EMPLEOS JESS\dataconnect`
 {"metadata":{"emulator":{"name":"dataconnect"},"message":"E0831 15:22:03.973732    2480 watch.go:40] Failed to load config from \"c:\\\\Users\\\\user\\\\Desktop\\\\EMPLEOS JESS\\\\dataconnect\": could not find dataconnect.yaml in `c:\\Users\\user\\Desktop\\EMPLEOS JESS\\dataconnect`\n"}}
[debug] [2026-08-31T19:22:13.972Z] E0831 15:22:13.972727    2480 watch.go:40] Failed to load config from "c:\\Users\\user\\Desktop\\EMPLEOS JESS\\dataconnect": could not find dataconnect.yaml in `c:\Users\user\Desktop\EMPLEOS JESS\dataconnect`
 {"metadata":{"emulator":{"name":"dataconnect"},"message":"E0831 15:22:13.972727    2480 watch.go:40] Failed to load config from \"c:\\\\Users\\\\user\\\\Desktop\\\\EMPLEOS JESS\\\\dataconnect\": could not find dataconnect.yaml in `c:\\Users\\user\\Desktop\\EMPLEOS JESS\\dataconnect`\n"}}
[debug] [2026-08-31T19:22:23.974Z] E0831 15:22:23.974333    2480 watch.go:40] Failed to load config from "c:\\Users\\user\\Desktop\\EMPLEOS JESS\\dataconnect": could not find dataconnect.yaml in `c:\Users\user\Desktop\EMPLEOS JESS\dataconnect`
 {"metadata":{"emulator":{"name":"dataconnect"},"message":"E0831 15:22:23.974333    2480 watch.go:40] Failed to load config from \"c:\\\\Users\\\\user\\\\Desktop\\\\EMPLEOS JESS\\\\dataconnect\": could not find dataconnect.yaml in `c:\\Users\\user\\Desktop\\EMPLEOS JESS\\dataconnect`\n"}}
[debug] [2026-08-31T19:22:33.972Z] E0831 15:22:33.972855    2480 watch.go:116] watchAllDir unable to walk dir `c:\Users\user\Desktop\EMPLEOS JESS\dataconnect`: GetFileAttributesEx c:\Users\user\Desktop\EMPLEOS JESS\dataconnect: The system cannot find the file specified.
 {"metadata":{"emulator":{"name":"dataconnect"},"message":"E0831 15:22:33.972855    2480 watch.go:116] watchAllDir unable to walk dir `c:\\Users\\user\\Desktop\\EMPLEOS JESS\\dataconnect`: GetFileAttributesEx c:\\Users\\user\\Desktop\\EMPLEOS JESS\\dataconnect: The system cannot find the file specified.\n"}}
[debug] [2026-08-31T19:22:33.973Z] E0831 15:22:33.972855    2480 watch.go:40] Failed to load config from "c:\\Users\\user\\Desktop\\EMPLEOS JESS\\dataconnect": could not find dataconnect.yaml in `c:\Users\user\Desktop\EMPLEOS JESS\dataconnect`
 {"metadata":{"emulator":{"name":"dataconnect"},"message":"E0831 15:22:33.972855    2480 watch.go:40] Failed to load config from \"c:\\\\Users\\\\user\\\\Desktop\\\\EMPLEOS JESS\\\\dataconnect\": could not find dataconnect.yaml in `c:\\Users\\user\\Desktop\\EMPLEOS JESS\\dataconnect`\n"}}
[debug] [2026-08-31T19:22:43.973Z] E0831 15:22:43.973808    2480 watch.go:40] Failed to load config from "c:\\Users\\user\\Desktop\\EMPLEOS JESS\\dataconnect": could not find dataconnect.yaml in `c:\Users\user\Desktop\EMPLEOS JESS\dataconnect`
 {"metadata":{"emulator":{"name":"dataconnect"},"message":"E0831 15:22:43.973808    2480 watch.go:40] Failed to load config from \"c:\\\\Users\\\\user\\\\Desktop\\\\EMPLEOS JESS\\\\dataconnect\": could not find dataconnect.yaml in `c:\\Users\\user\\Desktop\\EMPLEOS JESS\\dataconnect`\n"}}
[debug] [2026-08-31T19:22:53.973Z] E0831 15:22:53.973293    2480 watch.go:40] Failed to load config from "c:\\Users\\user\\Desktop\\EMPLEOS JESS\\dataconnect": could not find dataconnect.yaml in `c:\Users\user\Desktop\EMPLEOS JESS\dataconnect`
 {"metadata":{"emulator":{"name":"dataconnect"},"message":"E0831 15:22:53.973293    2480 watch.go:40] Failed to load config from \"c:\\\\Users\\\\user\\\\Desktop\\\\EMPLEOS JESS\\\\dataconnect\": could not find dataconnect.yaml in `c:\\Users\\user\\Desktop\\EMPLEOS JESS\\dataconnect`\n"}}
[debug] [2026-08-31T19:23:03.974Z] E0831 15:23:03.974953    2480 watch.go:40] Failed to load config from "c:\\Users\\user\\Desktop\\EMPLEOS JESS\\dataconnect": could not find dataconnect.yaml in `c:\Users\user\Desktop\EMPLEOS JESS\dataconnect`
 {"metadata":{"emulator":{"name":"dataconnect"},"message":"E0831 15:23:03.974953    2480 watch.go:40] Failed to load config from \"c:\\\\Users\\\\user\\\\Desktop\\\\EMPLEOS JESS\\\\dataconnect\": could not find dataconnect.yaml in `c:\\Users\\user\\Desktop\\EMPLEOS JESS\\dataconnect`\n"}}
[debug] [2026-08-31T19:23:13.972Z] E0831 15:23:13.972388    2480 watch.go:40] Failed to load config from "c:\\Users\\user\\Desktop\\EMPLEOS JESS\\dataconnect": could not find dataconnect.yaml in `c:\Users\user\Desktop\EMPLEOS JESS\dataconnect`
 {"metadata":{"emulator":{"name":"dataconnect"},"message":"E0831 15:23:13.972388    2480 watch.go:40] Failed to load config from \"c:\\\\Users\\\\user\\\\Desktop\\\\EMPLEOS JESS\\\\dataconnect\": could not find dataconnect.yaml in `c:\\Users\\user\\Desktop\\EMPLEOS JESS\\dataconnect`\n"}}
[debug] [2026-08-31T19:23:23.972Z] E0831 15:23:23.973218    2480 watch.go:40] Failed to load config from "c:\\Users\\user\\Desktop\\EMPLEOS JESS\\dataconnect": could not find dataconnect.yaml in `c:\Users\user\Desktop\EMPLEOS JESS\dataconnect`
 {"metadata":{"emulator":{"name":"dataconnect"},"message":"E0831 15:23:23.973218    2480 watch.go:40] Failed to load config from \"c:\\\\Users\\\\user\\\\Desktop\\\\EMPLEOS JESS\\\\dataconnect\": could not find dataconnect.yaml in `c:\\Users\\user\\Desktop\\EMPLEOS JESS\\dataconnect`\n"}}
[debug] [2026-08-31T19:23:33.972Z] E0831 15:23:33.972175    2480 watch.go:116] watchAllDir unable to walk dir `c:\Users\user\Desktop\EMPLEOS JESS\dataconnect`: GetFileAttributesEx c:\Users\user\Desktop\EMPLEOS JESS\dataconnect: The system cannot find the file specified.
 {"metadata":{"emulator":{"name":"dataconnect"},"message":"E0831 15:23:33.972175    2480 watch.go:116] watchAllDir unable to walk dir `c:\\Users\\user\\Desktop\\EMPLEOS JESS\\dataconnect`: GetFileAttributesEx c:\\Users\\user\\Desktop\\EMPLEOS JESS\\dataconnect: The system cannot find the file specified.\n"}}
[debug] [2026-08-31T19:23:33.973Z] E0831 15:23:33.973423    2480 watch.go:40] Failed to load config from "c:\\Users\\user\\Desktop\\EMPLEOS JESS\\dataconnect": could not find dataconnect.yaml in `c:\Users\user\Desktop\EMPLEOS JESS\dataconnect`
 {"metadata":{"emulator":{"name":"dataconnect"},"message":"E0831 15:23:33.973423    2480 watch.go:40] Failed to load config from \"c:\\\\Users\\\\user\\\\Desktop\\\\EMPLEOS JESS\\\\dataconnect\": could not find dataconnect.yaml in `c:\\Users\\user\\Desktop\\EMPLEOS JESS\\dataconnect`\n"}}
[debug] [2026-08-31T19:23:43.973Z] E0831 15:23:43.972934    2480 watch.go:40] Failed to load config from "c:\\Users\\user\\Desktop\\EMPLEOS JESS\\dataconnect": could not find dataconnect.yaml in `c:\Users\user\Desktop\EMPLEOS JESS\dataconnect`
 {"metadata":{"emulator":{"name":"dataconnect"},"message":"E0831 15:23:43.972934    2480 watch.go:40] Failed to load config from \"c:\\\\Users\\\\user\\\\Desktop\\\\EMPLEOS JESS\\\\dataconnect\": could not find dataconnect.yaml in `c:\\Users\\user\\Desktop\\EMPLEOS JESS\\dataconnect`\n"}}
[debug] [2026-08-31T19:23:53.972Z] E0831 15:23:53.972625    2480 watch.go:40] Failed to load config from "c:\\Users\\user\\Desktop\\EMPLEOS JESS\\dataconnect": could not find dataconnect.yaml in `c:\Users\user\Desktop\EMPLEOS JESS\dataconnect`
 {"metadata":{"emulator":{"name":"dataconnect"},"message":"E0831 15:23:53.972625    2480 watch.go:40] Failed to load config from \"c:\\\\Users\\\\user\\\\Desktop\\\\EMPLEOS JESS\\\\dataconnect\": could not find dataconnect.yaml in `c:\\Users\\user\\Desktop\\EMPLEOS JESS\\dataconnect`\n"}}
[debug] [2026-08-31T19:24:03.972Z] E0831 15:24:03.972599    2480 watch.go:40] Failed to load config from "c:\\Users\\user\\Desktop\\EMPLEOS JESS\\dataconnect": could not find dataconnect.yaml in `c:\Users\user\Desktop\EMPLEOS JESS\dataconnect`
 {"metadata":{"emulator":{"name":"dataconnect"},"message":"E0831 15:24:03.972599    2480 watch.go:40] Failed to load config from \"c:\\\\Users\\\\user\\\\Desktop\\\\EMPLEOS JESS\\\\dataconnect\": could not find dataconnect.yaml in `c:\\Users\\user\\Desktop\\EMPLEOS JESS\\dataconnect`\n"}}
[debug] [2026-08-31T19:24:13.972Z] E0831 15:24:13.973160    2480 watch.go:40] Failed to load config from "c:\\Users\\user\\Desktop\\EMPLEOS JESS\\dataconnect": could not find dataconnect.yaml in `c:\Users\user\Desktop\EMPLEOS JESS\dataconnect`
 {"metadata":{"emulator":{"name":"dataconnect"},"message":"E0831 15:24:13.973160    2480 watch.go:40] Failed to load config from \"c:\\\\Users\\\\user\\\\Desktop\\\\EMPLEOS JESS\\\\dataconnect\": could not find dataconnect.yaml in `c:\\Users\\user\\Desktop\\EMPLEOS JESS\\dataconnect`\n"}}
[debug] [2026-08-31T19:24:23.973Z] E0831 15:24:23.973811    2480 watch.go:40] Failed to load config from "c:\\Users\\user\\Desktop\\EMPLEOS JESS\\dataconnect": could not find dataconnect.yaml in `c:\Users\user\Desktop\EMPLEOS JESS\dataconnect`
 {"metadata":{"emulator":{"name":"dataconnect"},"message":"E0831 15:24:23.973811    2480 watch.go:40] Failed to load config from \"c:\\\\Users\\\\user\\\\Desktop\\\\EMPLEOS JESS\\\\dataconnect\": could not find dataconnect.yaml in `c:\\Users\\user\\Desktop\\EMPLEOS JESS\\dataconnect`\n"}}
[debug] [2026-08-31T19:24:33.972Z] E0831 15:24:33.972317    2480 watch.go:116] watchAllDir unable to walk dir `c:\Users\user\Desktop\EMPLEOS JESS\dataconnect`: GetFileAttributesEx c:\Users\user\Desktop\EMPLEOS JESS\dataconnect: The system cannot find the file specified.
 {"metadata":{"emulator":{"name":"dataconnect"},"message":"E0831 15:24:33.972317    2480 watch.go:116] watchAllDir unable to walk dir `c:\\Users\\user\\Desktop\\EMPLEOS JESS\\dataconnect`: GetFileAttributesEx c:\\Users\\user\\Desktop\\EMPLEOS JESS\\dataconnect: The system cannot find the file specified.\n"}}
[debug] [2026-08-31T19:24:33.973Z] E0831 15:24:33.973483    2480 watch.go:40] Failed to load config from "c:\\Users\\user\\Desktop\\EMPLEOS JESS\\dataconnect": could not find dataconnect.yaml in `c:\Users\user\Desktop\EMPLEOS JESS\dataconnect`
 {"metadata":{"emulator":{"name":"dataconnect"},"message":"E0831 15:24:33.973483    2480 watch.go:40] Failed to load config from \"c:\\\\Users\\\\user\\\\Desktop\\\\EMPLEOS JESS\\\\dataconnect\": could not find dataconnect.yaml in `c:\\Users\\user\\Desktop\\EMPLEOS JESS\\dataconnect`\n"}}
[debug] [2026-08-31T19:24:43.975Z] E0831 15:24:43.975706    2480 watch.go:40] Failed to load config from "c:\\Users\\user\\Desktop\\EMPLEOS JESS\\dataconnect": could not find dataconnect.yaml in `c:\Users\user\Desktop\EMPLEOS JESS\dataconnect`
 {"metadata":{"emulator":{"name":"dataconnect"},"message":"E0831 15:24:43.975706    2480 watch.go:40] Failed to load config from \"c:\\\\Users\\\\user\\\\Desktop\\\\EMPLEOS JESS\\\\dataconnect\": could not find dataconnect.yaml in `c:\\Users\\user\\Desktop\\EMPLEOS JESS\\dataconnect`\n"}}
[debug] [2026-08-31T19:24:53.973Z] E0831 15:24:53.973848    2480 watch.go:40] Failed to load config from "c:\\Users\\user\\Desktop\\EMPLEOS JESS\\dataconnect": could not find dataconnect.yaml in `c:\Users\user\Desktop\EMPLEOS JESS\dataconnect`
 {"metadata":{"emulator":{"name":"dataconnect"},"message":"E0831 15:24:53.973848    2480 watch.go:40] Failed to load config from \"c:\\\\Users\\\\user\\\\Desktop\\\\EMPLEOS JESS\\\\dataconnect\": could not find dataconnect.yaml in `c:\\Users\\user\\Desktop\\EMPLEOS JESS\\dataconnect`\n"}}
[debug] [2026-08-31T19:25:03.973Z] E0831 15:25:03.973491    2480 watch.go:40] Failed to load config from "c:\\Users\\user\\Desktop\\EMPLEOS JESS\\dataconnect": could not find dataconnect.yaml in `c:\Users\user\Desktop\EMPLEOS JESS\dataconnect`
 {"metadata":{"emulator":{"name":"dataconnect"},"message":"E0831 15:25:03.973491    2480 watch.go:40] Failed to load config from \"c:\\\\Users\\\\user\\\\Desktop\\\\EMPLEOS JESS\\\\dataconnect\": could not find dataconnect.yaml in `c:\\Users\\user\\Desktop\\EMPLEOS JESS\\dataconnect`\n"}}
[debug] [2026-08-31T19:25:13.973Z] E0831 15:25:13.973359    2480 watch.go:40] Failed to load config from "c:\\Users\\user\\Desktop\\EMPLEOS JESS\\dataconnect": could not find dataconnect.yaml in `c:\Users\user\Desktop\EMPLEOS JESS\dataconnect`
 {"metadata":{"emulator":{"name":"dataconnect"},"message":"E0831 15:25:13.973359    2480 watch.go:40] Failed to load config from \"c:\\\\Users\\\\user\\\\Desktop\\\\EMPLEOS JESS\\\\dataconnect\": could not find dataconnect.yaml in `c:\\Users\\user\\Desktop\\EMPLEOS JESS\\dataconnect`\n"}}
[debug] [2026-08-31T19:25:23.972Z] E0831 15:25:23.973301    2480 watch.go:40] Failed to load config from "c:\\Users\\user\\Desktop\\EMPLEOS JESS\\dataconnect": could not find dataconnect.yaml in `c:\Users\user\Desktop\EMPLEOS JESS\dataconnect`
 {"metadata":{"emulator":{"name":"dataconnect"},"message":"E0831 15:25:23.973301    2480 watch.go:40] Failed to load config from \"c:\\\\Users\\\\user\\\\Desktop\\\\EMPLEOS JESS\\\\dataconnect\": could not find dataconnect.yaml in `c:\\Users\\user\\Desktop\\EMPLEOS JESS\\dataconnect`\n"}}
[debug] [2026-08-31T19:25:33.972Z] E0831 15:25:33.972700    2480 watch.go:116] watchAllDir unable to walk dir `c:\Users\user\Desktop\EMPLEOS JESS\dataconnect`: GetFileAttributesEx c:\Users\user\Desktop\EMPLEOS JESS\dataconnect: The system cannot find the file specified.
 {"metadata":{"emulator":{"name":"dataconnect"},"message":"E0831 15:25:33.972700    2480 watch.go:116] watchAllDir unable to walk dir `c:\\Users\\user\\Desktop\\EMPLEOS JESS\\dataconnect`: GetFileAttributesEx c:\\Users\\user\\Desktop\\EMPLEOS JESS\\dataconnect: The system cannot find the file specified.\n"}}
[debug] [2026-08-31T19:25:33.974Z] E0831 15:25:33.973806    2480 watch.go:40] Failed to load config from "c:\\Users\\user\\Desktop\\EMPLEOS JESS\\dataconnect": could not find dataconnect.yaml in `c:\Users\user\Desktop\EMPLEOS JESS\dataconnect`
 {"metadata":{"emulator":{"name":"dataconnect"},"message":"E0831 15:25:33.973806    2480 watch.go:40] Failed to load config from \"c:\\\\Users\\\\user\\\\Desktop\\\\EMPLEOS JESS\\\\dataconnect\": could not find dataconnect.yaml in `c:\\Users\\user\\Desktop\\EMPLEOS JESS\\dataconnect`\n"}}
[debug] [2026-08-31T19:25:43.973Z] E0831 15:25:43.973465    2480 watch.go:40] Failed to load config from "c:\\Users\\user\\Desktop\\EMPLEOS JESS\\dataconnect": could not find dataconnect.yaml in `c:\Users\user\Desktop\EMPLEOS JESS\dataconnect`
 {"metadata":{"emulator":{"name":"dataconnect"},"message":"E0831 15:25:43.973465    2480 watch.go:40] Failed to load config from \"c:\\\\Users\\\\user\\\\Desktop\\\\EMPLEOS JESS\\\\dataconnect\": could not find dataconnect.yaml in `c:\\Users\\user\\Desktop\\EMPLEOS JESS\\dataconnect`\n"}}
[debug] [2026-08-31T19:25:53.974Z] E0831 15:25:53.974509    2480 watch.go:40] Failed to load config from "c:\\Users\\user\\Desktop\\EMPLEOS JESS\\dataconnect": could not find dataconnect.yaml in `c:\Users\user\Desktop\EMPLEOS JESS\dataconnect`
 {"metadata":{"emulator":{"name":"dataconnect"},"message":"E0831 15:25:53.974509    2480 watch.go:40] Failed to load config from \"c:\\\\Users\\\\user\\\\Desktop\\\\EMPLEOS JESS\\\\dataconnect\": could not find dataconnect.yaml in `c:\\Users\\user\\Desktop\\EMPLEOS JESS\\dataconnect`\n"}}
[debug] [2026-08-31T19:26:03.972Z] E0831 15:26:03.973133    2480 watch.go:40] Failed to load config from "c:\\Users\\user\\Desktop\\EMPLEOS JESS\\dataconnect": could not find dataconnect.yaml in `c:\Users\user\Desktop\EMPLEOS JESS\dataconnect`
 {"metadata":{"emulator":{"name":"dataconnect"},"message":"E0831 15:26:03.973133    2480 watch.go:40] Failed to load config from \"c:\\\\Users\\\\user\\\\Desktop\\\\EMPLEOS JESS\\\\dataconnect\": could not find dataconnect.yaml in `c:\\Users\\user\\Desktop\\EMPLEOS JESS\\dataconnect`\n"}}
[debug] [2026-08-31T19:26:13.973Z] E0831 15:26:13.974202    2480 watch.go:40] Failed to load config from "c:\\Users\\user\\Desktop\\EMPLEOS JESS\\dataconnect": could not find dataconnect.yaml in `c:\Users\user\Desktop\EMPLEOS JESS\dataconnect`
 {"metadata":{"emulator":{"name":"dataconnect"},"message":"E0831 15:26:13.974202    2480 watch.go:40] Failed to load config from \"c:\\\\Users\\\\user\\\\Desktop\\\\EMPLEOS JESS\\\\dataconnect\": could not find dataconnect.yaml in `c:\\Users\\user\\Desktop\\EMPLEOS JESS\\dataconnect`\n"}}
[debug] [2026-08-31T19:26:23.972Z] E0831 15:26:23.972469    2480 watch.go:40] Failed to load config from "c:\\Users\\user\\Desktop\\EMPLEOS JESS\\dataconnect": could not find dataconnect.yaml in `c:\Users\user\Desktop\EMPLEOS JESS\dataconnect`
 {"metadata":{"emulator":{"name":"dataconnect"},"message":"E0831 15:26:23.972469    2480 watch.go:40] Failed to load config from \"c:\\\\Users\\\\user\\\\Desktop\\\\EMPLEOS JESS\\\\dataconnect\": could not find dataconnect.yaml in `c:\\Users\\user\\Desktop\\EMPLEOS JESS\\dataconnect`\n"}}
[debug] [2026-08-31T19:26:33.972Z] E0831 15:26:33.972786    2480 watch.go:116] watchAllDir unable to walk dir `c:\Users\user\Desktop\EMPLEOS JESS\dataconnect`: GetFileAttributesEx c:\Users\user\Desktop\EMPLEOS JESS\dataconnect: The system cannot find the file specified.
 {"metadata":{"emulator":{"name":"dataconnect"},"message":"E0831 15:26:33.972786    2480 watch.go:116] watchAllDir unable to walk dir `c:\\Users\\user\\Desktop\\EMPLEOS JESS\\dataconnect`: GetFileAttributesEx c:\\Users\\user\\Desktop\\EMPLEOS JESS\\dataconnect: The system cannot find the file specified.\n"}}
[debug] [2026-08-31T19:26:33.972Z] E0831 15:26:33.972786    2480 watch.go:40] Failed to load config from "c:\\Users\\user\\Desktop\\EMPLEOS JESS\\dataconnect": could not find dataconnect.yaml in `c:\Users\user\Desktop\EMPLEOS JESS\dataconnect`
 {"metadata":{"emulator":{"name":"dataconnect"},"message":"E0831 15:26:33.972786    2480 watch.go:40] Failed to load config from \"c:\\\\Users\\\\user\\\\Desktop\\\\EMPLEOS JESS\\\\dataconnect\": could not find dataconnect.yaml in `c:\\Users\\user\\Desktop\\EMPLEOS JESS\\dataconnect`\n"}}
[debug] [2026-08-31T19:26:43.972Z] E0831 15:26:43.972501    2480 watch.go:40] Failed to load config from "c:\\Users\\user\\Desktop\\EMPLEOS JESS\\dataconnect": could not find dataconnect.yaml in `c:\Users\user\Desktop\EMPLEOS JESS\dataconnect`
 {"metadata":{"emulator":{"name":"dataconnect"},"message":"E0831 15:26:43.972501    2480 watch.go:40] Failed to load config from \"c:\\\\Users\\\\user\\\\Desktop\\\\EMPLEOS JESS\\\\dataconnect\": could not find dataconnect.yaml in `c:\\Users\\user\\Desktop\\EMPLEOS JESS\\dataconnect`\n"}}
[debug] [2026-08-31T19:26:53.972Z] E0831 15:26:53.972420    2480 watch.go:40] Failed to load config from "c:\\Users\\user\\Desktop\\EMPLEOS JESS\\dataconnect": could not find dataconnect.yaml in `c:\Users\user\Desktop\EMPLEOS JESS\dataconnect`
 {"metadata":{"emulator":{"name":"dataconnect"},"message":"E0831 15:26:53.972420    2480 watch.go:40] Failed to load config from \"c:\\\\Users\\\\user\\\\Desktop\\\\EMPLEOS JESS\\\\dataconnect\": could not find dataconnect.yaml in `c:\\Users\\user\\Desktop\\EMPLEOS JESS\\dataconnect`\n"}}
[debug] [2026-08-31T19:27:03.973Z] E0831 15:27:03.972991    2480 watch.go:40] Failed to load config from "c:\\Users\\user\\Desktop\\EMPLEOS JESS\\dataconnect": could not find dataconnect.yaml in `c:\Users\user\Desktop\EMPLEOS JESS\dataconnect`
 {"metadata":{"emulator":{"name":"dataconnect"},"message":"E0831 15:27:03.972991    2480 watch.go:40] Failed to load config from \"c:\\\\Users\\\\user\\\\Desktop\\\\EMPLEOS JESS\\\\dataconnect\": could not find dataconnect.yaml in `c:\\Users\\user\\Desktop\\EMPLEOS JESS\\dataconnect`\n"}}
[debug] [2026-08-31T19:27:13.973Z] E0831 15:27:13.973363    2480 watch.go:40] Failed to load config from "c:\\Users\\user\\Desktop\\EMPLEOS JESS\\dataconnect": could not find dataconnect.yaml in `c:\Users\user\Desktop\EMPLEOS JESS\dataconnect`
 {"metadata":{"emulator":{"name":"dataconnect"},"message":"E0831 15:27:13.973363    2480 watch.go:40] Failed to load config from \"c:\\\\Users\\\\user\\\\Desktop\\\\EMPLEOS JESS\\\\dataconnect\": could not find dataconnect.yaml in `c:\\Users\\user\\Desktop\\EMPLEOS JESS\\dataconnect`\n"}}
[debug] [2026-08-31T19:27:23.973Z] E0831 15:27:23.973295    2480 watch.go:40] Failed to load config from "c:\\Users\\user\\Desktop\\EMPLEOS JESS\\dataconnect": could not find dataconnect.yaml in `c:\Users\user\Desktop\EMPLEOS JESS\dataconnect`
 {"metadata":{"emulator":{"name":"dataconnect"},"message":"E0831 15:27:23.973295    2480 watch.go:40] Failed to load config from \"c:\\\\Users\\\\user\\\\Desktop\\\\EMPLEOS JESS\\\\dataconnect\": could not find dataconnect.yaml in `c:\\Users\\user\\Desktop\\EMPLEOS JESS\\dataconnect`\n"}}
[debug] [2026-08-31T19:27:33.972Z] E0831 15:27:33.972717    2480 watch.go:116] watchAllDir unable to walk dir `c:\Users\user\Desktop\EMPLEOS JESS\dataconnect`: GetFileAttributesEx c:\Users\user\Desktop\EMPLEOS JESS\dataconnect: The system cannot find the file specified.
 {"metadata":{"emulator":{"name":"dataconnect"},"message":"E0831 15:27:33.972717    2480 watch.go:116] watchAllDir unable to walk dir `c:\\Users\\user\\Desktop\\EMPLEOS JESS\\dataconnect`: GetFileAttributesEx c:\\Users\\user\\Desktop\\EMPLEOS JESS\\dataconnect: The system cannot find the file specified.\n"}}
[debug] [2026-08-31T19:27:33.975Z] E0831 15:27:33.972717    2480 watch.go:40] Failed to load config from "c:\\Users\\user\\Desktop\\EMPLEOS JESS\\dataconnect": could not find dataconnect.yaml in `c:\Users\user\Desktop\EMPLEOS JESS\dataconnect`
 {"metadata":{"emulator":{"name":"dataconnect"},"message":"E0831 15:27:33.972717    2480 watch.go:40] Failed to load config from \"c:\\\\Users\\\\user\\\\Desktop\\\\EMPLEOS JESS\\\\dataconnect\": could not find dataconnect.yaml in `c:\\Users\\user\\Desktop\\EMPLEOS JESS\\dataconnect`\n"}}
[debug] [2026-08-31T19:27:43.974Z] E0831 15:27:43.974533    2480 watch.go:40] Failed to load config from "c:\\Users\\user\\Desktop\\EMPLEOS JESS\\dataconnect": could not find dataconnect.yaml in `c:\Users\user\Desktop\EMPLEOS JESS\dataconnect`
 {"metadata":{"emulator":{"name":"dataconnect"},"message":"E0831 15:27:43.974533    2480 watch.go:40] Failed to load config from \"c:\\\\Users\\\\user\\\\Desktop\\\\EMPLEOS JESS\\\\dataconnect\": could not find dataconnect.yaml in `c:\\Users\\user\\Desktop\\EMPLEOS JESS\\dataconnect`\n"}}
[debug] [2026-08-31T19:27:53.973Z] E0831 15:27:53.973712    2480 watch.go:40] Failed to load config from "c:\\Users\\user\\Desktop\\EMPLEOS JESS\\dataconnect": could not find dataconnect.yaml in `c:\Users\user\Desktop\EMPLEOS JESS\dataconnect`
 {"metadata":{"emulator":{"name":"dataconnect"},"message":"E0831 15:27:53.973712    2480 watch.go:40] Failed to load config from \"c:\\\\Users\\\\user\\\\Desktop\\\\EMPLEOS JESS\\\\dataconnect\": could not find dataconnect.yaml in `c:\\Users\\user\\Desktop\\EMPLEOS JESS\\dataconnect`\n"}}
[debug] [2026-08-31T19:28:03.973Z] E0831 15:28:03.972569    2480 watch.go:40] Failed to load config from "c:\\Users\\user\\Desktop\\EMPLEOS JESS\\dataconnect": could not find dataconnect.yaml in `c:\Users\user\Desktop\EMPLEOS JESS\dataconnect`
 {"metadata":{"emulator":{"name":"dataconnect"},"message":"E0831 15:28:03.972569    2480 watch.go:40] Failed to load config from \"c:\\\\Users\\\\user\\\\Desktop\\\\EMPLEOS JESS\\\\dataconnect\": could not find dataconnect.yaml in `c:\\Users\\user\\Desktop\\EMPLEOS JESS\\dataconnect`\n"}}
[debug] [2026-08-31T19:28:13.973Z] E0831 15:28:13.973854    2480 watch.go:40] Failed to load config from "c:\\Users\\user\\Desktop\\EMPLEOS JESS\\dataconnect": could not find dataconnect.yaml in `c:\Users\user\Desktop\EMPLEOS JESS\dataconnect`
 {"metadata":{"emulator":{"name":"dataconnect"},"message":"E0831 15:28:13.973854    2480 watch.go:40] Failed to load config from \"c:\\\\Users\\\\user\\\\Desktop\\\\EMPLEOS JESS\\\\dataconnect\": could not find dataconnect.yaml in `c:\\Users\\user\\Desktop\\EMPLEOS JESS\\dataconnect`\n"}}
[debug] [2026-08-31T19:28:23.972Z] E0831 15:28:23.972614    2480 watch.go:40] Failed to load config from "c:\\Users\\user\\Desktop\\EMPLEOS JESS\\dataconnect": could not find dataconnect.yaml in `c:\Users\user\Desktop\EMPLEOS JESS\dataconnect`
 {"metadata":{"emulator":{"name":"dataconnect"},"message":"E0831 15:28:23.972614    2480 watch.go:40] Failed to load config from \"c:\\\\Users\\\\user\\\\Desktop\\\\EMPLEOS JESS\\\\dataconnect\": could not find dataconnect.yaml in `c:\\Users\\user\\Desktop\\EMPLEOS JESS\\dataconnect`\n"}}
[debug] [2026-08-31T19:28:33.973Z] E0831 15:28:33.973738    2480 watch.go:116] watchAllDir unable to walk dir `c:\Users\user\Desktop\EMPLEOS JESS\dataconnect`: GetFileAttributesEx c:\Users\user\Desktop\EMPLEOS JESS\dataconnect: The system cannot find the file specified.
 {"metadata":{"emulator":{"name":"dataconnect"},"message":"E0831 15:28:33.973738    2480 watch.go:116] watchAllDir unable to walk dir `c:\\Users\\user\\Desktop\\EMPLEOS JESS\\dataconnect`: GetFileAttributesEx c:\\Users\\user\\Desktop\\EMPLEOS JESS\\dataconnect: The system cannot find the file specified.\n"}}
[debug] [2026-08-31T19:28:33.974Z] E0831 15:28:33.974087    2480 watch.go:40] Failed to load config from "c:\\Users\\user\\Desktop\\EMPLEOS JESS\\dataconnect": could not find dataconnect.yaml in `c:\Users\user\Desktop\EMPLEOS JESS\dataconnect`
 {"metadata":{"emulator":{"name":"dataconnect"},"message":"E0831 15:28:33.974087    2480 watch.go:40] Failed to load config from \"c:\\\\Users\\\\user\\\\Desktop\\\\EMPLEOS JESS\\\\dataconnect\": could not find dataconnect.yaml in `c:\\Users\\user\\Desktop\\EMPLEOS JESS\\dataconnect`\n"}}
[debug] [2026-08-31T19:28:43.972Z] E0831 15:28:43.972801    2480 watch.go:40] Failed to load config from "c:\\Users\\user\\Desktop\\EMPLEOS JESS\\dataconnect": could not find dataconnect.yaml in `c:\Users\user\Desktop\EMPLEOS JESS\dataconnect`
 {"metadata":{"emulator":{"name":"dataconnect"},"message":"E0831 15:28:43.972801    2480 watch.go:40] Failed to load config from \"c:\\\\Users\\\\user\\\\Desktop\\\\EMPLEOS JESS\\\\dataconnect\": could not find dataconnect.yaml in `c:\\Users\\user\\Desktop\\EMPLEOS JESS\\dataconnect`\n"}}
[debug] [2026-08-31T19:28:53.974Z] E0831 15:28:53.973794    2480 watch.go:40] Failed to load config from "c:\\Users\\user\\Desktop\\EMPLEOS JESS\\dataconnect": could not find dataconnect.yaml in `c:\Users\user\Desktop\EMPLEOS JESS\dataconnect`
 {"metadata":{"emulator":{"name":"dataconnect"},"message":"E0831 15:28:53.973794    2480 watch.go:40] Failed to load config from \"c:\\\\Users\\\\user\\\\Desktop\\\\EMPLEOS JESS\\\\dataconnect\": could not find dataconnect.yaml in `c:\\Users\\user\\Desktop\\EMPLEOS JESS\\dataconnect`\n"}}
[debug] [2026-08-31T19:29:03.972Z] E0831 15:29:03.972578    2480 watch.go:40] Failed to load config from "c:\\Users\\user\\Desktop\\EMPLEOS JESS\\dataconnect": could not find dataconnect.yaml in `c:\Users\user\Desktop\EMPLEOS JESS\dataconnect`
 {"metadata":{"emulator":{"name":"dataconnect"},"message":"E0831 15:29:03.972578    2480 watch.go:40] Failed to load config from \"c:\\\\Users\\\\user\\\\Desktop\\\\EMPLEOS JESS\\\\dataconnect\": could not find dataconnect.yaml in `c:\\Users\\user\\Desktop\\EMPLEOS JESS\\dataconnect`\n"}}
[debug] [2026-08-31T19:29:13.973Z] E0831 15:29:13.973159    2480 watch.go:40] Failed to load config from "c:\\Users\\user\\Desktop\\EMPLEOS JESS\\dataconnect": could not find dataconnect.yaml in `c:\Users\user\Desktop\EMPLEOS JESS\dataconnect`
 {"metadata":{"emulator":{"name":"dataconnect"},"message":"E0831 15:29:13.973159    2480 watch.go:40] Failed to load config from \"c:\\\\Users\\\\user\\\\Desktop\\\\EMPLEOS JESS\\\\dataconnect\": could not find dataconnect.yaml in `c:\\Users\\user\\Desktop\\EMPLEOS JESS\\dataconnect`\n"}}
[debug] [2026-08-31T19:29:23.972Z] E0831 15:29:23.972297    2480 watch.go:40] Failed to load config from "c:\\Users\\user\\Desktop\\EMPLEOS JESS\\dataconnect": could not find dataconnect.yaml in `c:\Users\user\Desktop\EMPLEOS JESS\dataconnect`
 {"metadata":{"emulator":{"name":"dataconnect"},"message":"E0831 15:29:23.972297    2480 watch.go:40] Failed to load config from \"c:\\\\Users\\\\user\\\\Desktop\\\\EMPLEOS JESS\\\\dataconnect\": could not find dataconnect.yaml in `c:\\Users\\user\\Desktop\\EMPLEOS JESS\\dataconnect`\n"}}
[debug] [2026-08-31T19:29:33.973Z] E0831 15:29:33.973294    2480 watch.go:116] watchAllDir unable to walk dir `c:\Users\user\Desktop\EMPLEOS JESS\dataconnect`: GetFileAttributesEx c:\Users\user\Desktop\EMPLEOS JESS\dataconnect: The system cannot find the file specified.
 {"metadata":{"emulator":{"name":"dataconnect"},"message":"E0831 15:29:33.973294    2480 watch.go:116] watchAllDir unable to walk dir `c:\\Users\\user\\Desktop\\EMPLEOS JESS\\dataconnect`: GetFileAttributesEx c:\\Users\\user\\Desktop\\EMPLEOS JESS\\dataconnect: The system cannot find the file specified.\n"}}
[debug] [2026-08-31T19:29:33.976Z] E0831 15:29:33.974417    2480 watch.go:40] Failed to load config from "c:\\Users\\user\\Desktop\\EMPLEOS JESS\\dataconnect": could not find dataconnect.yaml in `c:\Users\user\Desktop\EMPLEOS JESS\dataconnect`
 {"metadata":{"emulator":{"name":"dataconnect"},"message":"E0831 15:29:33.974417    2480 watch.go:40] Failed to load config from \"c:\\\\Users\\\\user\\\\Desktop\\\\EMPLEOS JESS\\\\dataconnect\": could not find dataconnect.yaml in `c:\\Users\\user\\Desktop\\EMPLEOS JESS\\dataconnect`\n"}}
[debug] [2026-08-31T19:29:43.972Z] E0831 15:29:43.972817    2480 watch.go:40] Failed to load config from "c:\\Users\\user\\Desktop\\EMPLEOS JESS\\dataconnect": could not find dataconnect.yaml in `c:\Users\user\Desktop\EMPLEOS JESS\dataconnect`
 {"metadata":{"emulator":{"name":"dataconnect"},"message":"E0831 15:29:43.972817    2480 watch.go:40] Failed to load config from \"c:\\\\Users\\\\user\\\\Desktop\\\\EMPLEOS JESS\\\\dataconnect\": could not find dataconnect.yaml in `c:\\Users\\user\\Desktop\\EMPLEOS JESS\\dataconnect`\n"}}
[debug] [2026-08-31T19:29:53.973Z] E0831 15:29:53.972795    2480 watch.go:40] Failed to load config from "c:\\Users\\user\\Desktop\\EMPLEOS JESS\\dataconnect": could not find dataconnect.yaml in `c:\Users\user\Desktop\EMPLEOS JESS\dataconnect`
 {"metadata":{"emulator":{"name":"dataconnect"},"message":"E0831 15:29:53.972795    2480 watch.go:40] Failed to load config from \"c:\\\\Users\\\\user\\\\Desktop\\\\EMPLEOS JESS\\\\dataconnect\": could not find dataconnect.yaml in `c:\\Users\\user\\Desktop\\EMPLEOS JESS\\dataconnect`\n"}}
[debug] [2026-08-31T19:30:03.973Z] E0831 15:30:03.973560    2480 watch.go:40] Failed to load config from "c:\\Users\\user\\Desktop\\EMPLEOS JESS\\dataconnect": could not find dataconnect.yaml in `c:\Users\user\Desktop\EMPLEOS JESS\dataconnect`
 {"metadata":{"emulator":{"name":"dataconnect"},"message":"E0831 15:30:03.973560    2480 watch.go:40] Failed to load config from \"c:\\\\Users\\\\user\\\\Desktop\\\\EMPLEOS JESS\\\\dataconnect\": could not find dataconnect.yaml in `c:\\Users\\user\\Desktop\\EMPLEOS JESS\\dataconnect`\n"}}
[debug] [2026-08-31T19:30:13.973Z] E0831 15:30:13.972545    2480 watch.go:40] Failed to load config from "c:\\Users\\user\\Desktop\\EMPLEOS JESS\\dataconnect": could not find dataconnect.yaml in `c:\Users\user\Desktop\EMPLEOS JESS\dataconnect`
 {"metadata":{"emulator":{"name":"dataconnect"},"message":"E0831 15:30:13.972545    2480 watch.go:40] Failed to load config from \"c:\\\\Users\\\\user\\\\Desktop\\\\EMPLEOS JESS\\\\dataconnect\": could not find dataconnect.yaml in `c:\\Users\\user\\Desktop\\EMPLEOS JESS\\dataconnect`\n"}}
[debug] [2026-08-31T19:30:23.973Z] E0831 15:30:23.972428    2480 watch.go:40] Failed to load config from "c:\\Users\\user\\Desktop\\EMPLEOS JESS\\dataconnect": could not find dataconnect.yaml in `c:\Users\user\Desktop\EMPLEOS JESS\dataconnect`
 {"metadata":{"emulator":{"name":"dataconnect"},"message":"E0831 15:30:23.972428    2480 watch.go:40] Failed to load config from \"c:\\\\Users\\\\user\\\\Desktop\\\\EMPLEOS JESS\\\\dataconnect\": could not find dataconnect.yaml in `c:\\Users\\user\\Desktop\\EMPLEOS JESS\\dataconnect`\n"}}
[debug] [2026-08-31T19:30:33.973Z] E0831 15:30:33.972853    2480 watch.go:116] watchAllDir unable to walk dir `c:\Users\user\Desktop\EMPLEOS JESS\dataconnect`: GetFileAttributesEx c:\Users\user\Desktop\EMPLEOS JESS\dataconnect: The system cannot find the file specified.
 {"metadata":{"emulator":{"name":"dataconnect"},"message":"E0831 15:30:33.972853    2480 watch.go:116] watchAllDir unable to walk dir `c:\\Users\\user\\Desktop\\EMPLEOS JESS\\dataconnect`: GetFileAttributesEx c:\\Users\\user\\Desktop\\EMPLEOS JESS\\dataconnect: The system cannot find the file specified.\n"}}
[debug] [2026-08-31T19:30:33.975Z] E0831 15:30:33.974039    2480 watch.go:40] Failed to load config from "c:\\Users\\user\\Desktop\\EMPLEOS JESS\\dataconnect": could not find dataconnect.yaml in `c:\Users\user\Desktop\EMPLEOS JESS\dataconnect`
 {"metadata":{"emulator":{"name":"dataconnect"},"message":"E0831 15:30:33.974039    2480 watch.go:40] Failed to load config from \"c:\\\\Users\\\\user\\\\Desktop\\\\EMPLEOS JESS\\\\dataconnect\": could not find dataconnect.yaml in `c:\\Users\\user\\Desktop\\EMPLEOS JESS\\dataconnect`\n"}}
[debug] [2026-08-31T19:30:43.972Z] E0831 15:30:43.972213    2480 watch.go:40] Failed to load config from "c:\\Users\\user\\Desktop\\EMPLEOS JESS\\dataconnect": could not find dataconnect.yaml in `c:\Users\user\Desktop\EMPLEOS JESS\dataconnect`
 {"metadata":{"emulator":{"name":"dataconnect"},"message":"E0831 15:30:43.972213    2480 watch.go:40] Failed to load config from \"c:\\\\Users\\\\user\\\\Desktop\\\\EMPLEOS JESS\\\\dataconnect\": could not find dataconnect.yaml in `c:\\Users\\user\\Desktop\\EMPLEOS JESS\\dataconnect`\n"}}
[debug] [2026-08-31T19:30:53.973Z] E0831 15:30:53.972916    2480 watch.go:40] Failed to load config from "c:\\Users\\user\\Desktop\\EMPLEOS JESS\\dataconnect": could not find dataconnect.yaml in `c:\Users\user\Desktop\EMPLEOS JESS\dataconnect`
 {"metadata":{"emulator":{"name":"dataconnect"},"message":"E0831 15:30:53.972916    2480 watch.go:40] Failed to load config from \"c:\\\\Users\\\\user\\\\Desktop\\\\EMPLEOS JESS\\\\dataconnect\": could not find dataconnect.yaml in `c:\\Users\\user\\Desktop\\EMPLEOS JESS\\dataconnect`\n"}}
[debug] [2026-08-31T19:31:03.974Z] E0831 15:31:03.974054    2480 watch.go:40] Failed to load config from "c:\\Users\\user\\Desktop\\EMPLEOS JESS\\dataconnect": could not find dataconnect.yaml in `c:\Users\user\Desktop\EMPLEOS JESS\dataconnect`
 {"metadata":{"emulator":{"name":"dataconnect"},"message":"E0831 15:31:03.974054    2480 watch.go:40] Failed to load config from \"c:\\\\Users\\\\user\\\\Desktop\\\\EMPLEOS JESS\\\\dataconnect\": could not find dataconnect.yaml in `c:\\Users\\user\\Desktop\\EMPLEOS JESS\\dataconnect`\n"}}
[debug] [2026-08-31T19:31:13.973Z] E0831 15:31:13.973968    2480 watch.go:40] Failed to load config from "c:\\Users\\user\\Desktop\\EMPLEOS JESS\\dataconnect": could not find dataconnect.yaml in `c:\Users\user\Desktop\EMPLEOS JESS\dataconnect`
 {"metadata":{"emulator":{"name":"dataconnect"},"message":"E0831 15:31:13.973968    2480 watch.go:40] Failed to load config from \"c:\\\\Users\\\\user\\\\Desktop\\\\EMPLEOS JESS\\\\dataconnect\": could not find dataconnect.yaml in `c:\\Users\\user\\Desktop\\EMPLEOS JESS\\dataconnect`\n"}}
[debug] [2026-08-31T19:31:23.974Z] E0831 15:31:23.974516    2480 watch.go:40] Failed to load config from "c:\\Users\\user\\Desktop\\EMPLEOS JESS\\dataconnect": could not find dataconnect.yaml in `c:\Users\user\Desktop\EMPLEOS JESS\dataconnect`
 {"metadata":{"emulator":{"name":"dataconnect"},"message":"E0831 15:31:23.974516    2480 watch.go:40] Failed to load config from \"c:\\\\Users\\\\user\\\\Desktop\\\\EMPLEOS JESS\\\\dataconnect\": could not find dataconnect.yaml in `c:\\Users\\user\\Desktop\\EMPLEOS JESS\\dataconnect`\n"}}
[debug] [2026-08-31T19:31:33.972Z] E0831 15:31:33.972360    2480 watch.go:116] watchAllDir unable to walk dir `c:\Users\user\Desktop\EMPLEOS JESS\dataconnect`: GetFileAttributesEx c:\Users\user\Desktop\EMPLEOS JESS\dataconnect: The system cannot find the file specified.
 {"metadata":{"emulator":{"name":"dataconnect"},"message":"E0831 15:31:33.972360    2480 watch.go:116] watchAllDir unable to walk dir `c:\\Users\\user\\Desktop\\EMPLEOS JESS\\dataconnect`: GetFileAttributesEx c:\\Users\\user\\Desktop\\EMPLEOS JESS\\dataconnect: The system cannot find the file specified.\n"}}
[debug] [2026-08-31T19:31:33.974Z] E0831 15:31:33.974130    2480 watch.go:40] Failed to load config from "c:\\Users\\user\\Desktop\\EMPLEOS JESS\\dataconnect": could not find dataconnect.yaml in `c:\Users\user\Desktop\EMPLEOS JESS\dataconnect`
 {"metadata":{"emulator":{"name":"dataconnect"},"message":"E0831 15:31:33.974130    2480 watch.go:40] Failed to load config from \"c:\\\\Users\\\\user\\\\Desktop\\\\EMPLEOS JESS\\\\dataconnect\": could not find dataconnect.yaml in `c:\\Users\\user\\Desktop\\EMPLEOS JESS\\dataconnect`\n"}}
[debug] [2026-08-31T19:31:43.975Z] E0831 15:31:43.974522    2480 watch.go:40] Failed to load config from "c:\\Users\\user\\Desktop\\EMPLEOS JESS\\dataconnect": could not find dataconnect.yaml in `c:\Users\user\Desktop\EMPLEOS JESS\dataconnect`
 {"metadata":{"emulator":{"name":"dataconnect"},"message":"E0831 15:31:43.974522    2480 watch.go:40] Failed to load config from \"c:\\\\Users\\\\user\\\\Desktop\\\\EMPLEOS JESS\\\\dataconnect\": could not find dataconnect.yaml in `c:\\Users\\user\\Desktop\\EMPLEOS JESS\\dataconnect`\n"}}
[debug] [2026-08-31T19:31:53.973Z] E0831 15:31:53.972908    2480 watch.go:40] Failed to load config from "c:\\Users\\user\\Desktop\\EMPLEOS JESS\\dataconnect": could not find dataconnect.yaml in `c:\Users\user\Desktop\EMPLEOS JESS\dataconnect`
 {"metadata":{"emulator":{"name":"dataconnect"},"message":"E0831 15:31:53.972908    2480 watch.go:40] Failed to load config from \"c:\\\\Users\\\\user\\\\Desktop\\\\EMPLEOS JESS\\\\dataconnect\": could not find dataconnect.yaml in `c:\\Users\\user\\Desktop\\EMPLEOS JESS\\dataconnect`\n"}}
[debug] [2026-08-31T19:32:03.974Z] E0831 15:32:03.973950    2480 watch.go:40] Failed to load config from "c:\\Users\\user\\Desktop\\EMPLEOS JESS\\dataconnect": could not find dataconnect.yaml in `c:\Users\user\Desktop\EMPLEOS JESS\dataconnect`
 {"metadata":{"emulator":{"name":"dataconnect"},"message":"E0831 15:32:03.973950    2480 watch.go:40] Failed to load config from \"c:\\\\Users\\\\user\\\\Desktop\\\\EMPLEOS JESS\\\\dataconnect\": could not find dataconnect.yaml in `c:\\Users\\user\\Desktop\\EMPLEOS JESS\\dataconnect`\n"}}
[debug] [2026-08-31T19:32:13.973Z] E0831 15:32:13.973064    2480 watch.go:40] Failed to load config from "c:\\Users\\user\\Desktop\\EMPLEOS JESS\\dataconnect": could not find dataconnect.yaml in `c:\Users\user\Desktop\EMPLEOS JESS\dataconnect`
 {"metadata":{"emulator":{"name":"dataconnect"},"message":"E0831 15:32:13.973064    2480 watch.go:40] Failed to load config from \"c:\\\\Users\\\\user\\\\Desktop\\\\EMPLEOS JESS\\\\dataconnect\": could not find dataconnect.yaml in `c:\\Users\\user\\Desktop\\EMPLEOS JESS\\dataconnect`\n"}}
[debug] [2026-08-31T19:32:23.972Z] E0831 15:32:23.972198    2480 watch.go:40] Failed to load config from "c:\\Users\\user\\Desktop\\EMPLEOS JESS\\dataconnect": could not find dataconnect.yaml in `c:\Users\user\Desktop\EMPLEOS JESS\dataconnect`
 {"metadata":{"emulator":{"name":"dataconnect"},"message":"E0831 15:32:23.972198    2480 watch.go:40] Failed to load config from \"c:\\\\Users\\\\user\\\\Desktop\\\\EMPLEOS JESS\\\\dataconnect\": could not find dataconnect.yaml in `c:\\Users\\user\\Desktop\\EMPLEOS JESS\\dataconnect`\n"}}
[debug] [2026-08-31T19:32:33.972Z] E0831 15:32:33.972754    2480 watch.go:116] watchAllDir unable to walk dir `c:\Users\user\Desktop\EMPLEOS JESS\dataconnect`: GetFileAttributesEx c:\Users\user\Desktop\EMPLEOS JESS\dataconnect: The system cannot find the file specified.
 {"metadata":{"emulator":{"name":"dataconnect"},"message":"E0831 15:32:33.972754    2480 watch.go:116] watchAllDir unable to walk dir `c:\\Users\\user\\Desktop\\EMPLEOS JESS\\dataconnect`: GetFileAttributesEx c:\\Users\\user\\Desktop\\EMPLEOS JESS\\dataconnect: The system cannot find the file specified.\n"}}
[debug] [2026-08-31T19:32:33.973Z] E0831 15:32:33.972754    2480 watch.go:40] Failed to load config from "c:\\Users\\user\\Desktop\\EMPLEOS JESS\\dataconnect": could not find dataconnect.yaml in `c:\Users\user\Desktop\EMPLEOS JESS\dataconnect`
 {"metadata":{"emulator":{"name":"dataconnect"},"message":"E0831 15:32:33.972754    2480 watch.go:40] Failed to load config from \"c:\\\\Users\\\\user\\\\Desktop\\\\EMPLEOS JESS\\\\dataconnect\": could not find dataconnect.yaml in `c:\\Users\\user\\Desktop\\EMPLEOS JESS\\dataconnect`\n"}}
[debug] [2026-08-31T19:32:43.974Z] E0831 15:32:43.973713    2480 watch.go:40] Failed to load config from "c:\\Users\\user\\Desktop\\EMPLEOS JESS\\dataconnect": could not find dataconnect.yaml in `c:\Users\user\Desktop\EMPLEOS JESS\dataconnect`
 {"metadata":{"emulator":{"name":"dataconnect"},"message":"E0831 15:32:43.973713    2480 watch.go:40] Failed to load config from \"c:\\\\Users\\\\user\\\\Desktop\\\\EMPLEOS JESS\\\\dataconnect\": could not find dataconnect.yaml in `c:\\Users\\user\\Desktop\\EMPLEOS JESS\\dataconnect`\n"}}
[debug] [2026-08-31T19:32:53.973Z] E0831 15:32:53.972501    2480 watch.go:40] Failed to load config from "c:\\Users\\user\\Desktop\\EMPLEOS JESS\\dataconnect": could not find dataconnect.yaml in `c:\Users\user\Desktop\EMPLEOS JESS\dataconnect`
 {"metadata":{"emulator":{"name":"dataconnect"},"message":"E0831 15:32:53.972501    2480 watch.go:40] Failed to load config from \"c:\\\\Users\\\\user\\\\Desktop\\\\EMPLEOS JESS\\\\dataconnect\": could not find dataconnect.yaml in `c:\\Users\\user\\Desktop\\EMPLEOS JESS\\dataconnect`\n"}}
[debug] [2026-08-31T19:33:03.973Z] E0831 15:33:03.974224    2480 watch.go:40] Failed to load config from "c:\\Users\\user\\Desktop\\EMPLEOS JESS\\dataconnect": could not find dataconnect.yaml in `c:\Users\user\Desktop\EMPLEOS JESS\dataconnect`
 {"metadata":{"emulator":{"name":"dataconnect"},"message":"E0831 15:33:03.974224    2480 watch.go:40] Failed to load config from \"c:\\\\Users\\\\user\\\\Desktop\\\\EMPLEOS JESS\\\\dataconnect\": could not find dataconnect.yaml in `c:\\Users\\user\\Desktop\\EMPLEOS JESS\\dataconnect`\n"}}
[debug] [2026-08-31T19:33:13.971Z] E0831 15:33:13.973012    2480 watch.go:40] Failed to load config from "c:\\Users\\user\\Desktop\\EMPLEOS JESS\\dataconnect": could not find dataconnect.yaml in `c:\Users\user\Desktop\EMPLEOS JESS\dataconnect`
 {"metadata":{"emulator":{"name":"dataconnect"},"message":"E0831 15:33:13.973012    2480 watch.go:40] Failed to load config from \"c:\\\\Users\\\\user\\\\Desktop\\\\EMPLEOS JESS\\\\dataconnect\": could not find dataconnect.yaml in `c:\\Users\\user\\Desktop\\EMPLEOS JESS\\dataconnect`\n"}}
[debug] [2026-08-31T19:33:23.971Z] E0831 15:33:23.972431    2480 watch.go:40] Failed to load config from "c:\\Users\\user\\Desktop\\EMPLEOS JESS\\dataconnect": could not find dataconnect.yaml in `c:\Users\user\Desktop\EMPLEOS JESS\dataconnect`
 {"metadata":{"emulator":{"name":"dataconnect"},"message":"E0831 15:33:23.972431    2480 watch.go:40] Failed to load config from \"c:\\\\Users\\\\user\\\\Desktop\\\\EMPLEOS JESS\\\\dataconnect\": could not find dataconnect.yaml in `c:\\Users\\user\\Desktop\\EMPLEOS JESS\\dataconnect`\n"}}
[debug] [2026-08-31T19:33:33.971Z] E0831 15:33:33.972399    2480 watch.go:116] watchAllDir unable to walk dir `c:\Users\user\Desktop\EMPLEOS JESS\dataconnect`: GetFileAttributesEx c:\Users\user\Desktop\EMPLEOS JESS\dataconnect: The system cannot find the file specified.
 {"metadata":{"emulator":{"name":"dataconnect"},"message":"E0831 15:33:33.972399    2480 watch.go:116] watchAllDir unable to walk dir `c:\\Users\\user\\Desktop\\EMPLEOS JESS\\dataconnect`: GetFileAttributesEx c:\\Users\\user\\Desktop\\EMPLEOS JESS\\dataconnect: The system cannot find the file specified.\n"}}
[debug] [2026-08-31T19:33:33.973Z] E0831 15:33:33.974689    2480 watch.go:40] Failed to load config from "c:\\Users\\user\\Desktop\\EMPLEOS JESS\\dataconnect": could not find dataconnect.yaml in `c:\Users\user\Desktop\EMPLEOS JESS\dataconnect`
 {"metadata":{"emulator":{"name":"dataconnect"},"message":"E0831 15:33:33.974689    2480 watch.go:40] Failed to load config from \"c:\\\\Users\\\\user\\\\Desktop\\\\EMPLEOS JESS\\\\dataconnect\": could not find dataconnect.yaml in `c:\\Users\\user\\Desktop\\EMPLEOS JESS\\dataconnect`\n"}}
[debug] [2026-08-31T19:33:43.971Z] E0831 15:33:43.972900    2480 watch.go:40] Failed to load config from "c:\\Users\\user\\Desktop\\EMPLEOS JESS\\dataconnect": could not find dataconnect.yaml in `c:\Users\user\Desktop\EMPLEOS JESS\dataconnect`
 {"metadata":{"emulator":{"name":"dataconnect"},"message":"E0831 15:33:43.972900    2480 watch.go:40] Failed to load config from \"c:\\\\Users\\\\user\\\\Desktop\\\\EMPLEOS JESS\\\\dataconnect\": could not find dataconnect.yaml in `c:\\Users\\user\\Desktop\\EMPLEOS JESS\\dataconnect`\n"}}
[debug] [2026-08-31T19:33:53.971Z] E0831 15:33:53.972416    2480 watch.go:40] Failed to load config from "c:\\Users\\user\\Desktop\\EMPLEOS JESS\\dataconnect": could not find dataconnect.yaml in `c:\Users\user\Desktop\EMPLEOS JESS\dataconnect`
 {"metadata":{"emulator":{"name":"dataconnect"},"message":"E0831 15:33:53.972416    2480 watch.go:40] Failed to load config from \"c:\\\\Users\\\\user\\\\Desktop\\\\EMPLEOS JESS\\\\dataconnect\": could not find dataconnect.yaml in `c:\\Users\\user\\Desktop\\EMPLEOS JESS\\dataconnect`\n"}}
[debug] [2026-08-31T19:34:03.973Z] E0831 15:34:03.973436    2480 watch.go:40] Failed to load config from "c:\\Users\\user\\Desktop\\EMPLEOS JESS\\dataconnect": could not find dataconnect.yaml in `c:\Users\user\Desktop\EMPLEOS JESS\dataconnect`
 {"metadata":{"emulator":{"name":"dataconnect"},"message":"E0831 15:34:03.973436    2480 watch.go:40] Failed to load config from \"c:\\\\Users\\\\user\\\\Desktop\\\\EMPLEOS JESS\\\\dataconnect\": could not find dataconnect.yaml in `c:\\Users\\user\\Desktop\\EMPLEOS JESS\\dataconnect`\n"}}
[debug] [2026-08-31T19:34:13.973Z] E0831 15:34:13.972566    2480 watch.go:40] Failed to load config from "c:\\Users\\user\\Desktop\\EMPLEOS JESS\\dataconnect": could not find dataconnect.yaml in `c:\Users\user\Desktop\EMPLEOS JESS\dataconnect`
 {"metadata":{"emulator":{"name":"dataconnect"},"message":"E0831 15:34:13.972566    2480 watch.go:40] Failed to load config from \"c:\\\\Users\\\\user\\\\Desktop\\\\EMPLEOS JESS\\\\dataconnect\": could not find dataconnect.yaml in `c:\\Users\\user\\Desktop\\EMPLEOS JESS\\dataconnect`\n"}}
[debug] [2026-08-31T19:34:23.972Z] E0831 15:34:23.972283    2480 watch.go:40] Failed to load config from "c:\\Users\\user\\Desktop\\EMPLEOS JESS\\dataconnect": could not find dataconnect.yaml in `c:\Users\user\Desktop\EMPLEOS JESS\dataconnect`
 {"metadata":{"emulator":{"name":"dataconnect"},"message":"E0831 15:34:23.972283    2480 watch.go:40] Failed to load config from \"c:\\\\Users\\\\user\\\\Desktop\\\\EMPLEOS JESS\\\\dataconnect\": could not find dataconnect.yaml in `c:\\Users\\user\\Desktop\\EMPLEOS JESS\\dataconnect`\n"}}
[debug] [2026-08-31T19:34:33.972Z] E0831 15:34:33.972296    2480 watch.go:116] watchAllDir unable to walk dir `c:\Users\user\Desktop\EMPLEOS JESS\dataconnect`: GetFileAttributesEx c:\Users\user\Desktop\EMPLEOS JESS\dataconnect: The system cannot find the file specified.
 {"metadata":{"emulator":{"name":"dataconnect"},"message":"E0831 15:34:33.972296    2480 watch.go:116] watchAllDir unable to walk dir `c:\\Users\\user\\Desktop\\EMPLEOS JESS\\dataconnect`: GetFileAttributesEx c:\\Users\\user\\Desktop\\EMPLEOS JESS\\dataconnect: The system cannot find the file specified.\n"}}
[debug] [2026-08-31T19:34:33.974Z] E0831 15:34:33.972848    2480 watch.go:40] Failed to load config from "c:\\Users\\user\\Desktop\\EMPLEOS JESS\\dataconnect": could not find dataconnect.yaml in `c:\Users\user\Desktop\EMPLEOS JESS\dataconnect`
 {"metadata":{"emulator":{"name":"dataconnect"},"message":"E0831 15:34:33.972848    2480 watch.go:40] Failed to load config from \"c:\\\\Users\\\\user\\\\Desktop\\\\EMPLEOS JESS\\\\dataconnect\": could not find dataconnect.yaml in `c:\\Users\\user\\Desktop\\EMPLEOS JESS\\dataconnect`\n"}}
[debug] [2026-08-31T19:34:43.973Z] E0831 15:34:43.972736    2480 watch.go:40] Failed to load config from "c:\\Users\\user\\Desktop\\EMPLEOS JESS\\dataconnect": could not find dataconnect.yaml in `c:\Users\user\Desktop\EMPLEOS JESS\dataconnect`
 {"metadata":{"emulator":{"name":"dataconnect"},"message":"E0831 15:34:43.972736    2480 watch.go:40] Failed to load config from \"c:\\\\Users\\\\user\\\\Desktop\\\\EMPLEOS JESS\\\\dataconnect\": could not find dataconnect.yaml in `c:\\Users\\user\\Desktop\\EMPLEOS JESS\\dataconnect`\n"}}
[debug] [2026-08-31T19:34:53.973Z] E0831 15:34:53.973493    2480 watch.go:40] Failed to load config from "c:\\Users\\user\\Desktop\\EMPLEOS JESS\\dataconnect": could not find dataconnect.yaml in `c:\Users\user\Desktop\EMPLEOS JESS\dataconnect`
 {"metadata":{"emulator":{"name":"dataconnect"},"message":"E0831 15:34:53.973493    2480 watch.go:40] Failed to load config from \"c:\\\\Users\\\\user\\\\Desktop\\\\EMPLEOS JESS\\\\dataconnect\": could not find dataconnect.yaml in `c:\\Users\\user\\Desktop\\EMPLEOS JESS\\dataconnect`\n"}}
[debug] [2026-08-31T19:35:03.972Z] E0831 15:35:03.972223    2480 watch.go:40] Failed to load config from "c:\\Users\\user\\Desktop\\EMPLEOS JESS\\dataconnect": could not find dataconnect.yaml in `c:\Users\user\Desktop\EMPLEOS JESS\dataconnect`
 {"metadata":{"emulator":{"name":"dataconnect"},"message":"E0831 15:35:03.972223    2480 watch.go:40] Failed to load config from \"c:\\\\Users\\\\user\\\\Desktop\\\\EMPLEOS JESS\\\\dataconnect\": could not find dataconnect.yaml in `c:\\Users\\user\\Desktop\\EMPLEOS JESS\\dataconnect`\n"}}
[debug] [2026-08-31T19:35:13.972Z] E0831 15:35:13.972585    2480 watch.go:40] Failed to load config from "c:\\Users\\user\\Desktop\\EMPLEOS JESS\\dataconnect": could not find dataconnect.yaml in `c:\Users\user\Desktop\EMPLEOS JESS\dataconnect`
 {"metadata":{"emulator":{"name":"dataconnect"},"message":"E0831 15:35:13.972585    2480 watch.go:40] Failed to load config from \"c:\\\\Users\\\\user\\\\Desktop\\\\EMPLEOS JESS\\\\dataconnect\": could not find dataconnect.yaml in `c:\\Users\\user\\Desktop\\EMPLEOS JESS\\dataconnect`\n"}}
[debug] [2026-08-31T19:35:23.973Z] E0831 15:35:23.972189    2480 watch.go:40] Failed to load config from "c:\\Users\\user\\Desktop\\EMPLEOS JESS\\dataconnect": could not find dataconnect.yaml in `c:\Users\user\Desktop\EMPLEOS JESS\dataconnect`
 {"metadata":{"emulator":{"name":"dataconnect"},"message":"E0831 15:35:23.972189    2480 watch.go:40] Failed to load config from \"c:\\\\Users\\\\user\\\\Desktop\\\\EMPLEOS JESS\\\\dataconnect\": could not find dataconnect.yaml in `c:\\Users\\user\\Desktop\\EMPLEOS JESS\\dataconnect`\n"}}
[debug] [2026-08-31T19:35:33.972Z] E0831 15:35:33.972364    2480 watch.go:116] watchAllDir unable to walk dir `c:\Users\user\Desktop\EMPLEOS JESS\dataconnect`: GetFileAttributesEx c:\Users\user\Desktop\EMPLEOS JESS\dataconnect: The system cannot find the file specified.
 {"metadata":{"emulator":{"name":"dataconnect"},"message":"E0831 15:35:33.972364    2480 watch.go:116] watchAllDir unable to walk dir `c:\\Users\\user\\Desktop\\EMPLEOS JESS\\dataconnect`: GetFileAttributesEx c:\\Users\\user\\Desktop\\EMPLEOS JESS\\dataconnect: The system cannot find the file specified.\n"}}
[debug] [2026-08-31T19:35:33.973Z] E0831 15:35:33.972364    2480 watch.go:40] Failed to load config from "c:\\Users\\user\\Desktop\\EMPLEOS JESS\\dataconnect": could not find dataconnect.yaml in `c:\Users\user\Desktop\EMPLEOS JESS\dataconnect`
 {"metadata":{"emulator":{"name":"dataconnect"},"message":"E0831 15:35:33.972364    2480 watch.go:40] Failed to load config from \"c:\\\\Users\\\\user\\\\Desktop\\\\EMPLEOS JESS\\\\dataconnect\": could not find dataconnect.yaml in `c:\\Users\\user\\Desktop\\EMPLEOS JESS\\dataconnect`\n"}}
[debug] [2026-08-31T19:35:43.975Z] E0831 15:35:43.974665    2480 watch.go:40] Failed to load config from "c:\\Users\\user\\Desktop\\EMPLEOS JESS\\dataconnect": could not find dataconnect.yaml in `c:\Users\user\Desktop\EMPLEOS JESS\dataconnect`
 {"metadata":{"emulator":{"name":"dataconnect"},"message":"E0831 15:35:43.974665    2480 watch.go:40] Failed to load config from \"c:\\\\Users\\\\user\\\\Desktop\\\\EMPLEOS JESS\\\\dataconnect\": could not find dataconnect.yaml in `c:\\Users\\user\\Desktop\\EMPLEOS JESS\\dataconnect`\n"}}
[debug] [2026-08-31T19:35:53.975Z] E0831 15:35:53.974545    2480 watch.go:40] Failed to load config from "c:\\Users\\user\\Desktop\\EMPLEOS JESS\\dataconnect": could not find dataconnect.yaml in `c:\Users\user\Desktop\EMPLEOS JESS\dataconnect`
 {"metadata":{"emulator":{"name":"dataconnect"},"message":"E0831 15:35:53.974545    2480 watch.go:40] Failed to load config from \"c:\\\\Users\\\\user\\\\Desktop\\\\EMPLEOS JESS\\\\dataconnect\": could not find dataconnect.yaml in `c:\\Users\\user\\Desktop\\EMPLEOS JESS\\dataconnect`\n"}}
[debug] [2026-08-31T19:36:03.973Z] E0831 15:36:03.973975    2480 watch.go:40] Failed to load config from "c:\\Users\\user\\Desktop\\EMPLEOS JESS\\dataconnect": could not find dataconnect.yaml in `c:\Users\user\Desktop\EMPLEOS JESS\dataconnect`
 {"metadata":{"emulator":{"name":"dataconnect"},"message":"E0831 15:36:03.973975    2480 watch.go:40] Failed to load config from \"c:\\\\Users\\\\user\\\\Desktop\\\\EMPLEOS JESS\\\\dataconnect\": could not find dataconnect.yaml in `c:\\Users\\user\\Desktop\\EMPLEOS JESS\\dataconnect`\n"}}
[debug] [2026-08-31T19:36:13.973Z] E0831 15:36:13.973573    2480 watch.go:40] Failed to load config from "c:\\Users\\user\\Desktop\\EMPLEOS JESS\\dataconnect": could not find dataconnect.yaml in `c:\Users\user\Desktop\EMPLEOS JESS\dataconnect`
 {"metadata":{"emulator":{"name":"dataconnect"},"message":"E0831 15:36:13.973573    2480 watch.go:40] Failed to load config from \"c:\\\\Users\\\\user\\\\Desktop\\\\EMPLEOS JESS\\\\dataconnect\": could not find dataconnect.yaml in `c:\\Users\\user\\Desktop\\EMPLEOS JESS\\dataconnect`\n"}}
[debug] [2026-08-31T19:36:23.974Z] E0831 15:36:23.975410    2480 watch.go:40] Failed to load config from "c:\\Users\\user\\Desktop\\EMPLEOS JESS\\dataconnect": could not find dataconnect.yaml in `c:\Users\user\Desktop\EMPLEOS JESS\dataconnect`
 {"metadata":{"emulator":{"name":"dataconnect"},"message":"E0831 15:36:23.975410    2480 watch.go:40] Failed to load config from \"c:\\\\Users\\\\user\\\\Desktop\\\\EMPLEOS JESS\\\\dataconnect\": could not find dataconnect.yaml in `c:\\Users\\user\\Desktop\\EMPLEOS JESS\\dataconnect`\n"}}
[debug] [2026-08-31T19:36:33.971Z] E0831 15:36:33.972751    2480 watch.go:116] watchAllDir unable to walk dir `c:\Users\user\Desktop\EMPLEOS JESS\dataconnect`: GetFileAttributesEx c:\Users\user\Desktop\EMPLEOS JESS\dataconnect: The system cannot find the file specified.
 {"metadata":{"emulator":{"name":"dataconnect"},"message":"E0831 15:36:33.972751    2480 watch.go:116] watchAllDir unable to walk dir `c:\\Users\\user\\Desktop\\EMPLEOS JESS\\dataconnect`: GetFileAttributesEx c:\\Users\\user\\Desktop\\EMPLEOS JESS\\dataconnect: The system cannot find the file specified.\n"}}
[debug] [2026-08-31T19:36:33.972Z] E0831 15:36:33.972751    2480 watch.go:40] Failed to load config from "c:\\Users\\user\\Desktop\\EMPLEOS JESS\\dataconnect": could not find dataconnect.yaml in `c:\Users\user\Desktop\EMPLEOS JESS\dataconnect`
 {"metadata":{"emulator":{"name":"dataconnect"},"message":"E0831 15:36:33.972751    2480 watch.go:40] Failed to load config from \"c:\\\\Users\\\\user\\\\Desktop\\\\EMPLEOS JESS\\\\dataconnect\": could not find dataconnect.yaml in `c:\\Users\\user\\Desktop\\EMPLEOS JESS\\dataconnect`\n"}}
[debug] [2026-08-31T19:36:43.971Z] E0831 15:36:43.972015    2480 watch.go:40] Failed to load config from "c:\\Users\\user\\Desktop\\EMPLEOS JESS\\dataconnect": could not find dataconnect.yaml in `c:\Users\user\Desktop\EMPLEOS JESS\dataconnect`
 {"metadata":{"emulator":{"name":"dataconnect"},"message":"E0831 15:36:43.972015    2480 watch.go:40] Failed to load config from \"c:\\\\Users\\\\user\\\\Desktop\\\\EMPLEOS JESS\\\\dataconnect\": could not find dataconnect.yaml in `c:\\Users\\user\\Desktop\\EMPLEOS JESS\\dataconnect`\n"}}
[debug] [2026-08-31T19:36:53.974Z] E0831 15:36:53.973834    2480 watch.go:40] Failed to load config from "c:\\Users\\user\\Desktop\\EMPLEOS JESS\\dataconnect": could not find dataconnect.yaml in `c:\Users\user\Desktop\EMPLEOS JESS\dataconnect`
 {"metadata":{"emulator":{"name":"dataconnect"},"message":"E0831 15:36:53.973834    2480 watch.go:40] Failed to load config from \"c:\\\\Users\\\\user\\\\Desktop\\\\EMPLEOS JESS\\\\dataconnect\": could not find dataconnect.yaml in `c:\\Users\\user\\Desktop\\EMPLEOS JESS\\dataconnect`\n"}}
[debug] [2026-08-31T19:37:03.973Z] E0831 15:37:03.973886    2480 watch.go:40] Failed to load config from "c:\\Users\\user\\Desktop\\EMPLEOS JESS\\dataconnect": could not find dataconnect.yaml in `c:\Users\user\Desktop\EMPLEOS JESS\dataconnect`
 {"metadata":{"emulator":{"name":"dataconnect"},"message":"E0831 15:37:03.973886    2480 watch.go:40] Failed to load config from \"c:\\\\Users\\\\user\\\\Desktop\\\\EMPLEOS JESS\\\\dataconnect\": could not find dataconnect.yaml in `c:\\Users\\user\\Desktop\\EMPLEOS JESS\\dataconnect`\n"}}
[debug] [2026-08-31T19:37:13.973Z] E0831 15:37:13.973677    2480 watch.go:40] Failed to load config from "c:\\Users\\user\\Desktop\\EMPLEOS JESS\\dataconnect": could not find dataconnect.yaml in `c:\Users\user\Desktop\EMPLEOS JESS\dataconnect`
 {"metadata":{"emulator":{"name":"dataconnect"},"message":"E0831 15:37:13.973677    2480 watch.go:40] Failed to load config from \"c:\\\\Users\\\\user\\\\Desktop\\\\EMPLEOS JESS\\\\dataconnect\": could not find dataconnect.yaml in `c:\\Users\\user\\Desktop\\EMPLEOS JESS\\dataconnect`\n"}}
[debug] [2026-08-31T19:37:23.972Z] E0831 15:37:23.973278    2480 watch.go:40] Failed to load config from "c:\\Users\\user\\Desktop\\EMPLEOS JESS\\dataconnect": could not find dataconnect.yaml in `c:\Users\user\Desktop\EMPLEOS JESS\dataconnect`
 {"metadata":{"emulator":{"name":"dataconnect"},"message":"E0831 15:37:23.973278    2480 watch.go:40] Failed to load config from \"c:\\\\Users\\\\user\\\\Desktop\\\\EMPLEOS JESS\\\\dataconnect\": could not find dataconnect.yaml in `c:\\Users\\user\\Desktop\\EMPLEOS JESS\\dataconnect`\n"}}
[debug] [2026-08-31T19:37:33.982Z] E0831 15:37:33.972277    2480 watch.go:116] watchAllDir unable to walk dir `c:\Users\user\Desktop\EMPLEOS JESS\dataconnect`: GetFileAttributesEx c:\Users\user\Desktop\EMPLEOS JESS\dataconnect: The system cannot find the file specified.
E0831 15:37:33.972912    2480 watch.go:40] Failed to load config from "c:\\Users\\user\\Desktop\\EMPLEOS JESS\\dataconnect": could not find dataconnect.yaml in `c:\Users\user\Desktop\EMPLEOS JESS\dataconnect`
 {"metadata":{"emulator":{"name":"dataconnect"},"message":"E0831 15:37:33.972277    2480 watch.go:116] watchAllDir unable to walk dir `c:\\Users\\user\\Desktop\\EMPLEOS JESS\\dataconnect`: GetFileAttributesEx c:\\Users\\user\\Desktop\\EMPLEOS JESS\\dataconnect: The system cannot find the file specified.\nE0831 15:37:33.972912    2480 watch.go:40] Failed to load config from \"c:\\\\Users\\\\user\\\\Desktop\\\\EMPLEOS JESS\\\\dataconnect\": could not find dataconnect.yaml in `c:\\Users\\user\\Desktop\\EMPLEOS JESS\\dataconnect`\n"}}
[debug] [2026-08-31T19:37:43.974Z] E0831 15:37:43.974734    2480 watch.go:40] Failed to load config from "c:\\Users\\user\\Desktop\\EMPLEOS JESS\\dataconnect": could not find dataconnect.yaml in `c:\Users\user\Desktop\EMPLEOS JESS\dataconnect`
 {"metadata":{"emulator":{"name":"dataconnect"},"message":"E0831 15:37:43.974734    2480 watch.go:40] Failed to load config from \"c:\\\\Users\\\\user\\\\Desktop\\\\EMPLEOS JESS\\\\dataconnect\": could not find dataconnect.yaml in `c:\\Users\\user\\Desktop\\EMPLEOS JESS\\dataconnect`\n"}}
[debug] [2026-08-31T19:37:53.973Z] E0831 15:37:53.974197    2480 watch.go:40] Failed to load config from "c:\\Users\\user\\Desktop\\EMPLEOS JESS\\dataconnect": could not find dataconnect.yaml in `c:\Users\user\Desktop\EMPLEOS JESS\dataconnect`
 {"metadata":{"emulator":{"name":"dataconnect"},"message":"E0831 15:37:53.974197    2480 watch.go:40] Failed to load config from \"c:\\\\Users\\\\user\\\\Desktop\\\\EMPLEOS JESS\\\\dataconnect\": could not find dataconnect.yaml in `c:\\Users\\user\\Desktop\\EMPLEOS JESS\\dataconnect`\n"}}
[debug] [2026-08-31T19:38:03.973Z] E0831 15:38:03.973615    2480 watch.go:40] Failed to load config from "c:\\Users\\user\\Desktop\\EMPLEOS JESS\\dataconnect": could not find dataconnect.yaml in `c:\Users\user\Desktop\EMPLEOS JESS\dataconnect`
 {"metadata":{"emulator":{"name":"dataconnect"},"message":"E0831 15:38:03.973615    2480 watch.go:40] Failed to load config from \"c:\\\\Users\\\\user\\\\Desktop\\\\EMPLEOS JESS\\\\dataconnect\": could not find dataconnect.yaml in `c:\\Users\\user\\Desktop\\EMPLEOS JESS\\dataconnect`\n"}}
[debug] [2026-08-31T19:38:13.975Z] E0831 15:38:13.975308    2480 watch.go:40] Failed to load config from "c:\\Users\\user\\Desktop\\EMPLEOS JESS\\dataconnect": could not find dataconnect.yaml in `c:\Users\user\Desktop\EMPLEOS JESS\dataconnect`
 {"metadata":{"emulator":{"name":"dataconnect"},"message":"E0831 15:38:13.975308    2480 watch.go:40] Failed to load config from \"c:\\\\Users\\\\user\\\\Desktop\\\\EMPLEOS JESS\\\\dataconnect\": could not find dataconnect.yaml in `c:\\Users\\user\\Desktop\\EMPLEOS JESS\\dataconnect`\n"}}
[debug] [2026-08-31T19:38:23.974Z] E0831 15:38:23.974419    2480 watch.go:40] Failed to load config from "c:\\Users\\user\\Desktop\\EMPLEOS JESS\\dataconnect": could not find dataconnect.yaml in `c:\Users\user\Desktop\EMPLEOS JESS\dataconnect`
 {"metadata":{"emulator":{"name":"dataconnect"},"message":"E0831 15:38:23.974419    2480 watch.go:40] Failed to load config from \"c:\\\\Users\\\\user\\\\Desktop\\\\EMPLEOS JESS\\\\dataconnect\": could not find dataconnect.yaml in `c:\\Users\\user\\Desktop\\EMPLEOS JESS\\dataconnect`\n"}}
[debug] [2026-08-31T19:38:33.972Z] E0831 15:38:33.972342    2480 watch.go:116] watchAllDir unable to walk dir `c:\Users\user\Desktop\EMPLEOS JESS\dataconnect`: GetFileAttributesEx c:\Users\user\Desktop\EMPLEOS JESS\dataconnect: The system cannot find the file specified.
 {"metadata":{"emulator":{"name":"dataconnect"},"message":"E0831 15:38:33.972342    2480 watch.go:116] watchAllDir unable to walk dir `c:\\Users\\user\\Desktop\\EMPLEOS JESS\\dataconnect`: GetFileAttributesEx c:\\Users\\user\\Desktop\\EMPLEOS JESS\\dataconnect: The system cannot find the file specified.\n"}}
[debug] [2026-08-31T19:38:33.974Z] E0831 15:38:33.973594    2480 watch.go:40] Failed to load config from "c:\\Users\\user\\Desktop\\EMPLEOS JESS\\dataconnect": could not find dataconnect.yaml in `c:\Users\user\Desktop\EMPLEOS JESS\dataconnect`
 {"metadata":{"emulator":{"name":"dataconnect"},"message":"E0831 15:38:33.973594    2480 watch.go:40] Failed to load config from \"c:\\\\Users\\\\user\\\\Desktop\\\\EMPLEOS JESS\\\\dataconnect\": could not find dataconnect.yaml in `c:\\Users\\user\\Desktop\\EMPLEOS JESS\\dataconnect`\n"}}
[debug] [2026-08-31T19:38:43.974Z] E0831 15:38:43.973685    2480 watch.go:40] Failed to load config from "c:\\Users\\user\\Desktop\\EMPLEOS JESS\\dataconnect": could not find dataconnect.yaml in `c:\Users\user\Desktop\EMPLEOS JESS\dataconnect`
 {"metadata":{"emulator":{"name":"dataconnect"},"message":"E0831 15:38:43.973685    2480 watch.go:40] Failed to load config from \"c:\\\\Users\\\\user\\\\Desktop\\\\EMPLEOS JESS\\\\dataconnect\": could not find dataconnect.yaml in `c:\\Users\\user\\Desktop\\EMPLEOS JESS\\dataconnect`\n"}}
[debug] [2026-08-31T19:38:53.973Z] E0831 15:38:53.973589    2480 watch.go:40] Failed to load config from "c:\\Users\\user\\Desktop\\EMPLEOS JESS\\dataconnect": could not find dataconnect.yaml in `c:\Users\user\Desktop\EMPLEOS JESS\dataconnect`
 {"metadata":{"emulator":{"name":"dataconnect"},"message":"E0831 15:38:53.973589    2480 watch.go:40] Failed to load config from \"c:\\\\Users\\\\user\\\\Desktop\\\\EMPLEOS JESS\\\\dataconnect\": could not find dataconnect.yaml in `c:\\Users\\user\\Desktop\\EMPLEOS JESS\\dataconnect`\n"}}
[debug] [2026-08-31T19:39:03.973Z] E0831 15:39:03.972644    2480 watch.go:40] Failed to load config from "c:\\Users\\user\\Desktop\\EMPLEOS JESS\\dataconnect": could not find dataconnect.yaml in `c:\Users\user\Desktop\EMPLEOS JESS\dataconnect`
 {"metadata":{"emulator":{"name":"dataconnect"},"message":"E0831 15:39:03.972644    2480 watch.go:40] Failed to load config from \"c:\\\\Users\\\\user\\\\Desktop\\\\EMPLEOS JESS\\\\dataconnect\": could not find dataconnect.yaml in `c:\\Users\\user\\Desktop\\EMPLEOS JESS\\dataconnect`\n"}}
[debug] [2026-08-31T19:39:13.973Z] E0831 15:39:13.973120    2480 watch.go:40] Failed to load config from "c:\\Users\\user\\Desktop\\EMPLEOS JESS\\dataconnect": could not find dataconnect.yaml in `c:\Users\user\Desktop\EMPLEOS JESS\dataconnect`
 {"metadata":{"emulator":{"name":"dataconnect"},"message":"E0831 15:39:13.973120    2480 watch.go:40] Failed to load config from \"c:\\\\Users\\\\user\\\\Desktop\\\\EMPLEOS JESS\\\\dataconnect\": could not find dataconnect.yaml in `c:\\Users\\user\\Desktop\\EMPLEOS JESS\\dataconnect`\n"}}
[debug] [2026-08-31T19:39:23.972Z] E0831 15:39:23.972329    2480 watch.go:40] Failed to load config from "c:\\Users\\user\\Desktop\\EMPLEOS JESS\\dataconnect": could not find dataconnect.yaml in `c:\Users\user\Desktop\EMPLEOS JESS\dataconnect`
 {"metadata":{"emulator":{"name":"dataconnect"},"message":"E0831 15:39:23.972329    2480 watch.go:40] Failed to load config from \"c:\\\\Users\\\\user\\\\Desktop\\\\EMPLEOS JESS\\\\dataconnect\": could not find dataconnect.yaml in `c:\\Users\\user\\Desktop\\EMPLEOS JESS\\dataconnect`\n"}}
[debug] [2026-08-31T19:39:33.973Z] E0831 15:39:33.973156    2480 watch.go:116] watchAllDir unable to walk dir `c:\Users\user\Desktop\EMPLEOS JESS\dataconnect`: GetFileAttributesEx c:\Users\user\Desktop\EMPLEOS JESS\dataconnect: The system cannot find the file specified.
 {"metadata":{"emulator":{"name":"dataconnect"},"message":"E0831 15:39:33.973156    2480 watch.go:116] watchAllDir unable to walk dir `c:\\Users\\user\\Desktop\\EMPLEOS JESS\\dataconnect`: GetFileAttributesEx c:\\Users\\user\\Desktop\\EMPLEOS JESS\\dataconnect: The system cannot find the file specified.\n"}}
[debug] [2026-08-31T19:39:33.975Z] E0831 15:39:33.973156    2480 watch.go:40] Failed to load config from "c:\\Users\\user\\Desktop\\EMPLEOS JESS\\dataconnect": could not find dataconnect.yaml in `c:\Users\user\Desktop\EMPLEOS JESS\dataconnect`
 {"metadata":{"emulator":{"name":"dataconnect"},"message":"E0831 15:39:33.973156    2480 watch.go:40] Failed to load config from \"c:\\\\Users\\\\user\\\\Desktop\\\\EMPLEOS JESS\\\\dataconnect\": could not find dataconnect.yaml in `c:\\Users\\user\\Desktop\\EMPLEOS JESS\\dataconnect`\n"}}
[debug] [2026-08-31T19:39:43.974Z] E0831 15:39:43.972913    2480 watch.go:40] Failed to load config from "c:\\Users\\user\\Desktop\\EMPLEOS JESS\\dataconnect": could not find dataconnect.yaml in `c:\Users\user\Desktop\EMPLEOS JESS\dataconnect`
 {"metadata":{"emulator":{"name":"dataconnect"},"message":"E0831 15:39:43.972913    2480 watch.go:40] Failed to load config from \"c:\\\\Users\\\\user\\\\Desktop\\\\EMPLEOS JESS\\\\dataconnect\": could not find dataconnect.yaml in `c:\\Users\\user\\Desktop\\EMPLEOS JESS\\dataconnect`\n"}}
[debug] [2026-08-31T19:39:53.972Z] E0831 15:39:53.972202    2480 watch.go:40] Failed to load config from "c:\\Users\\user\\Desktop\\EMPLEOS JESS\\dataconnect": could not find dataconnect.yaml in `c:\Users\user\Desktop\EMPLEOS JESS\dataconnect`
 {"metadata":{"emulator":{"name":"dataconnect"},"message":"E0831 15:39:53.972202    2480 watch.go:40] Failed to load config from \"c:\\\\Users\\\\user\\\\Desktop\\\\EMPLEOS JESS\\\\dataconnect\": could not find dataconnect.yaml in `c:\\Users\\user\\Desktop\\EMPLEOS JESS\\dataconnect`\n"}}
[debug] [2026-08-31T19:40:03.972Z] E0831 15:40:03.972443    2480 watch.go:40] Failed to load config from "c:\\Users\\user\\Desktop\\EMPLEOS JESS\\dataconnect": could not find dataconnect.yaml in `c:\Users\user\Desktop\EMPLEOS JESS\dataconnect`
 {"metadata":{"emulator":{"name":"dataconnect"},"message":"E0831 15:40:03.972443    2480 watch.go:40] Failed to load config from \"c:\\\\Users\\\\user\\\\Desktop\\\\EMPLEOS JESS\\\\dataconnect\": could not find dataconnect.yaml in `c:\\Users\\user\\Desktop\\EMPLEOS JESS\\dataconnect`\n"}}
[debug] [2026-08-31T19:40:13.973Z] E0831 15:40:13.973130    2480 watch.go:40] Failed to load config from "c:\\Users\\user\\Desktop\\EMPLEOS JESS\\dataconnect": could not find dataconnect.yaml in `c:\Users\user\Desktop\EMPLEOS JESS\dataconnect`
 {"metadata":{"emulator":{"name":"dataconnect"},"message":"E0831 15:40:13.973130    2480 watch.go:40] Failed to load config from \"c:\\\\Users\\\\user\\\\Desktop\\\\EMPLEOS JESS\\\\dataconnect\": could not find dataconnect.yaml in `c:\\Users\\user\\Desktop\\EMPLEOS JESS\\dataconnect`\n"}}
[debug] [2026-08-31T19:40:23.976Z] E0831 15:40:23.975600    2480 watch.go:40] Failed to load config from "c:\\Users\\user\\Desktop\\EMPLEOS JESS\\dataconnect": could not find dataconnect.yaml in `c:\Users\user\Desktop\EMPLEOS JESS\dataconnect`
 {"metadata":{"emulator":{"name":"dataconnect"},"message":"E0831 15:40:23.975600    2480 watch.go:40] Failed to load config from \"c:\\\\Users\\\\user\\\\Desktop\\\\EMPLEOS JESS\\\\dataconnect\": could not find dataconnect.yaml in `c:\\Users\\user\\Desktop\\EMPLEOS JESS\\dataconnect`\n"}}
[debug] [2026-08-31T19:40:33.973Z] E0831 15:40:33.972938    2480 watch.go:116] watchAllDir unable to walk dir `c:\Users\user\Desktop\EMPLEOS JESS\dataconnect`: GetFileAttributesEx c:\Users\user\Desktop\EMPLEOS JESS\dataconnect: The system cannot find the file specified.
 {"metadata":{"emulator":{"name":"dataconnect"},"message":"E0831 15:40:33.972938    2480 watch.go:116] watchAllDir unable to walk dir `c:\\Users\\user\\Desktop\\EMPLEOS JESS\\dataconnect`: GetFileAttributesEx c:\\Users\\user\\Desktop\\EMPLEOS JESS\\dataconnect: The system cannot find the file specified.\n"}}
[debug] [2026-08-31T19:40:33.975Z] E0831 15:40:33.973516    2480 watch.go:40] Failed to load config from "c:\\Users\\user\\Desktop\\EMPLEOS JESS\\dataconnect": could not find dataconnect.yaml in `c:\Users\user\Desktop\EMPLEOS JESS\dataconnect`
 {"metadata":{"emulator":{"name":"dataconnect"},"message":"E0831 15:40:33.973516    2480 watch.go:40] Failed to load config from \"c:\\\\Users\\\\user\\\\Desktop\\\\EMPLEOS JESS\\\\dataconnect\": could not find dataconnect.yaml in `c:\\Users\\user\\Desktop\\EMPLEOS JESS\\dataconnect`\n"}}
[debug] [2026-08-31T19:40:43.976Z] E0831 15:40:43.975720    2480 watch.go:40] Failed to load config from "c:\\Users\\user\\Desktop\\EMPLEOS JESS\\dataconnect": could not find dataconnect.yaml in `c:\Users\user\Desktop\EMPLEOS JESS\dataconnect`
 {"metadata":{"emulator":{"name":"dataconnect"},"message":"E0831 15:40:43.975720    2480 watch.go:40] Failed to load config from \"c:\\\\Users\\\\user\\\\Desktop\\\\EMPLEOS JESS\\\\dataconnect\": could not find dataconnect.yaml in `c:\\Users\\user\\Desktop\\EMPLEOS JESS\\dataconnect`\n"}}
[debug] [2026-08-31T19:40:53.972Z] E0831 15:40:53.972199    2480 watch.go:40] Failed to load config from "c:\\Users\\user\\Desktop\\EMPLEOS JESS\\dataconnect": could not find dataconnect.yaml in `c:\Users\user\Desktop\EMPLEOS JESS\dataconnect`
 {"metadata":{"emulator":{"name":"dataconnect"},"message":"E0831 15:40:53.972199    2480 watch.go:40] Failed to load config from \"c:\\\\Users\\\\user\\\\Desktop\\\\EMPLEOS JESS\\\\dataconnect\": could not find dataconnect.yaml in `c:\\Users\\user\\Desktop\\EMPLEOS JESS\\dataconnect`\n"}}
[debug] [2026-08-31T19:41:03.974Z] E0831 15:41:03.973472    2480 watch.go:40] Failed to load config from "c:\\Users\\user\\Desktop\\EMPLEOS JESS\\dataconnect": could not find dataconnect.yaml in `c:\Users\user\Desktop\EMPLEOS JESS\dataconnect`
 {"metadata":{"emulator":{"name":"dataconnect"},"message":"E0831 15:41:03.973472    2480 watch.go:40] Failed to load config from \"c:\\\\Users\\\\user\\\\Desktop\\\\EMPLEOS JESS\\\\dataconnect\": could not find dataconnect.yaml in `c:\\Users\\user\\Desktop\\EMPLEOS JESS\\dataconnect`\n"}}
[debug] [2026-08-31T19:41:13.973Z] E0831 15:41:13.973100    2480 watch.go:40] Failed to load config from "c:\\Users\\user\\Desktop\\EMPLEOS JESS\\dataconnect": could not find dataconnect.yaml in `c:\Users\user\Desktop\EMPLEOS JESS\dataconnect`
 {"metadata":{"emulator":{"name":"dataconnect"},"message":"E0831 15:41:13.973100    2480 watch.go:40] Failed to load config from \"c:\\\\Users\\\\user\\\\Desktop\\\\EMPLEOS JESS\\\\dataconnect\": could not find dataconnect.yaml in `c:\\Users\\user\\Desktop\\EMPLEOS JESS\\dataconnect`\n"}}
[debug] [2026-08-31T19:41:23.973Z] E0831 15:41:23.973319    2480 watch.go:40] Failed to load config from "c:\\Users\\user\\Desktop\\EMPLEOS JESS\\dataconnect": could not find dataconnect.yaml in `c:\Users\user\Desktop\EMPLEOS JESS\dataconnect`
 {"metadata":{"emulator":{"name":"dataconnect"},"message":"E0831 15:41:23.973319    2480 watch.go:40] Failed to load config from \"c:\\\\Users\\\\user\\\\Desktop\\\\EMPLEOS JESS\\\\dataconnect\": could not find dataconnect.yaml in `c:\\Users\\user\\Desktop\\EMPLEOS JESS\\dataconnect`\n"}}
[debug] [2026-08-31T19:41:33.972Z] E0831 15:41:33.972898    2480 watch.go:116] watchAllDir unable to walk dir `c:\Users\user\Desktop\EMPLEOS JESS\dataconnect`: GetFileAttributesEx c:\Users\user\Desktop\EMPLEOS JESS\dataconnect: The system cannot find the file specified.
 {"metadata":{"emulator":{"name":"dataconnect"},"message":"E0831 15:41:33.972898    2480 watch.go:116] watchAllDir unable to walk dir `c:\\Users\\user\\Desktop\\EMPLEOS JESS\\dataconnect`: GetFileAttributesEx c:\\Users\\user\\Desktop\\EMPLEOS JESS\\dataconnect: The system cannot find the file specified.\n"}}
[debug] [2026-08-31T19:41:33.973Z] E0831 15:41:33.972898    2480 watch.go:40] Failed to load config from "c:\\Users\\user\\Desktop\\EMPLEOS JESS\\dataconnect": could not find dataconnect.yaml in `c:\Users\user\Desktop\EMPLEOS JESS\dataconnect`
 {"metadata":{"emulator":{"name":"dataconnect"},"message":"E0831 15:41:33.972898    2480 watch.go:40] Failed to load config from \"c:\\\\Users\\\\user\\\\Desktop\\\\EMPLEOS JESS\\\\dataconnect\": could not find dataconnect.yaml in `c:\\Users\\user\\Desktop\\EMPLEOS JESS\\dataconnect`\n"}}
[debug] [2026-08-31T19:41:43.972Z] E0831 15:41:43.973234    2480 watch.go:40] Failed to load config from "c:\\Users\\user\\Desktop\\EMPLEOS JESS\\dataconnect": could not find dataconnect.yaml in `c:\Users\user\Desktop\EMPLEOS JESS\dataconnect`
 {"metadata":{"emulator":{"name":"dataconnect"},"message":"E0831 15:41:43.973234    2480 watch.go:40] Failed to load config from \"c:\\\\Users\\\\user\\\\Desktop\\\\EMPLEOS JESS\\\\dataconnect\": could not find dataconnect.yaml in `c:\\Users\\user\\Desktop\\EMPLEOS JESS\\dataconnect`\n"}}
[debug] [2026-08-31T19:41:53.972Z] E0831 15:41:53.972479    2480 watch.go:40] Failed to load config from "c:\\Users\\user\\Desktop\\EMPLEOS JESS\\dataconnect": could not find dataconnect.yaml in `c:\Users\user\Desktop\EMPLEOS JESS\dataconnect`
 {"metadata":{"emulator":{"name":"dataconnect"},"message":"E0831 15:41:53.972479    2480 watch.go:40] Failed to load config from \"c:\\\\Users\\\\user\\\\Desktop\\\\EMPLEOS JESS\\\\dataconnect\": could not find dataconnect.yaml in `c:\\Users\\user\\Desktop\\EMPLEOS JESS\\dataconnect`\n"}}
[debug] [2026-08-31T19:42:03.976Z] E0831 15:42:03.976585    2480 watch.go:40] Failed to load config from "c:\\Users\\user\\Desktop\\EMPLEOS JESS\\dataconnect": could not find dataconnect.yaml in `c:\Users\user\Desktop\EMPLEOS JESS\dataconnect`
 {"metadata":{"emulator":{"name":"dataconnect"},"message":"E0831 15:42:03.976585    2480 watch.go:40] Failed to load config from \"c:\\\\Users\\\\user\\\\Desktop\\\\EMPLEOS JESS\\\\dataconnect\": could not find dataconnect.yaml in `c:\\Users\\user\\Desktop\\EMPLEOS JESS\\dataconnect`\n"}}
[debug] [2026-08-31T19:42:13.973Z] E0831 15:42:13.973586    2480 watch.go:40] Failed to load config from "c:\\Users\\user\\Desktop\\EMPLEOS JESS\\dataconnect": could not find dataconnect.yaml in `c:\Users\user\Desktop\EMPLEOS JESS\dataconnect`
 {"metadata":{"emulator":{"name":"dataconnect"},"message":"E0831 15:42:13.973586    2480 watch.go:40] Failed to load config from \"c:\\\\Users\\\\user\\\\Desktop\\\\EMPLEOS JESS\\\\dataconnect\": could not find dataconnect.yaml in `c:\\Users\\user\\Desktop\\EMPLEOS JESS\\dataconnect`\n"}}
[debug] [2026-08-31T19:42:23.974Z] E0831 15:42:23.973560    2480 watch.go:40] Failed to load config from "c:\\Users\\user\\Desktop\\EMPLEOS JESS\\dataconnect": could not find dataconnect.yaml in `c:\Users\user\Desktop\EMPLEOS JESS\dataconnect`
 {"metadata":{"emulator":{"name":"dataconnect"},"message":"E0831 15:42:23.973560    2480 watch.go:40] Failed to load config from \"c:\\\\Users\\\\user\\\\Desktop\\\\EMPLEOS JESS\\\\dataconnect\": could not find dataconnect.yaml in `c:\\Users\\user\\Desktop\\EMPLEOS JESS\\dataconnect`\n"}}
[debug] [2026-08-31T19:42:33.973Z] E0831 15:42:33.972925    2480 watch.go:116] watchAllDir unable to walk dir `c:\Users\user\Desktop\EMPLEOS JESS\dataconnect`: GetFileAttributesEx c:\Users\user\Desktop\EMPLEOS JESS\dataconnect: The system cannot find the file specified.
 {"metadata":{"emulator":{"name":"dataconnect"},"message":"E0831 15:42:33.972925    2480 watch.go:116] watchAllDir unable to walk dir `c:\\Users\\user\\Desktop\\EMPLEOS JESS\\dataconnect`: GetFileAttributesEx c:\\Users\\user\\Desktop\\EMPLEOS JESS\\dataconnect: The system cannot find the file specified.\n"}}
[debug] [2026-08-31T19:42:33.974Z] E0831 15:42:33.973505    2480 watch.go:40] Failed to load config from "c:\\Users\\user\\Desktop\\EMPLEOS JESS\\dataconnect": could not find dataconnect.yaml in `c:\Users\user\Desktop\EMPLEOS JESS\dataconnect`
 {"metadata":{"emulator":{"name":"dataconnect"},"message":"E0831 15:42:33.973505    2480 watch.go:40] Failed to load config from \"c:\\\\Users\\\\user\\\\Desktop\\\\EMPLEOS JESS\\\\dataconnect\": could not find dataconnect.yaml in `c:\\Users\\user\\Desktop\\EMPLEOS JESS\\dataconnect`\n"}}
[debug] [2026-08-31T19:42:43.973Z] E0831 15:42:43.973172    2480 watch.go:40] Failed to load config from "c:\\Users\\user\\Desktop\\EMPLEOS JESS\\dataconnect": could not find dataconnect.yaml in `c:\Users\user\Desktop\EMPLEOS JESS\dataconnect`
 {"metadata":{"emulator":{"name":"dataconnect"},"message":"E0831 15:42:43.973172    2480 watch.go:40] Failed to load config from \"c:\\\\Users\\\\user\\\\Desktop\\\\EMPLEOS JESS\\\\dataconnect\": could not find dataconnect.yaml in `c:\\Users\\user\\Desktop\\EMPLEOS JESS\\dataconnect`\n"}}
[debug] [2026-08-31T19:42:53.988Z] E0831 15:42:53.987499    2480 watch.go:40] Failed to load config from "c:\\Users\\user\\Desktop\\EMPLEOS JESS\\dataconnect": could not find dataconnect.yaml in `c:\Users\user\Desktop\EMPLEOS JESS\dataconnect`
 {"metadata":{"emulator":{"name":"dataconnect"},"message":"E0831 15:42:53.987499    2480 watch.go:40] Failed to load config from \"c:\\\\Users\\\\user\\\\Desktop\\\\EMPLEOS JESS\\\\dataconnect\": could not find dataconnect.yaml in `c:\\Users\\user\\Desktop\\EMPLEOS JESS\\dataconnect`\n"}}
[debug] [2026-08-31T19:43:03.972Z] E0831 15:43:03.972878    2480 watch.go:40] Failed to load config from "c:\\Users\\user\\Desktop\\EMPLEOS JESS\\dataconnect": could not find dataconnect.yaml in `c:\Users\user\Desktop\EMPLEOS JESS\dataconnect`
 {"metadata":{"emulator":{"name":"dataconnect"},"message":"E0831 15:43:03.972878    2480 watch.go:40] Failed to load config from \"c:\\\\Users\\\\user\\\\Desktop\\\\EMPLEOS JESS\\\\dataconnect\": could not find dataconnect.yaml in `c:\\Users\\user\\Desktop\\EMPLEOS JESS\\dataconnect`\n"}}
[debug] [2026-08-31T19:43:13.972Z] E0831 15:43:13.972520    2480 watch.go:40] Failed to load config from "c:\\Users\\user\\Desktop\\EMPLEOS JESS\\dataconnect": could not find dataconnect.yaml in `c:\Users\user\Desktop\EMPLEOS JESS\dataconnect`
 {"metadata":{"emulator":{"name":"dataconnect"},"message":"E0831 15:43:13.972520    2480 watch.go:40] Failed to load config from \"c:\\\\Users\\\\user\\\\Desktop\\\\EMPLEOS JESS\\\\dataconnect\": could not find dataconnect.yaml in `c:\\Users\\user\\Desktop\\EMPLEOS JESS\\dataconnect`\n"}}
[debug] [2026-08-31T19:43:23.977Z] E0831 15:43:23.977417    2480 watch.go:40] Failed to load config from "c:\\Users\\user\\Desktop\\EMPLEOS JESS\\dataconnect": could not find dataconnect.yaml in `c:\Users\user\Desktop\EMPLEOS JESS\dataconnect`
 {"metadata":{"emulator":{"name":"dataconnect"},"message":"E0831 15:43:23.977417    2480 watch.go:40] Failed to load config from \"c:\\\\Users\\\\user\\\\Desktop\\\\EMPLEOS JESS\\\\dataconnect\": could not find dataconnect.yaml in `c:\\Users\\user\\Desktop\\EMPLEOS JESS\\dataconnect`\n"}}
[debug] [2026-08-31T19:43:33.972Z] E0831 15:43:33.973189    2480 watch.go:116] watchAllDir unable to walk dir `c:\Users\user\Desktop\EMPLEOS JESS\dataconnect`: GetFileAttributesEx c:\Users\user\Desktop\EMPLEOS JESS\dataconnect: The system cannot find the file specified.
 {"metadata":{"emulator":{"name":"dataconnect"},"message":"E0831 15:43:33.973189    2480 watch.go:116] watchAllDir unable to walk dir `c:\\Users\\user\\Desktop\\EMPLEOS JESS\\dataconnect`: GetFileAttributesEx c:\\Users\\user\\Desktop\\EMPLEOS JESS\\dataconnect: The system cannot find the file specified.\n"}}
[debug] [2026-08-31T19:43:33.973Z] E0831 15:43:33.973189    2480 watch.go:40] Failed to load config from "c:\\Users\\user\\Desktop\\EMPLEOS JESS\\dataconnect": could not find dataconnect.yaml in `c:\Users\user\Desktop\EMPLEOS JESS\dataconnect`
 {"metadata":{"emulator":{"name":"dataconnect"},"message":"E0831 15:43:33.973189    2480 watch.go:40] Failed to load config from \"c:\\\\Users\\\\user\\\\Desktop\\\\EMPLEOS JESS\\\\dataconnect\": could not find dataconnect.yaml in `c:\\Users\\user\\Desktop\\EMPLEOS JESS\\dataconnect`\n"}}
[debug] [2026-08-31T19:43:43.972Z] E0831 15:43:43.972916    2480 watch.go:40] Failed to load config from "c:\\Users\\user\\Desktop\\EMPLEOS JESS\\dataconnect": could not find dataconnect.yaml in `c:\Users\user\Desktop\EMPLEOS JESS\dataconnect`
 {"metadata":{"emulator":{"name":"dataconnect"},"message":"E0831 15:43:43.972916    2480 watch.go:40] Failed to load config from \"c:\\\\Users\\\\user\\\\Desktop\\\\EMPLEOS JESS\\\\dataconnect\": could not find dataconnect.yaml in `c:\\Users\\user\\Desktop\\EMPLEOS JESS\\dataconnect`\n"}}
[debug] [2026-08-31T19:43:53.974Z] E0831 15:43:53.974351    2480 watch.go:40] Failed to load config from "c:\\Users\\user\\Desktop\\EMPLEOS JESS\\dataconnect": could not find dataconnect.yaml in `c:\Users\user\Desktop\EMPLEOS JESS\dataconnect`
 {"metadata":{"emulator":{"name":"dataconnect"},"message":"E0831 15:43:53.974351    2480 watch.go:40] Failed to load config from \"c:\\\\Users\\\\user\\\\Desktop\\\\EMPLEOS JESS\\\\dataconnect\": could not find dataconnect.yaml in `c:\\Users\\user\\Desktop\\EMPLEOS JESS\\dataconnect`\n"}}
[debug] [2026-08-31T19:44:03.973Z] E0831 15:44:03.974021    2480 watch.go:40] Failed to load config from "c:\\Users\\user\\Desktop\\EMPLEOS JESS\\dataconnect": could not find dataconnect.yaml in `c:\Users\user\Desktop\EMPLEOS JESS\dataconnect`
 {"metadata":{"emulator":{"name":"dataconnect"},"message":"E0831 15:44:03.974021    2480 watch.go:40] Failed to load config from \"c:\\\\Users\\\\user\\\\Desktop\\\\EMPLEOS JESS\\\\dataconnect\": could not find dataconnect.yaml in `c:\\Users\\user\\Desktop\\EMPLEOS JESS\\dataconnect`\n"}}
[debug] [2026-08-31T19:44:13.973Z] E0831 15:44:13.972320    2480 watch.go:40] Failed to load config from "c:\\Users\\user\\Desktop\\EMPLEOS JESS\\dataconnect": could not find dataconnect.yaml in `c:\Users\user\Desktop\EMPLEOS JESS\dataconnect`
 {"metadata":{"emulator":{"name":"dataconnect"},"message":"E0831 15:44:13.972320    2480 watch.go:40] Failed to load config from \"c:\\\\Users\\\\user\\\\Desktop\\\\EMPLEOS JESS\\\\dataconnect\": could not find dataconnect.yaml in `c:\\Users\\user\\Desktop\\EMPLEOS JESS\\dataconnect`\n"}}
[debug] [2026-08-31T19:44:23.973Z] E0831 15:44:23.973377    2480 watch.go:40] Failed to load config from "c:\\Users\\user\\Desktop\\EMPLEOS JESS\\dataconnect": could not find dataconnect.yaml in `c:\Users\user\Desktop\EMPLEOS JESS\dataconnect`
 {"metadata":{"emulator":{"name":"dataconnect"},"message":"E0831 15:44:23.973377    2480 watch.go:40] Failed to load config from \"c:\\\\Users\\\\user\\\\Desktop\\\\EMPLEOS JESS\\\\dataconnect\": could not find dataconnect.yaml in `c:\\Users\\user\\Desktop\\EMPLEOS JESS\\dataconnect`\n"}}
[debug] [2026-08-31T19:44:33.973Z] E0831 15:44:33.972725    2480 watch.go:116] watchAllDir unable to walk dir `c:\Users\user\Desktop\EMPLEOS JESS\dataconnect`: GetFileAttributesEx c:\Users\user\Desktop\EMPLEOS JESS\dataconnect: The system cannot find the file specified.
 {"metadata":{"emulator":{"name":"dataconnect"},"message":"E0831 15:44:33.972725    2480 watch.go:116] watchAllDir unable to walk dir `c:\\Users\\user\\Desktop\\EMPLEOS JESS\\dataconnect`: GetFileAttributesEx c:\\Users\\user\\Desktop\\EMPLEOS JESS\\dataconnect: The system cannot find the file specified.\n"}}
[debug] [2026-08-31T19:44:33.975Z] E0831 15:44:33.973297    2480 watch.go:40] Failed to load config from "c:\\Users\\user\\Desktop\\EMPLEOS JESS\\dataconnect": could not find dataconnect.yaml in `c:\Users\user\Desktop\EMPLEOS JESS\dataconnect`
 {"metadata":{"emulator":{"name":"dataconnect"},"message":"E0831 15:44:33.973297    2480 watch.go:40] Failed to load config from \"c:\\\\Users\\\\user\\\\Desktop\\\\EMPLEOS JESS\\\\dataconnect\": could not find dataconnect.yaml in `c:\\Users\\user\\Desktop\\EMPLEOS JESS\\dataconnect`\n"}}
[debug] [2026-08-31T19:44:43.974Z] E0831 15:44:43.974459    2480 watch.go:40] Failed to load config from "c:\\Users\\user\\Desktop\\EMPLEOS JESS\\dataconnect": could not find dataconnect.yaml in `c:\Users\user\Desktop\EMPLEOS JESS\dataconnect`
 {"metadata":{"emulator":{"name":"dataconnect"},"message":"E0831 15:44:43.974459    2480 watch.go:40] Failed to load config from \"c:\\\\Users\\\\user\\\\Desktop\\\\EMPLEOS JESS\\\\dataconnect\": could not find dataconnect.yaml in `c:\\Users\\user\\Desktop\\EMPLEOS JESS\\dataconnect`\n"}}
[debug] [2026-08-31T19:44:53.974Z] E0831 15:44:53.973881    2480 watch.go:40] Failed to load config from "c:\\Users\\user\\Desktop\\EMPLEOS JESS\\dataconnect": could not find dataconnect.yaml in `c:\Users\user\Desktop\EMPLEOS JESS\dataconnect`
 {"metadata":{"emulator":{"name":"dataconnect"},"message":"E0831 15:44:53.973881    2480 watch.go:40] Failed to load config from \"c:\\\\Users\\\\user\\\\Desktop\\\\EMPLEOS JESS\\\\dataconnect\": could not find dataconnect.yaml in `c:\\Users\\user\\Desktop\\EMPLEOS JESS\\dataconnect`\n"}}
[debug] [2026-08-31T19:45:03.973Z] E0831 15:45:03.973090    2480 watch.go:40] Failed to load config from "c:\\Users\\user\\Desktop\\EMPLEOS JESS\\dataconnect": could not find dataconnect.yaml in `c:\Users\user\Desktop\EMPLEOS JESS\dataconnect`
 {"metadata":{"emulator":{"name":"dataconnect"},"message":"E0831 15:45:03.973090    2480 watch.go:40] Failed to load config from \"c:\\\\Users\\\\user\\\\Desktop\\\\EMPLEOS JESS\\\\dataconnect\": could not find dataconnect.yaml in `c:\\Users\\user\\Desktop\\EMPLEOS JESS\\dataconnect`\n"}}
[debug] [2026-08-31T19:45:13.974Z] E0831 15:45:13.974000    2480 watch.go:40] Failed to load config from "c:\\Users\\user\\Desktop\\EMPLEOS JESS\\dataconnect": could not find dataconnect.yaml in `c:\Users\user\Desktop\EMPLEOS JESS\dataconnect`
 {"metadata":{"emulator":{"name":"dataconnect"},"message":"E0831 15:45:13.974000    2480 watch.go:40] Failed to load config from \"c:\\\\Users\\\\user\\\\Desktop\\\\EMPLEOS JESS\\\\dataconnect\": could not find dataconnect.yaml in `c:\\Users\\user\\Desktop\\EMPLEOS JESS\\dataconnect`\n"}}
[debug] [2026-08-31T19:45:23.973Z] E0831 15:45:23.972665    2480 watch.go:40] Failed to load config from "c:\\Users\\user\\Desktop\\EMPLEOS JESS\\dataconnect": could not find dataconnect.yaml in `c:\Users\user\Desktop\EMPLEOS JESS\dataconnect`
 {"metadata":{"emulator":{"name":"dataconnect"},"message":"E0831 15:45:23.972665    2480 watch.go:40] Failed to load config from \"c:\\\\Users\\\\user\\\\Desktop\\\\EMPLEOS JESS\\\\dataconnect\": could not find dataconnect.yaml in `c:\\Users\\user\\Desktop\\EMPLEOS JESS\\dataconnect`\n"}}
[debug] [2026-08-31T19:45:33.972Z] E0831 15:45:33.972820    2480 watch.go:116] watchAllDir unable to walk dir `c:\Users\user\Desktop\EMPLEOS JESS\dataconnect`: GetFileAttributesEx c:\Users\user\Desktop\EMPLEOS JESS\dataconnect: The system cannot find the file specified.
 {"metadata":{"emulator":{"name":"dataconnect"},"message":"E0831 15:45:33.972820    2480 watch.go:116] watchAllDir unable to walk dir `c:\\Users\\user\\Desktop\\EMPLEOS JESS\\dataconnect`: GetFileAttributesEx c:\\Users\\user\\Desktop\\EMPLEOS JESS\\dataconnect: The system cannot find the file specified.\n"}}
[debug] [2026-08-31T19:45:33.973Z] E0831 15:45:33.972820    2480 watch.go:40] Failed to load config from "c:\\Users\\user\\Desktop\\EMPLEOS JESS\\dataconnect": could not find dataconnect.yaml in `c:\Users\user\Desktop\EMPLEOS JESS\dataconnect`
 {"metadata":{"emulator":{"name":"dataconnect"},"message":"E0831 15:45:33.972820    2480 watch.go:40] Failed to load config from \"c:\\\\Users\\\\user\\\\Desktop\\\\EMPLEOS JESS\\\\dataconnect\": could not find dataconnect.yaml in `c:\\Users\\user\\Desktop\\EMPLEOS JESS\\dataconnect`\n"}}
[debug] [2026-08-31T19:45:43.972Z] E0831 15:45:43.972874    2480 watch.go:40] Failed to load config from "c:\\Users\\user\\Desktop\\EMPLEOS JESS\\dataconnect": could not find dataconnect.yaml in `c:\Users\user\Desktop\EMPLEOS JESS\dataconnect`
 {"metadata":{"emulator":{"name":"dataconnect"},"message":"E0831 15:45:43.972874    2480 watch.go:40] Failed to load config from \"c:\\\\Users\\\\user\\\\Desktop\\\\EMPLEOS JESS\\\\dataconnect\": could not find dataconnect.yaml in `c:\\Users\\user\\Desktop\\EMPLEOS JESS\\dataconnect`\n"}}
[debug] [2026-08-31T19:45:53.972Z] E0831 15:45:53.972760    2480 watch.go:40] Failed to load config from "c:\\Users\\user\\Desktop\\EMPLEOS JESS\\dataconnect": could not find dataconnect.yaml in `c:\Users\user\Desktop\EMPLEOS JESS\dataconnect`
 {"metadata":{"emulator":{"name":"dataconnect"},"message":"E0831 15:45:53.972760    2480 watch.go:40] Failed to load config from \"c:\\\\Users\\\\user\\\\Desktop\\\\EMPLEOS JESS\\\\dataconnect\": could not find dataconnect.yaml in `c:\\Users\\user\\Desktop\\EMPLEOS JESS\\dataconnect`\n"}}
[debug] [2026-08-31T19:46:03.973Z] E0831 15:46:03.972874    2480 watch.go:40] Failed to load config from "c:\\Users\\user\\Desktop\\EMPLEOS JESS\\dataconnect": could not find dataconnect.yaml in `c:\Users\user\Desktop\EMPLEOS JESS\dataconnect`
 {"metadata":{"emulator":{"name":"dataconnect"},"message":"E0831 15:46:03.972874    2480 watch.go:40] Failed to load config from \"c:\\\\Users\\\\user\\\\Desktop\\\\EMPLEOS JESS\\\\dataconnect\": could not find dataconnect.yaml in `c:\\Users\\user\\Desktop\\EMPLEOS JESS\\dataconnect`\n"}}
[debug] [2026-08-31T19:46:13.972Z] E0831 15:46:13.972404    2480 watch.go:40] Failed to load config from "c:\\Users\\user\\Desktop\\EMPLEOS JESS\\dataconnect": could not find dataconnect.yaml in `c:\Users\user\Desktop\EMPLEOS JESS\dataconnect`
 {"metadata":{"emulator":{"name":"dataconnect"},"message":"E0831 15:46:13.972404    2480 watch.go:40] Failed to load config from \"c:\\\\Users\\\\user\\\\Desktop\\\\EMPLEOS JESS\\\\dataconnect\": could not find dataconnect.yaml in `c:\\Users\\user\\Desktop\\EMPLEOS JESS\\dataconnect`\n"}}
[debug] [2026-08-31T19:46:24.023Z] E0831 15:46:24.023629    2480 watch.go:40] Failed to load config from "c:\\Users\\user\\Desktop\\EMPLEOS JESS\\dataconnect": could not find dataconnect.yaml in `c:\Users\user\Desktop\EMPLEOS JESS\dataconnect`
 {"metadata":{"emulator":{"name":"dataconnect"},"message":"E0831 15:46:24.023629    2480 watch.go:40] Failed to load config from \"c:\\\\Users\\\\user\\\\Desktop\\\\EMPLEOS JESS\\\\dataconnect\": could not find dataconnect.yaml in `c:\\Users\\user\\Desktop\\EMPLEOS JESS\\dataconnect`\n"}}
[debug] [2026-08-31T19:46:33.974Z] E0831 15:46:33.974553    2480 watch.go:116] watchAllDir unable to walk dir `c:\Users\user\Desktop\EMPLEOS JESS\dataconnect`: GetFileAttributesEx c:\Users\user\Desktop\EMPLEOS JESS\dataconnect: The system cannot find the file specified.
 {"metadata":{"emulator":{"name":"dataconnect"},"message":"E0831 15:46:33.974553    2480 watch.go:116] watchAllDir unable to walk dir `c:\\Users\\user\\Desktop\\EMPLEOS JESS\\dataconnect`: GetFileAttributesEx c:\\Users\\user\\Desktop\\EMPLEOS JESS\\dataconnect: The system cannot find the file specified.\n"}}
[debug] [2026-08-31T19:46:33.975Z] E0831 15:46:33.974553    2480 watch.go:40] Failed to load config from "c:\\Users\\user\\Desktop\\EMPLEOS JESS\\dataconnect": could not find dataconnect.yaml in `c:\Users\user\Desktop\EMPLEOS JESS\dataconnect`
 {"metadata":{"emulator":{"name":"dataconnect"},"message":"E0831 15:46:33.974553    2480 watch.go:40] Failed to load config from \"c:\\\\Users\\\\user\\\\Desktop\\\\EMPLEOS JESS\\\\dataconnect\": could not find dataconnect.yaml in `c:\\Users\\user\\Desktop\\EMPLEOS JESS\\dataconnect`\n"}}
[debug] [2026-08-31T19:46:43.975Z] E0831 15:46:43.975202    2480 watch.go:40] Failed to load config from "c:\\Users\\user\\Desktop\\EMPLEOS JESS\\dataconnect": could not find dataconnect.yaml in `c:\Users\user\Desktop\EMPLEOS JESS\dataconnect`
 {"metadata":{"emulator":{"name":"dataconnect"},"message":"E0831 15:46:43.975202    2480 watch.go:40] Failed to load config from \"c:\\\\Users\\\\user\\\\Desktop\\\\EMPLEOS JESS\\\\dataconnect\": could not find dataconnect.yaml in `c:\\Users\\user\\Desktop\\EMPLEOS JESS\\dataconnect`\n"}}
[debug] [2026-08-31T19:46:53.973Z] E0831 15:46:53.973345    2480 watch.go:40] Failed to load config from "c:\\Users\\user\\Desktop\\EMPLEOS JESS\\dataconnect": could not find dataconnect.yaml in `c:\Users\user\Desktop\EMPLEOS JESS\dataconnect`
 {"metadata":{"emulator":{"name":"dataconnect"},"message":"E0831 15:46:53.973345    2480 watch.go:40] Failed to load config from \"c:\\\\Users\\\\user\\\\Desktop\\\\EMPLEOS JESS\\\\dataconnect\": could not find dataconnect.yaml in `c:\\Users\\user\\Desktop\\EMPLEOS JESS\\dataconnect`\n"}}
[debug] [2026-08-31T19:47:03.996Z] E0831 15:47:03.995667    2480 watch.go:40] Failed to load config from "c:\\Users\\user\\Desktop\\EMPLEOS JESS\\dataconnect": could not find dataconnect.yaml in `c:\Users\user\Desktop\EMPLEOS JESS\dataconnect`
 {"metadata":{"emulator":{"name":"dataconnect"},"message":"E0831 15:47:03.995667    2480 watch.go:40] Failed to load config from \"c:\\\\Users\\\\user\\\\Desktop\\\\EMPLEOS JESS\\\\dataconnect\": could not find dataconnect.yaml in `c:\\Users\\user\\Desktop\\EMPLEOS JESS\\dataconnect`\n"}}
[debug] [2026-08-31T19:47:13.974Z] E0831 15:47:13.974543    2480 watch.go:40] Failed to load config from "c:\\Users\\user\\Desktop\\EMPLEOS JESS\\dataconnect": could not find dataconnect.yaml in `c:\Users\user\Desktop\EMPLEOS JESS\dataconnect`
 {"metadata":{"emulator":{"name":"dataconnect"},"message":"E0831 15:47:13.974543    2480 watch.go:40] Failed to load config from \"c:\\\\Users\\\\user\\\\Desktop\\\\EMPLEOS JESS\\\\dataconnect\": could not find dataconnect.yaml in `c:\\Users\\user\\Desktop\\EMPLEOS JESS\\dataconnect`\n"}}
[debug] [2026-08-31T19:47:23.973Z] E0831 15:47:23.973259    2480 watch.go:40] Failed to load config from "c:\\Users\\user\\Desktop\\EMPLEOS JESS\\dataconnect": could not find dataconnect.yaml in `c:\Users\user\Desktop\EMPLEOS JESS\dataconnect`
 {"metadata":{"emulator":{"name":"dataconnect"},"message":"E0831 15:47:23.973259    2480 watch.go:40] Failed to load config from \"c:\\\\Users\\\\user\\\\Desktop\\\\EMPLEOS JESS\\\\dataconnect\": could not find dataconnect.yaml in `c:\\Users\\user\\Desktop\\EMPLEOS JESS\\dataconnect`\n"}}
[debug] [2026-08-31T19:47:34.010Z] E0831 15:47:34.008696    2480 watch.go:40] Failed to load config from "c:\\Users\\user\\Desktop\\EMPLEOS JESS\\dataconnect": could not find dataconnect.yaml in `c:\Users\user\Desktop\EMPLEOS JESS\dataconnect`
 {"metadata":{"emulator":{"name":"dataconnect"},"message":"E0831 15:47:34.008696    2480 watch.go:40] Failed to load config from \"c:\\\\Users\\\\user\\\\Desktop\\\\EMPLEOS JESS\\\\dataconnect\": could not find dataconnect.yaml in `c:\\Users\\user\\Desktop\\EMPLEOS JESS\\dataconnect`\n"}}
[debug] [2026-08-31T19:47:34.021Z] E0831 15:47:34.021127    2480 watch.go:116] watchAllDir unable to walk dir `c:\Users\user\Desktop\EMPLEOS JESS\dataconnect`: GetFileAttributesEx c:\Users\user\Desktop\EMPLEOS JESS\dataconnect: The system cannot find the file specified.
 {"metadata":{"emulator":{"name":"dataconnect"},"message":"E0831 15:47:34.021127    2480 watch.go:116] watchAllDir unable to walk dir `c:\\Users\\user\\Desktop\\EMPLEOS JESS\\dataconnect`: GetFileAttributesEx c:\\Users\\user\\Desktop\\EMPLEOS JESS\\dataconnect: The system cannot find the file specified.\n"}}
[debug] [2026-08-31T19:47:43.973Z] E0831 15:47:43.972486    2480 watch.go:40] Failed to load config from "c:\\Users\\user\\Desktop\\EMPLEOS JESS\\dataconnect": could not find dataconnect.yaml in `c:\Users\user\Desktop\EMPLEOS JESS\dataconnect`
 {"metadata":{"emulator":{"name":"dataconnect"},"message":"E0831 15:47:43.972486    2480 watch.go:40] Failed to load config from \"c:\\\\Users\\\\user\\\\Desktop\\\\EMPLEOS JESS\\\\dataconnect\": could not find dataconnect.yaml in `c:\\Users\\user\\Desktop\\EMPLEOS JESS\\dataconnect`\n"}}
[debug] [2026-08-31T19:47:53.974Z] E0831 15:47:53.973976    2480 watch.go:40] Failed to load config from "c:\\Users\\user\\Desktop\\EMPLEOS JESS\\dataconnect": could not find dataconnect.yaml in `c:\Users\user\Desktop\EMPLEOS JESS\dataconnect`
 {"metadata":{"emulator":{"name":"dataconnect"},"message":"E0831 15:47:53.973976    2480 watch.go:40] Failed to load config from \"c:\\\\Users\\\\user\\\\Desktop\\\\EMPLEOS JESS\\\\dataconnect\": could not find dataconnect.yaml in `c:\\Users\\user\\Desktop\\EMPLEOS JESS\\dataconnect`\n"}}
[debug] [2026-08-31T19:48:03.973Z] E0831 15:48:03.972871    2480 watch.go:40] Failed to load config from "c:\\Users\\user\\Desktop\\EMPLEOS JESS\\dataconnect": could not find dataconnect.yaml in `c:\Users\user\Desktop\EMPLEOS JESS\dataconnect`
 {"metadata":{"emulator":{"name":"dataconnect"},"message":"E0831 15:48:03.972871    2480 watch.go:40] Failed to load config from \"c:\\\\Users\\\\user\\\\Desktop\\\\EMPLEOS JESS\\\\dataconnect\": could not find dataconnect.yaml in `c:\\Users\\user\\Desktop\\EMPLEOS JESS\\dataconnect`\n"}}
[debug] [2026-08-31T19:48:13.973Z] E0831 15:48:13.973397    2480 watch.go:40] Failed to load config from "c:\\Users\\user\\Desktop\\EMPLEOS JESS\\dataconnect": could not find dataconnect.yaml in `c:\Users\user\Desktop\EMPLEOS JESS\dataconnect`
 {"metadata":{"emulator":{"name":"dataconnect"},"message":"E0831 15:48:13.973397    2480 watch.go:40] Failed to load config from \"c:\\\\Users\\\\user\\\\Desktop\\\\EMPLEOS JESS\\\\dataconnect\": could not find dataconnect.yaml in `c:\\Users\\user\\Desktop\\EMPLEOS JESS\\dataconnect`\n"}}
[debug] [2026-08-31T19:48:23.973Z] E0831 15:48:23.973194    2480 watch.go:40] Failed to load config from "c:\\Users\\user\\Desktop\\EMPLEOS JESS\\dataconnect": could not find dataconnect.yaml in `c:\Users\user\Desktop\EMPLEOS JESS\dataconnect`
 {"metadata":{"emulator":{"name":"dataconnect"},"message":"E0831 15:48:23.973194    2480 watch.go:40] Failed to load config from \"c:\\\\Users\\\\user\\\\Desktop\\\\EMPLEOS JESS\\\\dataconnect\": could not find dataconnect.yaml in `c:\\Users\\user\\Desktop\\EMPLEOS JESS\\dataconnect`\n"}}
[debug] [2026-08-31T19:48:33.973Z] E0831 15:48:33.972823    2480 watch.go:116] watchAllDir unable to walk dir `c:\Users\user\Desktop\EMPLEOS JESS\dataconnect`: GetFileAttributesEx c:\Users\user\Desktop\EMPLEOS JESS\dataconnect: The system cannot find the file specified.
 {"metadata":{"emulator":{"name":"dataconnect"},"message":"E0831 15:48:33.972823    2480 watch.go:116] watchAllDir unable to walk dir `c:\\Users\\user\\Desktop\\EMPLEOS JESS\\dataconnect`: GetFileAttributesEx c:\\Users\\user\\Desktop\\EMPLEOS JESS\\dataconnect: The system cannot find the file specified.\n"}}
[debug] [2026-08-31T19:48:33.975Z] E0831 15:48:33.973914    2480 watch.go:40] Failed to load config from "c:\\Users\\user\\Desktop\\EMPLEOS JESS\\dataconnect": could not find dataconnect.yaml in `c:\Users\user\Desktop\EMPLEOS JESS\dataconnect`
 {"metadata":{"emulator":{"name":"dataconnect"},"message":"E0831 15:48:33.973914    2480 watch.go:40] Failed to load config from \"c:\\\\Users\\\\user\\\\Desktop\\\\EMPLEOS JESS\\\\dataconnect\": could not find dataconnect.yaml in `c:\\Users\\user\\Desktop\\EMPLEOS JESS\\dataconnect`\n"}}
[debug] [2026-08-31T19:48:43.973Z] E0831 15:48:43.973006    2480 watch.go:40] Failed to load config from "c:\\Users\\user\\Desktop\\EMPLEOS JESS\\dataconnect": could not find dataconnect.yaml in `c:\Users\user\Desktop\EMPLEOS JESS\dataconnect`
 {"metadata":{"emulator":{"name":"dataconnect"},"message":"E0831 15:48:43.973006    2480 watch.go:40] Failed to load config from \"c:\\\\Users\\\\user\\\\Desktop\\\\EMPLEOS JESS\\\\dataconnect\": could not find dataconnect.yaml in `c:\\Users\\user\\Desktop\\EMPLEOS JESS\\dataconnect`\n"}}
[debug] [2026-08-31T19:48:53.973Z] E0831 15:48:53.972673    2480 watch.go:40] Failed to load config from "c:\\Users\\user\\Desktop\\EMPLEOS JESS\\dataconnect": could not find dataconnect.yaml in `c:\Users\user\Desktop\EMPLEOS JESS\dataconnect`
 {"metadata":{"emulator":{"name":"dataconnect"},"message":"E0831 15:48:53.972673    2480 watch.go:40] Failed to load config from \"c:\\\\Users\\\\user\\\\Desktop\\\\EMPLEOS JESS\\\\dataconnect\": could not find dataconnect.yaml in `c:\\Users\\user\\Desktop\\EMPLEOS JESS\\dataconnect`\n"}}
[debug] [2026-08-31T19:49:03.973Z] E0831 15:49:03.973781    2480 watch.go:40] Failed to load config from "c:\\Users\\user\\Desktop\\EMPLEOS JESS\\dataconnect": could not find dataconnect.yaml in `c:\Users\user\Desktop\EMPLEOS JESS\dataconnect`
 {"metadata":{"emulator":{"name":"dataconnect"},"message":"E0831 15:49:03.973781    2480 watch.go:40] Failed to load config from \"c:\\\\Users\\\\user\\\\Desktop\\\\EMPLEOS JESS\\\\dataconnect\": could not find dataconnect.yaml in `c:\\Users\\user\\Desktop\\EMPLEOS JESS\\dataconnect`\n"}}
[debug] [2026-08-31T19:49:13.974Z] E0831 15:49:13.974322    2480 watch.go:40] Failed to load config from "c:\\Users\\user\\Desktop\\EMPLEOS JESS\\dataconnect": could not find dataconnect.yaml in `c:\Users\user\Desktop\EMPLEOS JESS\dataconnect`
 {"metadata":{"emulator":{"name":"dataconnect"},"message":"E0831 15:49:13.974322    2480 watch.go:40] Failed to load config from \"c:\\\\Users\\\\user\\\\Desktop\\\\EMPLEOS JESS\\\\dataconnect\": could not find dataconnect.yaml in `c:\\Users\\user\\Desktop\\EMPLEOS JESS\\dataconnect`\n"}}
[debug] [2026-08-31T19:49:23.973Z] E0831 15:49:23.973291    2480 watch.go:40] Failed to load config from "c:\\Users\\user\\Desktop\\EMPLEOS JESS\\dataconnect": could not find dataconnect.yaml in `c:\Users\user\Desktop\EMPLEOS JESS\dataconnect`
 {"metadata":{"emulator":{"name":"dataconnect"},"message":"E0831 15:49:23.973291    2480 watch.go:40] Failed to load config from \"c:\\\\Users\\\\user\\\\Desktop\\\\EMPLEOS JESS\\\\dataconnect\": could not find dataconnect.yaml in `c:\\Users\\user\\Desktop\\EMPLEOS JESS\\dataconnect`\n"}}
[debug] [2026-08-31T19:49:33.972Z] E0831 15:49:33.972482    2480 watch.go:116] watchAllDir unable to walk dir `c:\Users\user\Desktop\EMPLEOS JESS\dataconnect`: GetFileAttributesEx c:\Users\user\Desktop\EMPLEOS JESS\dataconnect: The system cannot find the file specified.
 {"metadata":{"emulator":{"name":"dataconnect"},"message":"E0831 15:49:33.972482    2480 watch.go:116] watchAllDir unable to walk dir `c:\\Users\\user\\Desktop\\EMPLEOS JESS\\dataconnect`: GetFileAttributesEx c:\\Users\\user\\Desktop\\EMPLEOS JESS\\dataconnect: The system cannot find the file specified.\n"}}
[debug] [2026-08-31T19:49:33.973Z] E0831 15:49:33.972993    2480 watch.go:40] Failed to load config from "c:\\Users\\user\\Desktop\\EMPLEOS JESS\\dataconnect": could not find dataconnect.yaml in `c:\Users\user\Desktop\EMPLEOS JESS\dataconnect`
 {"metadata":{"emulator":{"name":"dataconnect"},"message":"E0831 15:49:33.972993    2480 watch.go:40] Failed to load config from \"c:\\\\Users\\\\user\\\\Desktop\\\\EMPLEOS JESS\\\\dataconnect\": could not find dataconnect.yaml in `c:\\Users\\user\\Desktop\\EMPLEOS JESS\\dataconnect`\n"}}
[debug] [2026-08-31T19:49:43.973Z] E0831 15:49:43.972623    2480 watch.go:40] Failed to load config from "c:\\Users\\user\\Desktop\\EMPLEOS JESS\\dataconnect": could not find dataconnect.yaml in `c:\Users\user\Desktop\EMPLEOS JESS\dataconnect`
 {"metadata":{"emulator":{"name":"dataconnect"},"message":"E0831 15:49:43.972623    2480 watch.go:40] Failed to load config from \"c:\\\\Users\\\\user\\\\Desktop\\\\EMPLEOS JESS\\\\dataconnect\": could not find dataconnect.yaml in `c:\\Users\\user\\Desktop\\EMPLEOS JESS\\dataconnect`\n"}}
[debug] [2026-08-31T19:49:53.973Z] E0831 15:49:53.972964    2480 watch.go:40] Failed to load config from "c:\\Users\\user\\Desktop\\EMPLEOS JESS\\dataconnect": could not find dataconnect.yaml in `c:\Users\user\Desktop\EMPLEOS JESS\dataconnect`
 {"metadata":{"emulator":{"name":"dataconnect"},"message":"E0831 15:49:53.972964    2480 watch.go:40] Failed to load config from \"c:\\\\Users\\\\user\\\\Desktop\\\\EMPLEOS JESS\\\\dataconnect\": could not find dataconnect.yaml in `c:\\Users\\user\\Desktop\\EMPLEOS JESS\\dataconnect`\n"}}
[debug] [2026-08-31T19:50:03.975Z] E0831 15:50:03.975068    2480 watch.go:40] Failed to load config from "c:\\Users\\user\\Desktop\\EMPLEOS JESS\\dataconnect": could not find dataconnect.yaml in `c:\Users\user\Desktop\EMPLEOS JESS\dataconnect`
 {"metadata":{"emulator":{"name":"dataconnect"},"message":"E0831 15:50:03.975068    2480 watch.go:40] Failed to load config from \"c:\\\\Users\\\\user\\\\Desktop\\\\EMPLEOS JESS\\\\dataconnect\": could not find dataconnect.yaml in `c:\\Users\\user\\Desktop\\EMPLEOS JESS\\dataconnect`\n"}}
[debug] [2026-08-31T19:50:13.973Z] E0831 15:50:13.973012    2480 watch.go:40] Failed to load config from "c:\\Users\\user\\Desktop\\EMPLEOS JESS\\dataconnect": could not find dataconnect.yaml in `c:\Users\user\Desktop\EMPLEOS JESS\dataconnect`
 {"metadata":{"emulator":{"name":"dataconnect"},"message":"E0831 15:50:13.973012    2480 watch.go:40] Failed to load config from \"c:\\\\Users\\\\user\\\\Desktop\\\\EMPLEOS JESS\\\\dataconnect\": could not find dataconnect.yaml in `c:\\Users\\user\\Desktop\\EMPLEOS JESS\\dataconnect`\n"}}
[debug] [2026-08-31T19:50:23.972Z] E0831 15:50:23.972405    2480 watch.go:40] Failed to load config from "c:\\Users\\user\\Desktop\\EMPLEOS JESS\\dataconnect": could not find dataconnect.yaml in `c:\Users\user\Desktop\EMPLEOS JESS\dataconnect`
 {"metadata":{"emulator":{"name":"dataconnect"},"message":"E0831 15:50:23.972405    2480 watch.go:40] Failed to load config from \"c:\\\\Users\\\\user\\\\Desktop\\\\EMPLEOS JESS\\\\dataconnect\": could not find dataconnect.yaml in `c:\\Users\\user\\Desktop\\EMPLEOS JESS\\dataconnect`\n"}}
[debug] [2026-08-31T19:50:33.975Z] E0831 15:50:33.974309    2480 watch.go:116] watchAllDir unable to walk dir `c:\Users\user\Desktop\EMPLEOS JESS\dataconnect`: GetFileAttributesEx c:\Users\user\Desktop\EMPLEOS JESS\dataconnect: The system cannot find the file specified.
 {"metadata":{"emulator":{"name":"dataconnect"},"message":"E0831 15:50:33.974309    2480 watch.go:116] watchAllDir unable to walk dir `c:\\Users\\user\\Desktop\\EMPLEOS JESS\\dataconnect`: GetFileAttributesEx c:\\Users\\user\\Desktop\\EMPLEOS JESS\\dataconnect: The system cannot find the file specified.\n"}}
[debug] [2026-08-31T19:50:33.977Z] E0831 15:50:33.975058    2480 watch.go:40] Failed to load config from "c:\\Users\\user\\Desktop\\EMPLEOS JESS\\dataconnect": could not find dataconnect.yaml in `c:\Users\user\Desktop\EMPLEOS JESS\dataconnect`
 {"metadata":{"emulator":{"name":"dataconnect"},"message":"E0831 15:50:33.975058    2480 watch.go:40] Failed to load config from \"c:\\\\Users\\\\user\\\\Desktop\\\\EMPLEOS JESS\\\\dataconnect\": could not find dataconnect.yaml in `c:\\Users\\user\\Desktop\\EMPLEOS JESS\\dataconnect`\n"}}
[debug] [2026-08-31T19:50:43.973Z] E0831 15:50:43.972079    2480 watch.go:40] Failed to load config from "c:\\Users\\user\\Desktop\\EMPLEOS JESS\\dataconnect": could not find dataconnect.yaml in `c:\Users\user\Desktop\EMPLEOS JESS\dataconnect`
 {"metadata":{"emulator":{"name":"dataconnect"},"message":"E0831 15:50:43.972079    2480 watch.go:40] Failed to load config from \"c:\\\\Users\\\\user\\\\Desktop\\\\EMPLEOS JESS\\\\dataconnect\": could not find dataconnect.yaml in `c:\\Users\\user\\Desktop\\EMPLEOS JESS\\dataconnect`\n"}}
[debug] [2026-08-31T19:50:53.973Z] E0831 15:50:53.973522    2480 watch.go:40] Failed to load config from "c:\\Users\\user\\Desktop\\EMPLEOS JESS\\dataconnect": could not find dataconnect.yaml in `c:\Users\user\Desktop\EMPLEOS JESS\dataconnect`
 {"metadata":{"emulator":{"name":"dataconnect"},"message":"E0831 15:50:53.973522    2480 watch.go:40] Failed to load config from \"c:\\\\Users\\\\user\\\\Desktop\\\\EMPLEOS JESS\\\\dataconnect\": could not find dataconnect.yaml in `c:\\Users\\user\\Desktop\\EMPLEOS JESS\\dataconnect`\n"}}
[debug] [2026-08-31T19:51:03.973Z] E0831 15:51:03.973972    2480 watch.go:40] Failed to load config from "c:\\Users\\user\\Desktop\\EMPLEOS JESS\\dataconnect": could not find dataconnect.yaml in `c:\Users\user\Desktop\EMPLEOS JESS\dataconnect`
 {"metadata":{"emulator":{"name":"dataconnect"},"message":"E0831 15:51:03.973972    2480 watch.go:40] Failed to load config from \"c:\\\\Users\\\\user\\\\Desktop\\\\EMPLEOS JESS\\\\dataconnect\": could not find dataconnect.yaml in `c:\\Users\\user\\Desktop\\EMPLEOS JESS\\dataconnect`\n"}}
[debug] [2026-08-31T19:51:13.972Z] E0831 15:51:13.972426    2480 watch.go:40] Failed to load config from "c:\\Users\\user\\Desktop\\EMPLEOS JESS\\dataconnect": could not find dataconnect.yaml in `c:\Users\user\Desktop\EMPLEOS JESS\dataconnect`
 {"metadata":{"emulator":{"name":"dataconnect"},"message":"E0831 15:51:13.972426    2480 watch.go:40] Failed to load config from \"c:\\\\Users\\\\user\\\\Desktop\\\\EMPLEOS JESS\\\\dataconnect\": could not find dataconnect.yaml in `c:\\Users\\user\\Desktop\\EMPLEOS JESS\\dataconnect`\n"}}
[debug] [2026-08-31T19:51:23.972Z] E0831 15:51:23.972393    2480 watch.go:40] Failed to load config from "c:\\Users\\user\\Desktop\\EMPLEOS JESS\\dataconnect": could not find dataconnect.yaml in `c:\Users\user\Desktop\EMPLEOS JESS\dataconnect`
 {"metadata":{"emulator":{"name":"dataconnect"},"message":"E0831 15:51:23.972393    2480 watch.go:40] Failed to load config from \"c:\\\\Users\\\\user\\\\Desktop\\\\EMPLEOS JESS\\\\dataconnect\": could not find dataconnect.yaml in `c:\\Users\\user\\Desktop\\EMPLEOS JESS\\dataconnect`\n"}}
[debug] [2026-08-31T19:51:33.972Z] E0831 15:51:33.972549    2480 watch.go:116] watchAllDir unable to walk dir `c:\Users\user\Desktop\EMPLEOS JESS\dataconnect`: GetFileAttributesEx c:\Users\user\Desktop\EMPLEOS JESS\dataconnect: The system cannot find the file specified.
 {"metadata":{"emulator":{"name":"dataconnect"},"message":"E0831 15:51:33.972549    2480 watch.go:116] watchAllDir unable to walk dir `c:\\Users\\user\\Desktop\\EMPLEOS JESS\\dataconnect`: GetFileAttributesEx c:\\Users\\user\\Desktop\\EMPLEOS JESS\\dataconnect: The system cannot find the file specified.\n"}}
[debug] [2026-08-31T19:51:33.972Z] E0831 15:51:33.972549    2480 watch.go:40] Failed to load config from "c:\\Users\\user\\Desktop\\EMPLEOS JESS\\dataconnect": could not find dataconnect.yaml in `c:\Users\user\Desktop\EMPLEOS JESS\dataconnect`
 {"metadata":{"emulator":{"name":"dataconnect"},"message":"E0831 15:51:33.972549    2480 watch.go:40] Failed to load config from \"c:\\\\Users\\\\user\\\\Desktop\\\\EMPLEOS JESS\\\\dataconnect\": could not find dataconnect.yaml in `c:\\Users\\user\\Desktop\\EMPLEOS JESS\\dataconnect`\n"}}
[debug] [2026-08-31T19:51:43.972Z] E0831 15:51:43.972396    2480 watch.go:40] Failed to load config from "c:\\Users\\user\\Desktop\\EMPLEOS JESS\\dataconnect": could not find dataconnect.yaml in `c:\Users\user\Desktop\EMPLEOS JESS\dataconnect`
 {"metadata":{"emulator":{"name":"dataconnect"},"message":"E0831 15:51:43.972396    2480 watch.go:40] Failed to load config from \"c:\\\\Users\\\\user\\\\Desktop\\\\EMPLEOS JESS\\\\dataconnect\": could not find dataconnect.yaml in `c:\\Users\\user\\Desktop\\EMPLEOS JESS\\dataconnect`\n"}}
[debug] [2026-08-31T19:51:53.973Z] E0831 15:51:53.972686    2480 watch.go:40] Failed to load config from "c:\\Users\\user\\Desktop\\EMPLEOS JESS\\dataconnect": could not find dataconnect.yaml in `c:\Users\user\Desktop\EMPLEOS JESS\dataconnect`
 {"metadata":{"emulator":{"name":"dataconnect"},"message":"E0831 15:51:53.972686    2480 watch.go:40] Failed to load config from \"c:\\\\Users\\\\user\\\\Desktop\\\\EMPLEOS JESS\\\\dataconnect\": could not find dataconnect.yaml in `c:\\Users\\user\\Desktop\\EMPLEOS JESS\\dataconnect`\n"}}
[debug] [2026-08-31T19:52:03.973Z] E0831 15:52:03.972538    2480 watch.go:40] Failed to load config from "c:\\Users\\user\\Desktop\\EMPLEOS JESS\\dataconnect": could not find dataconnect.yaml in `c:\Users\user\Desktop\EMPLEOS JESS\dataconnect`
 {"metadata":{"emulator":{"name":"dataconnect"},"message":"E0831 15:52:03.972538    2480 watch.go:40] Failed to load config from \"c:\\\\Users\\\\user\\\\Desktop\\\\EMPLEOS JESS\\\\dataconnect\": could not find dataconnect.yaml in `c:\\Users\\user\\Desktop\\EMPLEOS JESS\\dataconnect`\n"}}
[debug] [2026-08-31T19:52:13.973Z] E0831 15:52:13.972904    2480 watch.go:40] Failed to load config from "c:\\Users\\user\\Desktop\\EMPLEOS JESS\\dataconnect": could not find dataconnect.yaml in `c:\Users\user\Desktop\EMPLEOS JESS\dataconnect`
 {"metadata":{"emulator":{"name":"dataconnect"},"message":"E0831 15:52:13.972904    2480 watch.go:40] Failed to load config from \"c:\\\\Users\\\\user\\\\Desktop\\\\EMPLEOS JESS\\\\dataconnect\": could not find dataconnect.yaml in `c:\\Users\\user\\Desktop\\EMPLEOS JESS\\dataconnect`\n"}}
[debug] [2026-08-31T19:52:23.973Z] E0831 15:52:23.973016    2480 watch.go:40] Failed to load config from "c:\\Users\\user\\Desktop\\EMPLEOS JESS\\dataconnect": could not find dataconnect.yaml in `c:\Users\user\Desktop\EMPLEOS JESS\dataconnect`
 {"metadata":{"emulator":{"name":"dataconnect"},"message":"E0831 15:52:23.973016    2480 watch.go:40] Failed to load config from \"c:\\\\Users\\\\user\\\\Desktop\\\\EMPLEOS JESS\\\\dataconnect\": could not find dataconnect.yaml in `c:\\Users\\user\\Desktop\\EMPLEOS JESS\\dataconnect`\n"}}
[debug] [2026-08-31T19:52:33.972Z] E0831 15:52:33.972479    2480 watch.go:116] watchAllDir unable to walk dir `c:\Users\user\Desktop\EMPLEOS JESS\dataconnect`: GetFileAttributesEx c:\Users\user\Desktop\EMPLEOS JESS\dataconnect: The system cannot find the file specified.
 {"metadata":{"emulator":{"name":"dataconnect"},"message":"E0831 15:52:33.972479    2480 watch.go:116] watchAllDir unable to walk dir `c:\\Users\\user\\Desktop\\EMPLEOS JESS\\dataconnect`: GetFileAttributesEx c:\\Users\\user\\Desktop\\EMPLEOS JESS\\dataconnect: The system cannot find the file specified.\n"}}
[debug] [2026-08-31T19:52:33.973Z] E0831 15:52:33.972479    2480 watch.go:40] Failed to load config from "c:\\Users\\user\\Desktop\\EMPLEOS JESS\\dataconnect": could not find dataconnect.yaml in `c:\Users\user\Desktop\EMPLEOS JESS\dataconnect`
 {"metadata":{"emulator":{"name":"dataconnect"},"message":"E0831 15:52:33.972479    2480 watch.go:40] Failed to load config from \"c:\\\\Users\\\\user\\\\Desktop\\\\EMPLEOS JESS\\\\dataconnect\": could not find dataconnect.yaml in `c:\\Users\\user\\Desktop\\EMPLEOS JESS\\dataconnect`\n"}}
[debug] [2026-08-31T19:52:43.973Z] E0831 15:52:43.972461    2480 watch.go:40] Failed to load config from "c:\\Users\\user\\Desktop\\EMPLEOS JESS\\dataconnect": could not find dataconnect.yaml in `c:\Users\user\Desktop\EMPLEOS JESS\dataconnect`
 {"metadata":{"emulator":{"name":"dataconnect"},"message":"E0831 15:52:43.972461    2480 watch.go:40] Failed to load config from \"c:\\\\Users\\\\user\\\\Desktop\\\\EMPLEOS JESS\\\\dataconnect\": could not find dataconnect.yaml in `c:\\Users\\user\\Desktop\\EMPLEOS JESS\\dataconnect`\n"}}
[debug] [2026-08-31T19:52:53.972Z] E0831 15:52:53.972831    2480 watch.go:40] Failed to load config from "c:\\Users\\user\\Desktop\\EMPLEOS JESS\\dataconnect": could not find dataconnect.yaml in `c:\Users\user\Desktop\EMPLEOS JESS\dataconnect`
 {"metadata":{"emulator":{"name":"dataconnect"},"message":"E0831 15:52:53.972831    2480 watch.go:40] Failed to load config from \"c:\\\\Users\\\\user\\\\Desktop\\\\EMPLEOS JESS\\\\dataconnect\": could not find dataconnect.yaml in `c:\\Users\\user\\Desktop\\EMPLEOS JESS\\dataconnect`\n"}}
[debug] [2026-08-31T19:53:03.971Z] E0831 15:53:03.972232    2480 watch.go:40] Failed to load config from "c:\\Users\\user\\Desktop\\EMPLEOS JESS\\dataconnect": could not find dataconnect.yaml in `c:\Users\user\Desktop\EMPLEOS JESS\dataconnect`
 {"metadata":{"emulator":{"name":"dataconnect"},"message":"E0831 15:53:03.972232    2480 watch.go:40] Failed to load config from \"c:\\\\Users\\\\user\\\\Desktop\\\\EMPLEOS JESS\\\\dataconnect\": could not find dataconnect.yaml in `c:\\Users\\user\\Desktop\\EMPLEOS JESS\\dataconnect`\n"}}
[debug] [2026-08-31T19:53:13.972Z] E0831 15:53:13.973275    2480 watch.go:40] Failed to load config from "c:\\Users\\user\\Desktop\\EMPLEOS JESS\\dataconnect": could not find dataconnect.yaml in `c:\Users\user\Desktop\EMPLEOS JESS\dataconnect`
 {"metadata":{"emulator":{"name":"dataconnect"},"message":"E0831 15:53:13.973275    2480 watch.go:40] Failed to load config from \"c:\\\\Users\\\\user\\\\Desktop\\\\EMPLEOS JESS\\\\dataconnect\": could not find dataconnect.yaml in `c:\\Users\\user\\Desktop\\EMPLEOS JESS\\dataconnect`\n"}}
[debug] [2026-08-31T19:53:23.972Z] E0831 15:53:23.972479    2480 watch.go:40] Failed to load config from "c:\\Users\\user\\Desktop\\EMPLEOS JESS\\dataconnect": could not find dataconnect.yaml in `c:\Users\user\Desktop\EMPLEOS JESS\dataconnect`
 {"metadata":{"emulator":{"name":"dataconnect"},"message":"E0831 15:53:23.972479    2480 watch.go:40] Failed to load config from \"c:\\\\Users\\\\user\\\\Desktop\\\\EMPLEOS JESS\\\\dataconnect\": could not find dataconnect.yaml in `c:\\Users\\user\\Desktop\\EMPLEOS JESS\\dataconnect`\n"}}
[debug] [2026-08-31T19:53:33.972Z] E0831 15:53:33.972362    2480 watch.go:116] watchAllDir unable to walk dir `c:\Users\user\Desktop\EMPLEOS JESS\dataconnect`: GetFileAttributesEx c:\Users\user\Desktop\EMPLEOS JESS\dataconnect: The system cannot find the file specified.
 {"metadata":{"emulator":{"name":"dataconnect"},"message":"E0831 15:53:33.972362    2480 watch.go:116] watchAllDir unable to walk dir `c:\\Users\\user\\Desktop\\EMPLEOS JESS\\dataconnect`: GetFileAttributesEx c:\\Users\\user\\Desktop\\EMPLEOS JESS\\dataconnect: The system cannot find the file specified.\n"}}
[debug] [2026-08-31T19:53:33.974Z] E0831 15:53:33.973683    2480 watch.go:40] Failed to load config from "c:\\Users\\user\\Desktop\\EMPLEOS JESS\\dataconnect": could not find dataconnect.yaml in `c:\Users\user\Desktop\EMPLEOS JESS\dataconnect`
 {"metadata":{"emulator":{"name":"dataconnect"},"message":"E0831 15:53:33.973683    2480 watch.go:40] Failed to load config from \"c:\\\\Users\\\\user\\\\Desktop\\\\EMPLEOS JESS\\\\dataconnect\": could not find dataconnect.yaml in `c:\\Users\\user\\Desktop\\EMPLEOS JESS\\dataconnect`\n"}}
[debug] [2026-08-31T19:53:43.972Z] E0831 15:53:43.973084    2480 watch.go:40] Failed to load config from "c:\\Users\\user\\Desktop\\EMPLEOS JESS\\dataconnect": could not find dataconnect.yaml in `c:\Users\user\Desktop\EMPLEOS JESS\dataconnect`
 {"metadata":{"emulator":{"name":"dataconnect"},"message":"E0831 15:53:43.973084    2480 watch.go:40] Failed to load config from \"c:\\\\Users\\\\user\\\\Desktop\\\\EMPLEOS JESS\\\\dataconnect\": could not find dataconnect.yaml in `c:\\Users\\user\\Desktop\\EMPLEOS JESS\\dataconnect`\n"}}
[debug] [2026-08-31T19:53:53.972Z] E0831 15:53:53.972909    2480 watch.go:40] Failed to load config from "c:\\Users\\user\\Desktop\\EMPLEOS JESS\\dataconnect": could not find dataconnect.yaml in `c:\Users\user\Desktop\EMPLEOS JESS\dataconnect`
 {"metadata":{"emulator":{"name":"dataconnect"},"message":"E0831 15:53:53.972909    2480 watch.go:40] Failed to load config from \"c:\\\\Users\\\\user\\\\Desktop\\\\EMPLEOS JESS\\\\dataconnect\": could not find dataconnect.yaml in `c:\\Users\\user\\Desktop\\EMPLEOS JESS\\dataconnect`\n"}}
[debug] [2026-08-31T19:54:03.976Z] E0831 15:54:03.976688    2480 watch.go:40] Failed to load config from "c:\\Users\\user\\Desktop\\EMPLEOS JESS\\dataconnect": could not find dataconnect.yaml in `c:\Users\user\Desktop\EMPLEOS JESS\dataconnect`
 {"metadata":{"emulator":{"name":"dataconnect"},"message":"E0831 15:54:03.976688    2480 watch.go:40] Failed to load config from \"c:\\\\Users\\\\user\\\\Desktop\\\\EMPLEOS JESS\\\\dataconnect\": could not find dataconnect.yaml in `c:\\Users\\user\\Desktop\\EMPLEOS JESS\\dataconnect`\n"}}
[debug] [2026-08-31T19:54:13.973Z] E0831 15:54:13.973355    2480 watch.go:40] Failed to load config from "c:\\Users\\user\\Desktop\\EMPLEOS JESS\\dataconnect": could not find dataconnect.yaml in `c:\Users\user\Desktop\EMPLEOS JESS\dataconnect`
 {"metadata":{"emulator":{"name":"dataconnect"},"message":"E0831 15:54:13.973355    2480 watch.go:40] Failed to load config from \"c:\\\\Users\\\\user\\\\Desktop\\\\EMPLEOS JESS\\\\dataconnect\": could not find dataconnect.yaml in `c:\\Users\\user\\Desktop\\EMPLEOS JESS\\dataconnect`\n"}}
[debug] [2026-08-31T19:54:23.972Z] E0831 15:54:23.972361    2480 watch.go:40] Failed to load config from "c:\\Users\\user\\Desktop\\EMPLEOS JESS\\dataconnect": could not find dataconnect.yaml in `c:\Users\user\Desktop\EMPLEOS JESS\dataconnect`
 {"metadata":{"emulator":{"name":"dataconnect"},"message":"E0831 15:54:23.972361    2480 watch.go:40] Failed to load config from \"c:\\\\Users\\\\user\\\\Desktop\\\\EMPLEOS JESS\\\\dataconnect\": could not find dataconnect.yaml in `c:\\Users\\user\\Desktop\\EMPLEOS JESS\\dataconnect`\n"}}
[debug] [2026-08-31T19:54:33.972Z] E0831 15:54:33.972070    2480 watch.go:116] watchAllDir unable to walk dir `c:\Users\user\Desktop\EMPLEOS JESS\dataconnect`: GetFileAttributesEx c:\Users\user\Desktop\EMPLEOS JESS\dataconnect: The system cannot find the file specified.
 {"metadata":{"emulator":{"name":"dataconnect"},"message":"E0831 15:54:33.972070    2480 watch.go:116] watchAllDir unable to walk dir `c:\\Users\\user\\Desktop\\EMPLEOS JESS\\dataconnect`: GetFileAttributesEx c:\\Users\\user\\Desktop\\EMPLEOS JESS\\dataconnect: The system cannot find the file specified.\n"}}
[debug] [2026-08-31T19:54:33.974Z] E0831 15:54:33.974837    2480 watch.go:40] Failed to load config from "c:\\Users\\user\\Desktop\\EMPLEOS JESS\\dataconnect": could not find dataconnect.yaml in `c:\Users\user\Desktop\EMPLEOS JESS\dataconnect`
 {"metadata":{"emulator":{"name":"dataconnect"},"message":"E0831 15:54:33.974837    2480 watch.go:40] Failed to load config from \"c:\\\\Users\\\\user\\\\Desktop\\\\EMPLEOS JESS\\\\dataconnect\": could not find dataconnect.yaml in `c:\\Users\\user\\Desktop\\EMPLEOS JESS\\dataconnect`\n"}}
[debug] [2026-08-31T19:54:43.973Z] E0831 15:54:43.973072    2480 watch.go:40] Failed to load config from "c:\\Users\\user\\Desktop\\EMPLEOS JESS\\dataconnect": could not find dataconnect.yaml in `c:\Users\user\Desktop\EMPLEOS JESS\dataconnect`
 {"metadata":{"emulator":{"name":"dataconnect"},"message":"E0831 15:54:43.973072    2480 watch.go:40] Failed to load config from \"c:\\\\Users\\\\user\\\\Desktop\\\\EMPLEOS JESS\\\\dataconnect\": could not find dataconnect.yaml in `c:\\Users\\user\\Desktop\\EMPLEOS JESS\\dataconnect`\n"}}
[debug] [2026-08-31T19:54:53.973Z] E0831 15:54:53.973613    2480 watch.go:40] Failed to load config from "c:\\Users\\user\\Desktop\\EMPLEOS JESS\\dataconnect": could not find dataconnect.yaml in `c:\Users\user\Desktop\EMPLEOS JESS\dataconnect`
 {"metadata":{"emulator":{"name":"dataconnect"},"message":"E0831 15:54:53.973613    2480 watch.go:40] Failed to load config from \"c:\\\\Users\\\\user\\\\Desktop\\\\EMPLEOS JESS\\\\dataconnect\": could not find dataconnect.yaml in `c:\\Users\\user\\Desktop\\EMPLEOS JESS\\dataconnect`\n"}}
[debug] [2026-08-31T19:55:03.973Z] E0831 15:55:03.972979    2480 watch.go:40] Failed to load config from "c:\\Users\\user\\Desktop\\EMPLEOS JESS\\dataconnect": could not find dataconnect.yaml in `c:\Users\user\Desktop\EMPLEOS JESS\dataconnect`
 {"metadata":{"emulator":{"name":"dataconnect"},"message":"E0831 15:55:03.972979    2480 watch.go:40] Failed to load config from \"c:\\\\Users\\\\user\\\\Desktop\\\\EMPLEOS JESS\\\\dataconnect\": could not find dataconnect.yaml in `c:\\Users\\user\\Desktop\\EMPLEOS JESS\\dataconnect`\n"}}
[debug] [2026-08-31T19:55:13.972Z] E0831 15:55:13.972236    2480 watch.go:40] Failed to load config from "c:\\Users\\user\\Desktop\\EMPLEOS JESS\\dataconnect": could not find dataconnect.yaml in `c:\Users\user\Desktop\EMPLEOS JESS\dataconnect`
 {"metadata":{"emulator":{"name":"dataconnect"},"message":"E0831 15:55:13.972236    2480 watch.go:40] Failed to load config from \"c:\\\\Users\\\\user\\\\Desktop\\\\EMPLEOS JESS\\\\dataconnect\": could not find dataconnect.yaml in `c:\\Users\\user\\Desktop\\EMPLEOS JESS\\dataconnect`\n"}}
[debug] [2026-08-31T19:55:23.972Z] E0831 15:55:23.972493    2480 watch.go:40] Failed to load config from "c:\\Users\\user\\Desktop\\EMPLEOS JESS\\dataconnect": could not find dataconnect.yaml in `c:\Users\user\Desktop\EMPLEOS JESS\dataconnect`
 {"metadata":{"emulator":{"name":"dataconnect"},"message":"E0831 15:55:23.972493    2480 watch.go:40] Failed to load config from \"c:\\\\Users\\\\user\\\\Desktop\\\\EMPLEOS JESS\\\\dataconnect\": could not find dataconnect.yaml in `c:\\Users\\user\\Desktop\\EMPLEOS JESS\\dataconnect`\n"}}
[debug] [2026-08-31T19:55:33.972Z] E0831 15:55:33.972175    2480 watch.go:116] watchAllDir unable to walk dir `c:\Users\user\Desktop\EMPLEOS JESS\dataconnect`: GetFileAttributesEx c:\Users\user\Desktop\EMPLEOS JESS\dataconnect: The system cannot find the file specified.
 {"metadata":{"emulator":{"name":"dataconnect"},"message":"E0831 15:55:33.972175    2480 watch.go:116] watchAllDir unable to walk dir `c:\\Users\\user\\Desktop\\EMPLEOS JESS\\dataconnect`: GetFileAttributesEx c:\\Users\\user\\Desktop\\EMPLEOS JESS\\dataconnect: The system cannot find the file specified.\n"}}
[debug] [2026-08-31T19:55:33.973Z] E0831 15:55:33.972175    2480 watch.go:40] Failed to load config from "c:\\Users\\user\\Desktop\\EMPLEOS JESS\\dataconnect": could not find dataconnect.yaml in `c:\Users\user\Desktop\EMPLEOS JESS\dataconnect`
 {"metadata":{"emulator":{"name":"dataconnect"},"message":"E0831 15:55:33.972175    2480 watch.go:40] Failed to load config from \"c:\\\\Users\\\\user\\\\Desktop\\\\EMPLEOS JESS\\\\dataconnect\": could not find dataconnect.yaml in `c:\\Users\\user\\Desktop\\EMPLEOS JESS\\dataconnect`\n"}}
[debug] [2026-08-31T19:55:43.974Z] E0831 15:55:43.973748    2480 watch.go:40] Failed to load config from "c:\\Users\\user\\Desktop\\EMPLEOS JESS\\dataconnect": could not find dataconnect.yaml in `c:\Users\user\Desktop\EMPLEOS JESS\dataconnect`
 {"metadata":{"emulator":{"name":"dataconnect"},"message":"E0831 15:55:43.973748    2480 watch.go:40] Failed to load config from \"c:\\\\Users\\\\user\\\\Desktop\\\\EMPLEOS JESS\\\\dataconnect\": could not find dataconnect.yaml in `c:\\Users\\user\\Desktop\\EMPLEOS JESS\\dataconnect`\n"}}
[debug] [2026-08-31T19:55:53.973Z] E0831 15:55:53.972674    2480 watch.go:40] Failed to load config from "c:\\Users\\user\\Desktop\\EMPLEOS JESS\\dataconnect": could not find dataconnect.yaml in `c:\Users\user\Desktop\EMPLEOS JESS\dataconnect`
 {"metadata":{"emulator":{"name":"dataconnect"},"message":"E0831 15:55:53.972674    2480 watch.go:40] Failed to load config from \"c:\\\\Users\\\\user\\\\Desktop\\\\EMPLEOS JESS\\\\dataconnect\": could not find dataconnect.yaml in `c:\\Users\\user\\Desktop\\EMPLEOS JESS\\dataconnect`\n"}}
[debug] [2026-08-31T19:56:03.972Z] E0831 15:56:03.972882    2480 watch.go:40] Failed to load config from "c:\\Users\\user\\Desktop\\EMPLEOS JESS\\dataconnect": could not find dataconnect.yaml in `c:\Users\user\Desktop\EMPLEOS JESS\dataconnect`
 {"metadata":{"emulator":{"name":"dataconnect"},"message":"E0831 15:56:03.972882    2480 watch.go:40] Failed to load config from \"c:\\\\Users\\\\user\\\\Desktop\\\\EMPLEOS JESS\\\\dataconnect\": could not find dataconnect.yaml in `c:\\Users\\user\\Desktop\\EMPLEOS JESS\\dataconnect`\n"}}
[debug] [2026-08-31T19:56:13.973Z] E0831 15:56:13.973524    2480 watch.go:40] Failed to load config from "c:\\Users\\user\\Desktop\\EMPLEOS JESS\\dataconnect": could not find dataconnect.yaml in `c:\Users\user\Desktop\EMPLEOS JESS\dataconnect`
 {"metadata":{"emulator":{"name":"dataconnect"},"message":"E0831 15:56:13.973524    2480 watch.go:40] Failed to load config from \"c:\\\\Users\\\\user\\\\Desktop\\\\EMPLEOS JESS\\\\dataconnect\": could not find dataconnect.yaml in `c:\\Users\\user\\Desktop\\EMPLEOS JESS\\dataconnect`\n"}}
[debug] [2026-08-31T19:56:23.973Z] E0831 15:56:23.973013    2480 watch.go:40] Failed to load config from "c:\\Users\\user\\Desktop\\EMPLEOS JESS\\dataconnect": could not find dataconnect.yaml in `c:\Users\user\Desktop\EMPLEOS JESS\dataconnect`
 {"metadata":{"emulator":{"name":"dataconnect"},"message":"E0831 15:56:23.973013    2480 watch.go:40] Failed to load config from \"c:\\\\Users\\\\user\\\\Desktop\\\\EMPLEOS JESS\\\\dataconnect\": could not find dataconnect.yaml in `c:\\Users\\user\\Desktop\\EMPLEOS JESS\\dataconnect`\n"}}
[debug] [2026-08-31T19:56:33.972Z] E0831 15:56:33.972926    2480 watch.go:116] watchAllDir unable to walk dir `c:\Users\user\Desktop\EMPLEOS JESS\dataconnect`: GetFileAttributesEx c:\Users\user\Desktop\EMPLEOS JESS\dataconnect: The system cannot find the file specified.
 {"metadata":{"emulator":{"name":"dataconnect"},"message":"E0831 15:56:33.972926    2480 watch.go:116] watchAllDir unable to walk dir `c:\\Users\\user\\Desktop\\EMPLEOS JESS\\dataconnect`: GetFileAttributesEx c:\\Users\\user\\Desktop\\EMPLEOS JESS\\dataconnect: The system cannot find the file specified.\n"}}
[debug] [2026-08-31T19:56:33.973Z] E0831 15:56:33.972926    2480 watch.go:40] Failed to load config from "c:\\Users\\user\\Desktop\\EMPLEOS JESS\\dataconnect": could not find dataconnect.yaml in `c:\Users\user\Desktop\EMPLEOS JESS\dataconnect`
 {"metadata":{"emulator":{"name":"dataconnect"},"message":"E0831 15:56:33.972926    2480 watch.go:40] Failed to load config from \"c:\\\\Users\\\\user\\\\Desktop\\\\EMPLEOS JESS\\\\dataconnect\": could not find dataconnect.yaml in `c:\\Users\\user\\Desktop\\EMPLEOS JESS\\dataconnect`\n"}}
[debug] [2026-08-31T19:56:43.973Z] E0831 15:56:43.973587    2480 watch.go:40] Failed to load config from "c:\\Users\\user\\Desktop\\EMPLEOS JESS\\dataconnect": could not find dataconnect.yaml in `c:\Users\user\Desktop\EMPLEOS JESS\dataconnect`
 {"metadata":{"emulator":{"name":"dataconnect"},"message":"E0831 15:56:43.973587    2480 watch.go:40] Failed to load config from \"c:\\\\Users\\\\user\\\\Desktop\\\\EMPLEOS JESS\\\\dataconnect\": could not find dataconnect.yaml in `c:\\Users\\user\\Desktop\\EMPLEOS JESS\\dataconnect`\n"}}
[debug] [2026-08-31T19:56:53.973Z] E0831 15:56:53.972939    2480 watch.go:40] Failed to load config from "c:\\Users\\user\\Desktop\\EMPLEOS JESS\\dataconnect": could not find dataconnect.yaml in `c:\Users\user\Desktop\EMPLEOS JESS\dataconnect`
 {"metadata":{"emulator":{"name":"dataconnect"},"message":"E0831 15:56:53.972939    2480 watch.go:40] Failed to load config from \"c:\\\\Users\\\\user\\\\Desktop\\\\EMPLEOS JESS\\\\dataconnect\": could not find dataconnect.yaml in `c:\\Users\\user\\Desktop\\EMPLEOS JESS\\dataconnect`\n"}}
[debug] [2026-08-31T19:57:03.972Z] E0831 15:57:03.972535    2480 watch.go:40] Failed to load config from "c:\\Users\\user\\Desktop\\EMPLEOS JESS\\dataconnect": could not find dataconnect.yaml in `c:\Users\user\Desktop\EMPLEOS JESS\dataconnect`
 {"metadata":{"emulator":{"name":"dataconnect"},"message":"E0831 15:57:03.972535    2480 watch.go:40] Failed to load config from \"c:\\\\Users\\\\user\\\\Desktop\\\\EMPLEOS JESS\\\\dataconnect\": could not find dataconnect.yaml in `c:\\Users\\user\\Desktop\\EMPLEOS JESS\\dataconnect`\n"}}
[debug] [2026-08-31T19:57:13.973Z] E0831 15:57:13.972942    2480 watch.go:40] Failed to load config from "c:\\Users\\user\\Desktop\\EMPLEOS JESS\\dataconnect": could not find dataconnect.yaml in `c:\Users\user\Desktop\EMPLEOS JESS\dataconnect`
 {"metadata":{"emulator":{"name":"dataconnect"},"message":"E0831 15:57:13.972942    2480 watch.go:40] Failed to load config from \"c:\\\\Users\\\\user\\\\Desktop\\\\EMPLEOS JESS\\\\dataconnect\": could not find dataconnect.yaml in `c:\\Users\\user\\Desktop\\EMPLEOS JESS\\dataconnect`\n"}}
[debug] [2026-08-31T19:57:23.971Z] E0831 15:57:23.972451    2480 watch.go:40] Failed to load config from "c:\\Users\\user\\Desktop\\EMPLEOS JESS\\dataconnect": could not find dataconnect.yaml in `c:\Users\user\Desktop\EMPLEOS JESS\dataconnect`
 {"metadata":{"emulator":{"name":"dataconnect"},"message":"E0831 15:57:23.972451    2480 watch.go:40] Failed to load config from \"c:\\\\Users\\\\user\\\\Desktop\\\\EMPLEOS JESS\\\\dataconnect\": could not find dataconnect.yaml in `c:\\Users\\user\\Desktop\\EMPLEOS JESS\\dataconnect`\n"}}
[debug] [2026-08-31T19:57:33.971Z] E0831 15:57:33.972414    2480 watch.go:116] watchAllDir unable to walk dir `c:\Users\user\Desktop\EMPLEOS JESS\dataconnect`: GetFileAttributesEx c:\Users\user\Desktop\EMPLEOS JESS\dataconnect: The system cannot find the file specified.
 {"metadata":{"emulator":{"name":"dataconnect"},"message":"E0831 15:57:33.972414    2480 watch.go:116] watchAllDir unable to walk dir `c:\\Users\\user\\Desktop\\EMPLEOS JESS\\dataconnect`: GetFileAttributesEx c:\\Users\\user\\Desktop\\EMPLEOS JESS\\dataconnect: The system cannot find the file specified.\n"}}
[debug] [2026-08-31T19:57:33.972Z] E0831 15:57:33.972414    2480 watch.go:40] Failed to load config from "c:\\Users\\user\\Desktop\\EMPLEOS JESS\\dataconnect": could not find dataconnect.yaml in `c:\Users\user\Desktop\EMPLEOS JESS\dataconnect`
 {"metadata":{"emulator":{"name":"dataconnect"},"message":"E0831 15:57:33.972414    2480 watch.go:40] Failed to load config from \"c:\\\\Users\\\\user\\\\Desktop\\\\EMPLEOS JESS\\\\dataconnect\": could not find dataconnect.yaml in `c:\\Users\\user\\Desktop\\EMPLEOS JESS\\dataconnect`\n"}}
[debug] [2026-08-31T19:57:43.972Z] E0831 15:57:43.973096    2480 watch.go:40] Failed to load config from "c:\\Users\\user\\Desktop\\EMPLEOS JESS\\dataconnect": could not find dataconnect.yaml in `c:\Users\user\Desktop\EMPLEOS JESS\dataconnect`
 {"metadata":{"emulator":{"name":"dataconnect"},"message":"E0831 15:57:43.973096    2480 watch.go:40] Failed to load config from \"c:\\\\Users\\\\user\\\\Desktop\\\\EMPLEOS JESS\\\\dataconnect\": could not find dataconnect.yaml in `c:\\Users\\user\\Desktop\\EMPLEOS JESS\\dataconnect`\n"}}
[debug] [2026-08-31T19:57:53.972Z] E0831 15:57:53.973396    2480 watch.go:40] Failed to load config from "c:\\Users\\user\\Desktop\\EMPLEOS JESS\\dataconnect": could not find dataconnect.yaml in `c:\Users\user\Desktop\EMPLEOS JESS\dataconnect`
 {"metadata":{"emulator":{"name":"dataconnect"},"message":"E0831 15:57:53.973396    2480 watch.go:40] Failed to load config from \"c:\\\\Users\\\\user\\\\Desktop\\\\EMPLEOS JESS\\\\dataconnect\": could not find dataconnect.yaml in `c:\\Users\\user\\Desktop\\EMPLEOS JESS\\dataconnect`\n"}}
[debug] [2026-08-31T19:58:03.971Z] E0831 15:58:03.972396    2480 watch.go:40] Failed to load config from "c:\\Users\\user\\Desktop\\EMPLEOS JESS\\dataconnect": could not find dataconnect.yaml in `c:\Users\user\Desktop\EMPLEOS JESS\dataconnect`
 {"metadata":{"emulator":{"name":"dataconnect"},"message":"E0831 15:58:03.972396    2480 watch.go:40] Failed to load config from \"c:\\\\Users\\\\user\\\\Desktop\\\\EMPLEOS JESS\\\\dataconnect\": could not find dataconnect.yaml in `c:\\Users\\user\\Desktop\\EMPLEOS JESS\\dataconnect`\n"}}
[debug] [2026-08-31T19:58:13.973Z] E0831 15:58:13.974179    2480 watch.go:40] Failed to load config from "c:\\Users\\user\\Desktop\\EMPLEOS JESS\\dataconnect": could not find dataconnect.yaml in `c:\Users\user\Desktop\EMPLEOS JESS\dataconnect`
 {"metadata":{"emulator":{"name":"dataconnect"},"message":"E0831 15:58:13.974179    2480 watch.go:40] Failed to load config from \"c:\\\\Users\\\\user\\\\Desktop\\\\EMPLEOS JESS\\\\dataconnect\": could not find dataconnect.yaml in `c:\\Users\\user\\Desktop\\EMPLEOS JESS\\dataconnect`\n"}}
[debug] [2026-08-31T19:58:23.972Z] E0831 15:58:23.972374    2480 watch.go:40] Failed to load config from "c:\\Users\\user\\Desktop\\EMPLEOS JESS\\dataconnect": could not find dataconnect.yaml in `c:\Users\user\Desktop\EMPLEOS JESS\dataconnect`
 {"metadata":{"emulator":{"name":"dataconnect"},"message":"E0831 15:58:23.972374    2480 watch.go:40] Failed to load config from \"c:\\\\Users\\\\user\\\\Desktop\\\\EMPLEOS JESS\\\\dataconnect\": could not find dataconnect.yaml in `c:\\Users\\user\\Desktop\\EMPLEOS JESS\\dataconnect`\n"}}
[debug] [2026-08-31T19:58:33.972Z] E0831 15:58:33.973440    2480 watch.go:116] watchAllDir unable to walk dir `c:\Users\user\Desktop\EMPLEOS JESS\dataconnect`: GetFileAttributesEx c:\Users\user\Desktop\EMPLEOS JESS\dataconnect: The system cannot find the file specified.
 {"metadata":{"emulator":{"name":"dataconnect"},"message":"E0831 15:58:33.973440    2480 watch.go:116] watchAllDir unable to walk dir `c:\\Users\\user\\Desktop\\EMPLEOS JESS\\dataconnect`: GetFileAttributesEx c:\\Users\\user\\Desktop\\EMPLEOS JESS\\dataconnect: The system cannot find the file specified.\n"}}
[debug] [2026-08-31T19:58:33.973Z] E0831 15:58:33.973440    2480 watch.go:40] Failed to load config from "c:\\Users\\user\\Desktop\\EMPLEOS JESS\\dataconnect": could not find dataconnect.yaml in `c:\Users\user\Desktop\EMPLEOS JESS\dataconnect`
 {"metadata":{"emulator":{"name":"dataconnect"},"message":"E0831 15:58:33.973440    2480 watch.go:40] Failed to load config from \"c:\\\\Users\\\\user\\\\Desktop\\\\EMPLEOS JESS\\\\dataconnect\": could not find dataconnect.yaml in `c:\\Users\\user\\Desktop\\EMPLEOS JESS\\dataconnect`\n"}}
[debug] [2026-08-31T19:58:43.973Z] E0831 15:58:43.973761    2480 watch.go:40] Failed to load config from "c:\\Users\\user\\Desktop\\EMPLEOS JESS\\dataconnect": could not find dataconnect.yaml in `c:\Users\user\Desktop\EMPLEOS JESS\dataconnect`
 {"metadata":{"emulator":{"name":"dataconnect"},"message":"E0831 15:58:43.973761    2480 watch.go:40] Failed to load config from \"c:\\\\Users\\\\user\\\\Desktop\\\\EMPLEOS JESS\\\\dataconnect\": could not find dataconnect.yaml in `c:\\Users\\user\\Desktop\\EMPLEOS JESS\\dataconnect`\n"}}
[debug] [2026-08-31T19:58:53.973Z] E0831 15:58:53.973276    2480 watch.go:40] Failed to load config from "c:\\Users\\user\\Desktop\\EMPLEOS JESS\\dataconnect": could not find dataconnect.yaml in `c:\Users\user\Desktop\EMPLEOS JESS\dataconnect`
 {"metadata":{"emulator":{"name":"dataconnect"},"message":"E0831 15:58:53.973276    2480 watch.go:40] Failed to load config from \"c:\\\\Users\\\\user\\\\Desktop\\\\EMPLEOS JESS\\\\dataconnect\": could not find dataconnect.yaml in `c:\\Users\\user\\Desktop\\EMPLEOS JESS\\dataconnect`\n"}}
[debug] [2026-08-31T19:59:03.972Z] E0831 15:59:03.972316    2480 watch.go:40] Failed to load config from "c:\\Users\\user\\Desktop\\EMPLEOS JESS\\dataconnect": could not find dataconnect.yaml in `c:\Users\user\Desktop\EMPLEOS JESS\dataconnect`
 {"metadata":{"emulator":{"name":"dataconnect"},"message":"E0831 15:59:03.972316    2480 watch.go:40] Failed to load config from \"c:\\\\Users\\\\user\\\\Desktop\\\\EMPLEOS JESS\\\\dataconnect\": could not find dataconnect.yaml in `c:\\Users\\user\\Desktop\\EMPLEOS JESS\\dataconnect`\n"}}
[debug] [2026-08-31T19:59:13.972Z] E0831 15:59:13.972316    2480 watch.go:40] Failed to load config from "c:\\Users\\user\\Desktop\\EMPLEOS JESS\\dataconnect": could not find dataconnect.yaml in `c:\Users\user\Desktop\EMPLEOS JESS\dataconnect`
 {"metadata":{"emulator":{"name":"dataconnect"},"message":"E0831 15:59:13.972316    2480 watch.go:40] Failed to load config from \"c:\\\\Users\\\\user\\\\Desktop\\\\EMPLEOS JESS\\\\dataconnect\": could not find dataconnect.yaml in `c:\\Users\\user\\Desktop\\EMPLEOS JESS\\dataconnect`\n"}}
[debug] [2026-08-31T19:59:23.976Z] E0831 15:59:23.975755    2480 watch.go:40] Failed to load config from "c:\\Users\\user\\Desktop\\EMPLEOS JESS\\dataconnect": could not find dataconnect.yaml in `c:\Users\user\Desktop\EMPLEOS JESS\dataconnect`
 {"metadata":{"emulator":{"name":"dataconnect"},"message":"E0831 15:59:23.975755    2480 watch.go:40] Failed to load config from \"c:\\\\Users\\\\user\\\\Desktop\\\\EMPLEOS JESS\\\\dataconnect\": could not find dataconnect.yaml in `c:\\Users\\user\\Desktop\\EMPLEOS JESS\\dataconnect`\n"}}
[debug] [2026-08-31T19:59:33.973Z] E0831 15:59:33.972870    2480 watch.go:116] watchAllDir unable to walk dir `c:\Users\user\Desktop\EMPLEOS JESS\dataconnect`: GetFileAttributesEx c:\Users\user\Desktop\EMPLEOS JESS\dataconnect: The system cannot find the file specified.
 {"metadata":{"emulator":{"name":"dataconnect"},"message":"E0831 15:59:33.972870    2480 watch.go:116] watchAllDir unable to walk dir `c:\\Users\\user\\Desktop\\EMPLEOS JESS\\dataconnect`: GetFileAttributesEx c:\\Users\\user\\Desktop\\EMPLEOS JESS\\dataconnect: The system cannot find the file specified.\n"}}
[debug] [2026-08-31T19:59:33.974Z] E0831 15:59:33.973426    2480 watch.go:40] Failed to load config from "c:\\Users\\user\\Desktop\\EMPLEOS JESS\\dataconnect": could not find dataconnect.yaml in `c:\Users\user\Desktop\EMPLEOS JESS\dataconnect`
 {"metadata":{"emulator":{"name":"dataconnect"},"message":"E0831 15:59:33.973426    2480 watch.go:40] Failed to load config from \"c:\\\\Users\\\\user\\\\Desktop\\\\EMPLEOS JESS\\\\dataconnect\": could not find dataconnect.yaml in `c:\\Users\\user\\Desktop\\EMPLEOS JESS\\dataconnect`\n"}}
[debug] [2026-08-31T19:59:43.972Z] E0831 15:59:43.972363    2480 watch.go:40] Failed to load config from "c:\\Users\\user\\Desktop\\EMPLEOS JESS\\dataconnect": could not find dataconnect.yaml in `c:\Users\user\Desktop\EMPLEOS JESS\dataconnect`
 {"metadata":{"emulator":{"name":"dataconnect"},"message":"E0831 15:59:43.972363    2480 watch.go:40] Failed to load config from \"c:\\\\Users\\\\user\\\\Desktop\\\\EMPLEOS JESS\\\\dataconnect\": could not find dataconnect.yaml in `c:\\Users\\user\\Desktop\\EMPLEOS JESS\\dataconnect`\n"}}
[debug] [2026-08-31T19:59:53.973Z] E0831 15:59:53.973291    2480 watch.go:40] Failed to load config from "c:\\Users\\user\\Desktop\\EMPLEOS JESS\\dataconnect": could not find dataconnect.yaml in `c:\Users\user\Desktop\EMPLEOS JESS\dataconnect`
 {"metadata":{"emulator":{"name":"dataconnect"},"message":"E0831 15:59:53.973291    2480 watch.go:40] Failed to load config from \"c:\\\\Users\\\\user\\\\Desktop\\\\EMPLEOS JESS\\\\dataconnect\": could not find dataconnect.yaml in `c:\\Users\\user\\Desktop\\EMPLEOS JESS\\dataconnect`\n"}}
[debug] [2026-08-31T20:00:03.988Z] E0831 16:00:03.974198    2480 watch.go:40] Failed to load config from "c:\\Users\\user\\Desktop\\EMPLEOS JESS\\dataconnect": could not find dataconnect.yaml in `c:\Users\user\Desktop\EMPLEOS JESS\dataconnect`
 {"metadata":{"emulator":{"name":"dataconnect"},"message":"E0831 16:00:03.974198    2480 watch.go:40] Failed to load config from \"c:\\\\Users\\\\user\\\\Desktop\\\\EMPLEOS JESS\\\\dataconnect\": could not find dataconnect.yaml in `c:\\Users\\user\\Desktop\\EMPLEOS JESS\\dataconnect`\n"}}
[debug] [2026-08-31T20:00:13.972Z] E0831 16:00:13.972626    2480 watch.go:40] Failed to load config from "c:\\Users\\user\\Desktop\\EMPLEOS JESS\\dataconnect": could not find dataconnect.yaml in `c:\Users\user\Desktop\EMPLEOS JESS\dataconnect`
 {"metadata":{"emulator":{"name":"dataconnect"},"message":"E0831 16:00:13.972626    2480 watch.go:40] Failed to load config from \"c:\\\\Users\\\\user\\\\Desktop\\\\EMPLEOS JESS\\\\dataconnect\": could not find dataconnect.yaml in `c:\\Users\\user\\Desktop\\EMPLEOS JESS\\dataconnect`\n"}}
[debug] [2026-08-31T20:00:23.973Z] E0831 16:00:23.973418    2480 watch.go:40] Failed to load config from "c:\\Users\\user\\Desktop\\EMPLEOS JESS\\dataconnect": could not find dataconnect.yaml in `c:\Users\user\Desktop\EMPLEOS JESS\dataconnect`
 {"metadata":{"emulator":{"name":"dataconnect"},"message":"E0831 16:00:23.973418    2480 watch.go:40] Failed to load config from \"c:\\\\Users\\\\user\\\\Desktop\\\\EMPLEOS JESS\\\\dataconnect\": could not find dataconnect.yaml in `c:\\Users\\user\\Desktop\\EMPLEOS JESS\\dataconnect`\n"}}
[debug] [2026-08-31T20:00:33.972Z] E0831 16:00:33.972678    2480 watch.go:116] watchAllDir unable to walk dir `c:\Users\user\Desktop\EMPLEOS JESS\dataconnect`: GetFileAttributesEx c:\Users\user\Desktop\EMPLEOS JESS\dataconnect: The system cannot find the file specified.
 {"metadata":{"emulator":{"name":"dataconnect"},"message":"E0831 16:00:33.972678    2480 watch.go:116] watchAllDir unable to walk dir `c:\\Users\\user\\Desktop\\EMPLEOS JESS\\dataconnect`: GetFileAttributesEx c:\\Users\\user\\Desktop\\EMPLEOS JESS\\dataconnect: The system cannot find the file specified.\n"}}
[debug] [2026-08-31T20:00:33.973Z] E0831 16:00:33.972678    2480 watch.go:40] Failed to load config from "c:\\Users\\user\\Desktop\\EMPLEOS JESS\\dataconnect": could not find dataconnect.yaml in `c:\Users\user\Desktop\EMPLEOS JESS\dataconnect`
 {"metadata":{"emulator":{"name":"dataconnect"},"message":"E0831 16:00:33.972678    2480 watch.go:40] Failed to load config from \"c:\\\\Users\\\\user\\\\Desktop\\\\EMPLEOS JESS\\\\dataconnect\": could not find dataconnect.yaml in `c:\\Users\\user\\Desktop\\EMPLEOS JESS\\dataconnect`\n"}}
[debug] [2026-08-31T20:00:43.973Z] E0831 16:00:43.974059    2480 watch.go:40] Failed to load config from "c:\\Users\\user\\Desktop\\EMPLEOS JESS\\dataconnect": could not find dataconnect.yaml in `c:\Users\user\Desktop\EMPLEOS JESS\dataconnect`
 {"metadata":{"emulator":{"name":"dataconnect"},"message":"E0831 16:00:43.974059    2480 watch.go:40] Failed to load config from \"c:\\\\Users\\\\user\\\\Desktop\\\\EMPLEOS JESS\\\\dataconnect\": could not find dataconnect.yaml in `c:\\Users\\user\\Desktop\\EMPLEOS JESS\\dataconnect`\n"}}
[debug] [2026-08-31T20:00:53.972Z] E0831 16:00:53.972408    2480 watch.go:40] Failed to load config from "c:\\Users\\user\\Desktop\\EMPLEOS JESS\\dataconnect": could not find dataconnect.yaml in `c:\Users\user\Desktop\EMPLEOS JESS\dataconnect`
 {"metadata":{"emulator":{"name":"dataconnect"},"message":"E0831 16:00:53.972408    2480 watch.go:40] Failed to load config from \"c:\\\\Users\\\\user\\\\Desktop\\\\EMPLEOS JESS\\\\dataconnect\": could not find dataconnect.yaml in `c:\\Users\\user\\Desktop\\EMPLEOS JESS\\dataconnect`\n"}}
[debug] [2026-08-31T20:01:03.973Z] E0831 16:01:03.973104    2480 watch.go:40] Failed to load config from "c:\\Users\\user\\Desktop\\EMPLEOS JESS\\dataconnect": could not find dataconnect.yaml in `c:\Users\user\Desktop\EMPLEOS JESS\dataconnect`
 {"metadata":{"emulator":{"name":"dataconnect"},"message":"E0831 16:01:03.973104    2480 watch.go:40] Failed to load config from \"c:\\\\Users\\\\user\\\\Desktop\\\\EMPLEOS JESS\\\\dataconnect\": could not find dataconnect.yaml in `c:\\Users\\user\\Desktop\\EMPLEOS JESS\\dataconnect`\n"}}
[debug] [2026-08-31T20:01:13.974Z] E0831 16:01:13.974424    2480 watch.go:40] Failed to load config from "c:\\Users\\user\\Desktop\\EMPLEOS JESS\\dataconnect": could not find dataconnect.yaml in `c:\Users\user\Desktop\EMPLEOS JESS\dataconnect`
 {"metadata":{"emulator":{"name":"dataconnect"},"message":"E0831 16:01:13.974424    2480 watch.go:40] Failed to load config from \"c:\\\\Users\\\\user\\\\Desktop\\\\EMPLEOS JESS\\\\dataconnect\": could not find dataconnect.yaml in `c:\\Users\\user\\Desktop\\EMPLEOS JESS\\dataconnect`\n"}}
[debug] [2026-08-31T20:01:23.973Z] E0831 16:01:23.973442    2480 watch.go:40] Failed to load config from "c:\\Users\\user\\Desktop\\EMPLEOS JESS\\dataconnect": could not find dataconnect.yaml in `c:\Users\user\Desktop\EMPLEOS JESS\dataconnect`
 {"metadata":{"emulator":{"name":"dataconnect"},"message":"E0831 16:01:23.973442    2480 watch.go:40] Failed to load config from \"c:\\\\Users\\\\user\\\\Desktop\\\\EMPLEOS JESS\\\\dataconnect\": could not find dataconnect.yaml in `c:\\Users\\user\\Desktop\\EMPLEOS JESS\\dataconnect`\n"}}
[debug] [2026-08-31T20:01:33.973Z] E0831 16:01:33.972928    2480 watch.go:116] watchAllDir unable to walk dir `c:\Users\user\Desktop\EMPLEOS JESS\dataconnect`: GetFileAttributesEx c:\Users\user\Desktop\EMPLEOS JESS\dataconnect: The system cannot find the file specified.
 {"metadata":{"emulator":{"name":"dataconnect"},"message":"E0831 16:01:33.972928    2480 watch.go:116] watchAllDir unable to walk dir `c:\\Users\\user\\Desktop\\EMPLEOS JESS\\dataconnect`: GetFileAttributesEx c:\\Users\\user\\Desktop\\EMPLEOS JESS\\dataconnect: The system cannot find the file specified.\n"}}
[debug] [2026-08-31T20:01:33.973Z] E0831 16:01:33.972928    2480 watch.go:40] Failed to load config from "c:\\Users\\user\\Desktop\\EMPLEOS JESS\\dataconnect": could not find dataconnect.yaml in `c:\Users\user\Desktop\EMPLEOS JESS\dataconnect`
 {"metadata":{"emulator":{"name":"dataconnect"},"message":"E0831 16:01:33.972928    2480 watch.go:40] Failed to load config from \"c:\\\\Users\\\\user\\\\Desktop\\\\EMPLEOS JESS\\\\dataconnect\": could not find dataconnect.yaml in `c:\\Users\\user\\Desktop\\EMPLEOS JESS\\dataconnect`\n"}}
[debug] [2026-08-31T20:01:44.004Z] E0831 16:01:44.003989    2480 watch.go:40] Failed to load config from "c:\\Users\\user\\Desktop\\EMPLEOS JESS\\dataconnect": could not find dataconnect.yaml in `c:\Users\user\Desktop\EMPLEOS JESS\dataconnect`
 {"metadata":{"emulator":{"name":"dataconnect"},"message":"E0831 16:01:44.003989    2480 watch.go:40] Failed to load config from \"c:\\\\Users\\\\user\\\\Desktop\\\\EMPLEOS JESS\\\\dataconnect\": could not find dataconnect.yaml in `c:\\Users\\user\\Desktop\\EMPLEOS JESS\\dataconnect`\n"}}
[debug] [2026-08-31T20:01:53.977Z] E0831 16:01:53.976576    2480 watch.go:40] Failed to load config from "c:\\Users\\user\\Desktop\\EMPLEOS JESS\\dataconnect": could not find dataconnect.yaml in `c:\Users\user\Desktop\EMPLEOS JESS\dataconnect`
 {"metadata":{"emulator":{"name":"dataconnect"},"message":"E0831 16:01:53.976576    2480 watch.go:40] Failed to load config from \"c:\\\\Users\\\\user\\\\Desktop\\\\EMPLEOS JESS\\\\dataconnect\": could not find dataconnect.yaml in `c:\\Users\\user\\Desktop\\EMPLEOS JESS\\dataconnect`\n"}}
[debug] [2026-08-31T20:02:03.972Z] E0831 16:02:03.972280    2480 watch.go:40] Failed to load config from "c:\\Users\\user\\Desktop\\EMPLEOS JESS\\dataconnect": could not find dataconnect.yaml in `c:\Users\user\Desktop\EMPLEOS JESS\dataconnect`
 {"metadata":{"emulator":{"name":"dataconnect"},"message":"E0831 16:02:03.972280    2480 watch.go:40] Failed to load config from \"c:\\\\Users\\\\user\\\\Desktop\\\\EMPLEOS JESS\\\\dataconnect\": could not find dataconnect.yaml in `c:\\Users\\user\\Desktop\\EMPLEOS JESS\\dataconnect`\n"}}
[debug] [2026-08-31T20:02:13.974Z] E0831 16:02:13.974444    2480 watch.go:40] Failed to load config from "c:\\Users\\user\\Desktop\\EMPLEOS JESS\\dataconnect": could not find dataconnect.yaml in `c:\Users\user\Desktop\EMPLEOS JESS\dataconnect`
 {"metadata":{"emulator":{"name":"dataconnect"},"message":"E0831 16:02:13.974444    2480 watch.go:40] Failed to load config from \"c:\\\\Users\\\\user\\\\Desktop\\\\EMPLEOS JESS\\\\dataconnect\": could not find dataconnect.yaml in `c:\\Users\\user\\Desktop\\EMPLEOS JESS\\dataconnect`\n"}}
[debug] [2026-08-31T20:02:23.972Z] E0831 16:02:23.973877    2480 watch.go:40] Failed to load config from "c:\\Users\\user\\Desktop\\EMPLEOS JESS\\dataconnect": could not find dataconnect.yaml in `c:\Users\user\Desktop\EMPLEOS JESS\dataconnect`
 {"metadata":{"emulator":{"name":"dataconnect"},"message":"E0831 16:02:23.973877    2480 watch.go:40] Failed to load config from \"c:\\\\Users\\\\user\\\\Desktop\\\\EMPLEOS JESS\\\\dataconnect\": could not find dataconnect.yaml in `c:\\Users\\user\\Desktop\\EMPLEOS JESS\\dataconnect`\n"}}
[debug] [2026-08-31T20:02:34.002Z] E0831 16:02:34.003987    2480 watch.go:116] watchAllDir unable to walk dir `c:\Users\user\Desktop\EMPLEOS JESS\dataconnect`: GetFileAttributesEx c:\Users\user\Desktop\EMPLEOS JESS\dataconnect: The system cannot find the file specified.
 {"metadata":{"emulator":{"name":"dataconnect"},"message":"E0831 16:02:34.003987    2480 watch.go:116] watchAllDir unable to walk dir `c:\\Users\\user\\Desktop\\EMPLEOS JESS\\dataconnect`: GetFileAttributesEx c:\\Users\\user\\Desktop\\EMPLEOS JESS\\dataconnect: The system cannot find the file specified.\n"}}
[debug] [2026-08-31T20:02:34.003Z] E0831 16:02:34.003987    2480 watch.go:40] Failed to load config from "c:\\Users\\user\\Desktop\\EMPLEOS JESS\\dataconnect": could not find dataconnect.yaml in `c:\Users\user\Desktop\EMPLEOS JESS\dataconnect`
 {"metadata":{"emulator":{"name":"dataconnect"},"message":"E0831 16:02:34.003987    2480 watch.go:40] Failed to load config from \"c:\\\\Users\\\\user\\\\Desktop\\\\EMPLEOS JESS\\\\dataconnect\": could not find dataconnect.yaml in `c:\\Users\\user\\Desktop\\EMPLEOS JESS\\dataconnect`\n"}}
[debug] [2026-08-31T20:02:43.971Z] E0831 16:02:43.972318    2480 watch.go:40] Failed to load config from "c:\\Users\\user\\Desktop\\EMPLEOS JESS\\dataconnect": could not find dataconnect.yaml in `c:\Users\user\Desktop\EMPLEOS JESS\dataconnect`
 {"metadata":{"emulator":{"name":"dataconnect"},"message":"E0831 16:02:43.972318    2480 watch.go:40] Failed to load config from \"c:\\\\Users\\\\user\\\\Desktop\\\\EMPLEOS JESS\\\\dataconnect\": could not find dataconnect.yaml in `c:\\Users\\user\\Desktop\\EMPLEOS JESS\\dataconnect`\n"}}
[debug] [2026-08-31T20:02:53.972Z] E0831 16:02:53.973879    2480 watch.go:40] Failed to load config from "c:\\Users\\user\\Desktop\\EMPLEOS JESS\\dataconnect": could not find dataconnect.yaml in `c:\Users\user\Desktop\EMPLEOS JESS\dataconnect`
 {"metadata":{"emulator":{"name":"dataconnect"},"message":"E0831 16:02:53.973879    2480 watch.go:40] Failed to load config from \"c:\\\\Users\\\\user\\\\Desktop\\\\EMPLEOS JESS\\\\dataconnect\": could not find dataconnect.yaml in `c:\\Users\\user\\Desktop\\EMPLEOS JESS\\dataconnect`\n"}}
[debug] [2026-08-31T20:03:03.973Z] E0831 16:03:03.973988    2480 watch.go:40] Failed to load config from "c:\\Users\\user\\Desktop\\EMPLEOS JESS\\dataconnect": could not find dataconnect.yaml in `c:\Users\user\Desktop\EMPLEOS JESS\dataconnect`
 {"metadata":{"emulator":{"name":"dataconnect"},"message":"E0831 16:03:03.973988    2480 watch.go:40] Failed to load config from \"c:\\\\Users\\\\user\\\\Desktop\\\\EMPLEOS JESS\\\\dataconnect\": could not find dataconnect.yaml in `c:\\Users\\user\\Desktop\\EMPLEOS JESS\\dataconnect`\n"}}
[debug] [2026-08-31T20:03:13.971Z] E0831 16:03:13.972852    2480 watch.go:40] Failed to load config from "c:\\Users\\user\\Desktop\\EMPLEOS JESS\\dataconnect": could not find dataconnect.yaml in `c:\Users\user\Desktop\EMPLEOS JESS\dataconnect`
 {"metadata":{"emulator":{"name":"dataconnect"},"message":"E0831 16:03:13.972852    2480 watch.go:40] Failed to load config from \"c:\\\\Users\\\\user\\\\Desktop\\\\EMPLEOS JESS\\\\dataconnect\": could not find dataconnect.yaml in `c:\\Users\\user\\Desktop\\EMPLEOS JESS\\dataconnect`\n"}}
[debug] [2026-08-31T20:03:23.975Z] E0831 16:03:23.975385    2480 watch.go:40] Failed to load config from "c:\\Users\\user\\Desktop\\EMPLEOS JESS\\dataconnect": could not find dataconnect.yaml in `c:\Users\user\Desktop\EMPLEOS JESS\dataconnect`
 {"metadata":{"emulator":{"name":"dataconnect"},"message":"E0831 16:03:23.975385    2480 watch.go:40] Failed to load config from \"c:\\\\Users\\\\user\\\\Desktop\\\\EMPLEOS JESS\\\\dataconnect\": could not find dataconnect.yaml in `c:\\Users\\user\\Desktop\\EMPLEOS JESS\\dataconnect`\n"}}
[debug] [2026-08-31T20:03:33.979Z] E0831 16:03:33.979489    2480 watch.go:116] watchAllDir unable to walk dir `c:\Users\user\Desktop\EMPLEOS JESS\dataconnect`: GetFileAttributesEx c:\Users\user\Desktop\EMPLEOS JESS\dataconnect: The system cannot find the file specified.
 {"metadata":{"emulator":{"name":"dataconnect"},"message":"E0831 16:03:33.979489    2480 watch.go:116] watchAllDir unable to walk dir `c:\\Users\\user\\Desktop\\EMPLEOS JESS\\dataconnect`: GetFileAttributesEx c:\\Users\\user\\Desktop\\EMPLEOS JESS\\dataconnect: The system cannot find the file specified.\n"}}
[debug] [2026-08-31T20:03:33.981Z] E0831 16:03:33.981835    2480 watch.go:40] Failed to load config from "c:\\Users\\user\\Desktop\\EMPLEOS JESS\\dataconnect": could not find dataconnect.yaml in `c:\Users\user\Desktop\EMPLEOS JESS\dataconnect`
 {"metadata":{"emulator":{"name":"dataconnect"},"message":"E0831 16:03:33.981835    2480 watch.go:40] Failed to load config from \"c:\\\\Users\\\\user\\\\Desktop\\\\EMPLEOS JESS\\\\dataconnect\": could not find dataconnect.yaml in `c:\\Users\\user\\Desktop\\EMPLEOS JESS\\dataconnect`\n"}}
[debug] [2026-08-31T20:03:43.973Z] E0831 16:03:43.973385    2480 watch.go:40] Failed to load config from "c:\\Users\\user\\Desktop\\EMPLEOS JESS\\dataconnect": could not find dataconnect.yaml in `c:\Users\user\Desktop\EMPLEOS JESS\dataconnect`
 {"metadata":{"emulator":{"name":"dataconnect"},"message":"E0831 16:03:43.973385    2480 watch.go:40] Failed to load config from \"c:\\\\Users\\\\user\\\\Desktop\\\\EMPLEOS JESS\\\\dataconnect\": could not find dataconnect.yaml in `c:\\Users\\user\\Desktop\\EMPLEOS JESS\\dataconnect`\n"}}
[debug] [2026-08-31T20:03:53.974Z] E0831 16:03:53.973783    2480 watch.go:40] Failed to load config from "c:\\Users\\user\\Desktop\\EMPLEOS JESS\\dataconnect": could not find dataconnect.yaml in `c:\Users\user\Desktop\EMPLEOS JESS\dataconnect`
 {"metadata":{"emulator":{"name":"dataconnect"},"message":"E0831 16:03:53.973783    2480 watch.go:40] Failed to load config from \"c:\\\\Users\\\\user\\\\Desktop\\\\EMPLEOS JESS\\\\dataconnect\": could not find dataconnect.yaml in `c:\\Users\\user\\Desktop\\EMPLEOS JESS\\dataconnect`\n"}}
[debug] [2026-08-31T20:04:03.972Z] E0831 16:04:03.972876    2480 watch.go:40] Failed to load config from "c:\\Users\\user\\Desktop\\EMPLEOS JESS\\dataconnect": could not find dataconnect.yaml in `c:\Users\user\Desktop\EMPLEOS JESS\dataconnect`
 {"metadata":{"emulator":{"name":"dataconnect"},"message":"E0831 16:04:03.972876    2480 watch.go:40] Failed to load config from \"c:\\\\Users\\\\user\\\\Desktop\\\\EMPLEOS JESS\\\\dataconnect\": could not find dataconnect.yaml in `c:\\Users\\user\\Desktop\\EMPLEOS JESS\\dataconnect`\n"}}
[debug] [2026-08-31T20:04:13.973Z] E0831 16:04:13.973171    2480 watch.go:40] Failed to load config from "c:\\Users\\user\\Desktop\\EMPLEOS JESS\\dataconnect": could not find dataconnect.yaml in `c:\Users\user\Desktop\EMPLEOS JESS\dataconnect`
 {"metadata":{"emulator":{"name":"dataconnect"},"message":"E0831 16:04:13.973171    2480 watch.go:40] Failed to load config from \"c:\\\\Users\\\\user\\\\Desktop\\\\EMPLEOS JESS\\\\dataconnect\": could not find dataconnect.yaml in `c:\\Users\\user\\Desktop\\EMPLEOS JESS\\dataconnect`\n"}}
[debug] [2026-08-31T20:04:23.973Z] E0831 16:04:23.973170    2480 watch.go:40] Failed to load config from "c:\\Users\\user\\Desktop\\EMPLEOS JESS\\dataconnect": could not find dataconnect.yaml in `c:\Users\user\Desktop\EMPLEOS JESS\dataconnect`
 {"metadata":{"emulator":{"name":"dataconnect"},"message":"E0831 16:04:23.973170    2480 watch.go:40] Failed to load config from \"c:\\\\Users\\\\user\\\\Desktop\\\\EMPLEOS JESS\\\\dataconnect\": could not find dataconnect.yaml in `c:\\Users\\user\\Desktop\\EMPLEOS JESS\\dataconnect`\n"}}
[debug] [2026-08-31T20:04:33.975Z] E0831 16:04:33.974546    2480 watch.go:116] watchAllDir unable to walk dir `c:\Users\user\Desktop\EMPLEOS JESS\dataconnect`: GetFileAttributesEx c:\Users\user\Desktop\EMPLEOS JESS\dataconnect: The system cannot find the file specified.
 {"metadata":{"emulator":{"name":"dataconnect"},"message":"E0831 16:04:33.974546    2480 watch.go:116] watchAllDir unable to walk dir `c:\\Users\\user\\Desktop\\EMPLEOS JESS\\dataconnect`: GetFileAttributesEx c:\\Users\\user\\Desktop\\EMPLEOS JESS\\dataconnect: The system cannot find the file specified.\n"}}
[debug] [2026-08-31T20:04:33.976Z] E0831 16:04:33.975147    2480 watch.go:40] Failed to load config from "c:\\Users\\user\\Desktop\\EMPLEOS JESS\\dataconnect": could not find dataconnect.yaml in `c:\Users\user\Desktop\EMPLEOS JESS\dataconnect`
 {"metadata":{"emulator":{"name":"dataconnect"},"message":"E0831 16:04:33.975147    2480 watch.go:40] Failed to load config from \"c:\\\\Users\\\\user\\\\Desktop\\\\EMPLEOS JESS\\\\dataconnect\": could not find dataconnect.yaml in `c:\\Users\\user\\Desktop\\EMPLEOS JESS\\dataconnect`\n"}}
[debug] [2026-08-31T20:04:43.975Z] E0831 16:04:43.974818    2480 watch.go:40] Failed to load config from "c:\\Users\\user\\Desktop\\EMPLEOS JESS\\dataconnect": could not find dataconnect.yaml in `c:\Users\user\Desktop\EMPLEOS JESS\dataconnect`
 {"metadata":{"emulator":{"name":"dataconnect"},"message":"E0831 16:04:43.974818    2480 watch.go:40] Failed to load config from \"c:\\\\Users\\\\user\\\\Desktop\\\\EMPLEOS JESS\\\\dataconnect\": could not find dataconnect.yaml in `c:\\Users\\user\\Desktop\\EMPLEOS JESS\\dataconnect`\n"}}
[debug] [2026-08-31T20:04:53.973Z] E0831 16:04:53.972661    2480 watch.go:40] Failed to load config from "c:\\Users\\user\\Desktop\\EMPLEOS JESS\\dataconnect": could not find dataconnect.yaml in `c:\Users\user\Desktop\EMPLEOS JESS\dataconnect`
 {"metadata":{"emulator":{"name":"dataconnect"},"message":"E0831 16:04:53.972661    2480 watch.go:40] Failed to load config from \"c:\\\\Users\\\\user\\\\Desktop\\\\EMPLEOS JESS\\\\dataconnect\": could not find dataconnect.yaml in `c:\\Users\\user\\Desktop\\EMPLEOS JESS\\dataconnect`\n"}}
[debug] [2026-08-31T20:05:03.975Z] E0831 16:05:03.975136    2480 watch.go:40] Failed to load config from "c:\\Users\\user\\Desktop\\EMPLEOS JESS\\dataconnect": could not find dataconnect.yaml in `c:\Users\user\Desktop\EMPLEOS JESS\dataconnect`
 {"metadata":{"emulator":{"name":"dataconnect"},"message":"E0831 16:05:03.975136    2480 watch.go:40] Failed to load config from \"c:\\\\Users\\\\user\\\\Desktop\\\\EMPLEOS JESS\\\\dataconnect\": could not find dataconnect.yaml in `c:\\Users\\user\\Desktop\\EMPLEOS JESS\\dataconnect`\n"}}
[debug] [2026-08-31T20:05:13.974Z] E0831 16:05:13.973728    2480 watch.go:40] Failed to load config from "c:\\Users\\user\\Desktop\\EMPLEOS JESS\\dataconnect": could not find dataconnect.yaml in `c:\Users\user\Desktop\EMPLEOS JESS\dataconnect`
 {"metadata":{"emulator":{"name":"dataconnect"},"message":"E0831 16:05:13.973728    2480 watch.go:40] Failed to load config from \"c:\\\\Users\\\\user\\\\Desktop\\\\EMPLEOS JESS\\\\dataconnect\": could not find dataconnect.yaml in `c:\\Users\\user\\Desktop\\EMPLEOS JESS\\dataconnect`\n"}}
[debug] [2026-08-31T20:05:23.973Z] E0831 16:05:23.973113    2480 watch.go:40] Failed to load config from "c:\\Users\\user\\Desktop\\EMPLEOS JESS\\dataconnect": could not find dataconnect.yaml in `c:\Users\user\Desktop\EMPLEOS JESS\dataconnect`
 {"metadata":{"emulator":{"name":"dataconnect"},"message":"E0831 16:05:23.973113    2480 watch.go:40] Failed to load config from \"c:\\\\Users\\\\user\\\\Desktop\\\\EMPLEOS JESS\\\\dataconnect\": could not find dataconnect.yaml in `c:\\Users\\user\\Desktop\\EMPLEOS JESS\\dataconnect`\n"}}
[debug] [2026-08-31T20:05:33.972Z] E0831 16:05:33.972558    2480 watch.go:116] watchAllDir unable to walk dir `c:\Users\user\Desktop\EMPLEOS JESS\dataconnect`: GetFileAttributesEx c:\Users\user\Desktop\EMPLEOS JESS\dataconnect: The system cannot find the file specified.
 {"metadata":{"emulator":{"name":"dataconnect"},"message":"E0831 16:05:33.972558    2480 watch.go:116] watchAllDir unable to walk dir `c:\\Users\\user\\Desktop\\EMPLEOS JESS\\dataconnect`: GetFileAttributesEx c:\\Users\\user\\Desktop\\EMPLEOS JESS\\dataconnect: The system cannot find the file specified.\n"}}
[debug] [2026-08-31T20:05:33.974Z] E0831 16:05:33.973759    2480 watch.go:40] Failed to load config from "c:\\Users\\user\\Desktop\\EMPLEOS JESS\\dataconnect": could not find dataconnect.yaml in `c:\Users\user\Desktop\EMPLEOS JESS\dataconnect`
 {"metadata":{"emulator":{"name":"dataconnect"},"message":"E0831 16:05:33.973759    2480 watch.go:40] Failed to load config from \"c:\\\\Users\\\\user\\\\Desktop\\\\EMPLEOS JESS\\\\dataconnect\": could not find dataconnect.yaml in `c:\\Users\\user\\Desktop\\EMPLEOS JESS\\dataconnect`\n"}}
[debug] [2026-08-31T20:05:43.972Z] E0831 16:05:43.972211    2480 watch.go:40] Failed to load config from "c:\\Users\\user\\Desktop\\EMPLEOS JESS\\dataconnect": could not find dataconnect.yaml in `c:\Users\user\Desktop\EMPLEOS JESS\dataconnect`
 {"metadata":{"emulator":{"name":"dataconnect"},"message":"E0831 16:05:43.972211    2480 watch.go:40] Failed to load config from \"c:\\\\Users\\\\user\\\\Desktop\\\\EMPLEOS JESS\\\\dataconnect\": could not find dataconnect.yaml in `c:\\Users\\user\\Desktop\\EMPLEOS JESS\\dataconnect`\n"}}
[debug] [2026-08-31T20:05:53.974Z] E0831 16:05:53.974120    2480 watch.go:40] Failed to load config from "c:\\Users\\user\\Desktop\\EMPLEOS JESS\\dataconnect": could not find dataconnect.yaml in `c:\Users\user\Desktop\EMPLEOS JESS\dataconnect`
 {"metadata":{"emulator":{"name":"dataconnect"},"message":"E0831 16:05:53.974120    2480 watch.go:40] Failed to load config from \"c:\\\\Users\\\\user\\\\Desktop\\\\EMPLEOS JESS\\\\dataconnect\": could not find dataconnect.yaml in `c:\\Users\\user\\Desktop\\EMPLEOS JESS\\dataconnect`\n"}}
[debug] [2026-08-31T20:06:03.973Z] E0831 16:06:03.973674    2480 watch.go:40] Failed to load config from "c:\\Users\\user\\Desktop\\EMPLEOS JESS\\dataconnect": could not find dataconnect.yaml in `c:\Users\user\Desktop\EMPLEOS JESS\dataconnect`
 {"metadata":{"emulator":{"name":"dataconnect"},"message":"E0831 16:06:03.973674    2480 watch.go:40] Failed to load config from \"c:\\\\Users\\\\user\\\\Desktop\\\\EMPLEOS JESS\\\\dataconnect\": could not find dataconnect.yaml in `c:\\Users\\user\\Desktop\\EMPLEOS JESS\\dataconnect`\n"}}
[debug] [2026-08-31T20:06:13.972Z] E0831 16:06:13.973006    2480 watch.go:40] Failed to load config from "c:\\Users\\user\\Desktop\\EMPLEOS JESS\\dataconnect": could not find dataconnect.yaml in `c:\Users\user\Desktop\EMPLEOS JESS\dataconnect`
 {"metadata":{"emulator":{"name":"dataconnect"},"message":"E0831 16:06:13.973006    2480 watch.go:40] Failed to load config from \"c:\\\\Users\\\\user\\\\Desktop\\\\EMPLEOS JESS\\\\dataconnect\": could not find dataconnect.yaml in `c:\\Users\\user\\Desktop\\EMPLEOS JESS\\dataconnect`\n"}}
[debug] [2026-08-31T20:06:23.973Z] E0831 16:06:23.973409    2480 watch.go:40] Failed to load config from "c:\\Users\\user\\Desktop\\EMPLEOS JESS\\dataconnect": could not find dataconnect.yaml in `c:\Users\user\Desktop\EMPLEOS JESS\dataconnect`
 {"metadata":{"emulator":{"name":"dataconnect"},"message":"E0831 16:06:23.973409    2480 watch.go:40] Failed to load config from \"c:\\\\Users\\\\user\\\\Desktop\\\\EMPLEOS JESS\\\\dataconnect\": could not find dataconnect.yaml in `c:\\Users\\user\\Desktop\\EMPLEOS JESS\\dataconnect`\n"}}
[debug] [2026-08-31T20:06:33.972Z] E0831 16:06:33.972412    2480 watch.go:116] watchAllDir unable to walk dir `c:\Users\user\Desktop\EMPLEOS JESS\dataconnect`: GetFileAttributesEx c:\Users\user\Desktop\EMPLEOS JESS\dataconnect: The system cannot find the file specified.
 {"metadata":{"emulator":{"name":"dataconnect"},"message":"E0831 16:06:33.972412    2480 watch.go:116] watchAllDir unable to walk dir `c:\\Users\\user\\Desktop\\EMPLEOS JESS\\dataconnect`: GetFileAttributesEx c:\\Users\\user\\Desktop\\EMPLEOS JESS\\dataconnect: The system cannot find the file specified.\n"}}
[debug] [2026-08-31T20:06:33.973Z] E0831 16:06:33.972958    2480 watch.go:40] Failed to load config from "c:\\Users\\user\\Desktop\\EMPLEOS JESS\\dataconnect": could not find dataconnect.yaml in `c:\Users\user\Desktop\EMPLEOS JESS\dataconnect`
 {"metadata":{"emulator":{"name":"dataconnect"},"message":"E0831 16:06:33.972958    2480 watch.go:40] Failed to load config from \"c:\\\\Users\\\\user\\\\Desktop\\\\EMPLEOS JESS\\\\dataconnect\": could not find dataconnect.yaml in `c:\\Users\\user\\Desktop\\EMPLEOS JESS\\dataconnect`\n"}}
[debug] [2026-08-31T20:06:43.972Z] E0831 16:06:43.973408    2480 watch.go:40] Failed to load config from "c:\\Users\\user\\Desktop\\EMPLEOS JESS\\dataconnect": could not find dataconnect.yaml in `c:\Users\user\Desktop\EMPLEOS JESS\dataconnect`
 {"metadata":{"emulator":{"name":"dataconnect"},"message":"E0831 16:06:43.973408    2480 watch.go:40] Failed to load config from \"c:\\\\Users\\\\user\\\\Desktop\\\\EMPLEOS JESS\\\\dataconnect\": could not find dataconnect.yaml in `c:\\Users\\user\\Desktop\\EMPLEOS JESS\\dataconnect`\n"}}
[debug] [2026-08-31T20:06:53.972Z] E0831 16:06:53.972964    2480 watch.go:40] Failed to load config from "c:\\Users\\user\\Desktop\\EMPLEOS JESS\\dataconnect": could not find dataconnect.yaml in `c:\Users\user\Desktop\EMPLEOS JESS\dataconnect`
 {"metadata":{"emulator":{"name":"dataconnect"},"message":"E0831 16:06:53.972964    2480 watch.go:40] Failed to load config from \"c:\\\\Users\\\\user\\\\Desktop\\\\EMPLEOS JESS\\\\dataconnect\": could not find dataconnect.yaml in `c:\\Users\\user\\Desktop\\EMPLEOS JESS\\dataconnect`\n"}}
[debug] [2026-08-31T20:07:03.973Z] E0831 16:07:03.974035    2480 watch.go:40] Failed to load config from "c:\\Users\\user\\Desktop\\EMPLEOS JESS\\dataconnect": could not find dataconnect.yaml in `c:\Users\user\Desktop\EMPLEOS JESS\dataconnect`
 {"metadata":{"emulator":{"name":"dataconnect"},"message":"E0831 16:07:03.974035    2480 watch.go:40] Failed to load config from \"c:\\\\Users\\\\user\\\\Desktop\\\\EMPLEOS JESS\\\\dataconnect\": could not find dataconnect.yaml in `c:\\Users\\user\\Desktop\\EMPLEOS JESS\\dataconnect`\n"}}
[debug] [2026-08-31T20:07:13.972Z] E0831 16:07:13.972317    2480 watch.go:40] Failed to load config from "c:\\Users\\user\\Desktop\\EMPLEOS JESS\\dataconnect": could not find dataconnect.yaml in `c:\Users\user\Desktop\EMPLEOS JESS\dataconnect`
 {"metadata":{"emulator":{"name":"dataconnect"},"message":"E0831 16:07:13.972317    2480 watch.go:40] Failed to load config from \"c:\\\\Users\\\\user\\\\Desktop\\\\EMPLEOS JESS\\\\dataconnect\": could not find dataconnect.yaml in `c:\\Users\\user\\Desktop\\EMPLEOS JESS\\dataconnect`\n"}}
[debug] [2026-08-31T20:07:23.972Z] E0831 16:07:23.972324    2480 watch.go:40] Failed to load config from "c:\\Users\\user\\Desktop\\EMPLEOS JESS\\dataconnect": could not find dataconnect.yaml in `c:\Users\user\Desktop\EMPLEOS JESS\dataconnect`
 {"metadata":{"emulator":{"name":"dataconnect"},"message":"E0831 16:07:23.972324    2480 watch.go:40] Failed to load config from \"c:\\\\Users\\\\user\\\\Desktop\\\\EMPLEOS JESS\\\\dataconnect\": could not find dataconnect.yaml in `c:\\Users\\user\\Desktop\\EMPLEOS JESS\\dataconnect`\n"}}
[debug] [2026-08-31T20:07:33.976Z] E0831 16:07:33.976766    2480 watch.go:116] watchAllDir unable to walk dir `c:\Users\user\Desktop\EMPLEOS JESS\dataconnect`: GetFileAttributesEx c:\Users\user\Desktop\EMPLEOS JESS\dataconnect: The system cannot find the file specified.
 {"metadata":{"emulator":{"name":"dataconnect"},"message":"E0831 16:07:33.976766    2480 watch.go:116] watchAllDir unable to walk dir `c:\\Users\\user\\Desktop\\EMPLEOS JESS\\dataconnect`: GetFileAttributesEx c:\\Users\\user\\Desktop\\EMPLEOS JESS\\dataconnect: The system cannot find the file specified.\n"}}
[debug] [2026-08-31T20:07:33.979Z] E0831 16:07:33.979271    2480 watch.go:40] Failed to load config from "c:\\Users\\user\\Desktop\\EMPLEOS JESS\\dataconnect": could not find dataconnect.yaml in `c:\Users\user\Desktop\EMPLEOS JESS\dataconnect`
 {"metadata":{"emulator":{"name":"dataconnect"},"message":"E0831 16:07:33.979271    2480 watch.go:40] Failed to load config from \"c:\\\\Users\\\\user\\\\Desktop\\\\EMPLEOS JESS\\\\dataconnect\": could not find dataconnect.yaml in `c:\\Users\\user\\Desktop\\EMPLEOS JESS\\dataconnect`\n"}}
[debug] [2026-08-31T20:07:43.974Z] E0831 16:07:43.974002    2480 watch.go:40] Failed to load config from "c:\\Users\\user\\Desktop\\EMPLEOS JESS\\dataconnect": could not find dataconnect.yaml in `c:\Users\user\Desktop\EMPLEOS JESS\dataconnect`
 {"metadata":{"emulator":{"name":"dataconnect"},"message":"E0831 16:07:43.974002    2480 watch.go:40] Failed to load config from \"c:\\\\Users\\\\user\\\\Desktop\\\\EMPLEOS JESS\\\\dataconnect\": could not find dataconnect.yaml in `c:\\Users\\user\\Desktop\\EMPLEOS JESS\\dataconnect`\n"}}
[debug] [2026-08-31T20:07:53.972Z] E0831 16:07:53.972915    2480 watch.go:40] Failed to load config from "c:\\Users\\user\\Desktop\\EMPLEOS JESS\\dataconnect": could not find dataconnect.yaml in `c:\Users\user\Desktop\EMPLEOS JESS\dataconnect`
 {"metadata":{"emulator":{"name":"dataconnect"},"message":"E0831 16:07:53.972915    2480 watch.go:40] Failed to load config from \"c:\\\\Users\\\\user\\\\Desktop\\\\EMPLEOS JESS\\\\dataconnect\": could not find dataconnect.yaml in `c:\\Users\\user\\Desktop\\EMPLEOS JESS\\dataconnect`\n"}}
[debug] [2026-08-31T20:08:03.974Z] E0831 16:08:03.974055    2480 watch.go:40] Failed to load config from "c:\\Users\\user\\Desktop\\EMPLEOS JESS\\dataconnect": could not find dataconnect.yaml in `c:\Users\user\Desktop\EMPLEOS JESS\dataconnect`
 {"metadata":{"emulator":{"name":"dataconnect"},"message":"E0831 16:08:03.974055    2480 watch.go:40] Failed to load config from \"c:\\\\Users\\\\user\\\\Desktop\\\\EMPLEOS JESS\\\\dataconnect\": could not find dataconnect.yaml in `c:\\Users\\user\\Desktop\\EMPLEOS JESS\\dataconnect`\n"}}
[debug] [2026-08-31T20:08:13.973Z] E0831 16:08:13.973112    2480 watch.go:40] Failed to load config from "c:\\Users\\user\\Desktop\\EMPLEOS JESS\\dataconnect": could not find dataconnect.yaml in `c:\Users\user\Desktop\EMPLEOS JESS\dataconnect`
 {"metadata":{"emulator":{"name":"dataconnect"},"message":"E0831 16:08:13.973112    2480 watch.go:40] Failed to load config from \"c:\\\\Users\\\\user\\\\Desktop\\\\EMPLEOS JESS\\\\dataconnect\": could not find dataconnect.yaml in `c:\\Users\\user\\Desktop\\EMPLEOS JESS\\dataconnect`\n"}}
[debug] [2026-08-31T20:08:23.972Z] E0831 16:08:23.972626    2480 watch.go:40] Failed to load config from "c:\\Users\\user\\Desktop\\EMPLEOS JESS\\dataconnect": could not find dataconnect.yaml in `c:\Users\user\Desktop\EMPLEOS JESS\dataconnect`
 {"metadata":{"emulator":{"name":"dataconnect"},"message":"E0831 16:08:23.972626    2480 watch.go:40] Failed to load config from \"c:\\\\Users\\\\user\\\\Desktop\\\\EMPLEOS JESS\\\\dataconnect\": could not find dataconnect.yaml in `c:\\Users\\user\\Desktop\\EMPLEOS JESS\\dataconnect`\n"}}
[debug] [2026-08-31T20:08:33.973Z] E0831 16:08:33.972896    2480 watch.go:116] watchAllDir unable to walk dir `c:\Users\user\Desktop\EMPLEOS JESS\dataconnect`: GetFileAttributesEx c:\Users\user\Desktop\EMPLEOS JESS\dataconnect: The system cannot find the file specified.
 {"metadata":{"emulator":{"name":"dataconnect"},"message":"E0831 16:08:33.972896    2480 watch.go:116] watchAllDir unable to walk dir `c:\\Users\\user\\Desktop\\EMPLEOS JESS\\dataconnect`: GetFileAttributesEx c:\\Users\\user\\Desktop\\EMPLEOS JESS\\dataconnect: The system cannot find the file specified.\n"}}
[debug] [2026-08-31T20:08:33.976Z] E0831 16:08:33.974032    2480 watch.go:40] Failed to load config from "c:\\Users\\user\\Desktop\\EMPLEOS JESS\\dataconnect": could not find dataconnect.yaml in `c:\Users\user\Desktop\EMPLEOS JESS\dataconnect`
 {"metadata":{"emulator":{"name":"dataconnect"},"message":"E0831 16:08:33.974032    2480 watch.go:40] Failed to load config from \"c:\\\\Users\\\\user\\\\Desktop\\\\EMPLEOS JESS\\\\dataconnect\": could not find dataconnect.yaml in `c:\\Users\\user\\Desktop\\EMPLEOS JESS\\dataconnect`\n"}}
[debug] [2026-08-31T20:08:43.974Z] E0831 16:08:43.974306    2480 watch.go:40] Failed to load config from "c:\\Users\\user\\Desktop\\EMPLEOS JESS\\dataconnect": could not find dataconnect.yaml in `c:\Users\user\Desktop\EMPLEOS JESS\dataconnect`
 {"metadata":{"emulator":{"name":"dataconnect"},"message":"E0831 16:08:43.974306    2480 watch.go:40] Failed to load config from \"c:\\\\Users\\\\user\\\\Desktop\\\\EMPLEOS JESS\\\\dataconnect\": could not find dataconnect.yaml in `c:\\Users\\user\\Desktop\\EMPLEOS JESS\\dataconnect`\n"}}
[debug] [2026-08-31T20:08:53.973Z] E0831 16:08:53.973650    2480 watch.go:40] Failed to load config from "c:\\Users\\user\\Desktop\\EMPLEOS JESS\\dataconnect": could not find dataconnect.yaml in `c:\Users\user\Desktop\EMPLEOS JESS\dataconnect`
 {"metadata":{"emulator":{"name":"dataconnect"},"message":"E0831 16:08:53.973650    2480 watch.go:40] Failed to load config from \"c:\\\\Users\\\\user\\\\Desktop\\\\EMPLEOS JESS\\\\dataconnect\": could not find dataconnect.yaml in `c:\\Users\\user\\Desktop\\EMPLEOS JESS\\dataconnect`\n"}}
[debug] [2026-08-31T20:09:03.972Z] E0831 16:09:03.972451    2480 watch.go:40] Failed to load config from "c:\\Users\\user\\Desktop\\EMPLEOS JESS\\dataconnect": could not find dataconnect.yaml in `c:\Users\user\Desktop\EMPLEOS JESS\dataconnect`
 {"metadata":{"emulator":{"name":"dataconnect"},"message":"E0831 16:09:03.972451    2480 watch.go:40] Failed to load config from \"c:\\\\Users\\\\user\\\\Desktop\\\\EMPLEOS JESS\\\\dataconnect\": could not find dataconnect.yaml in `c:\\Users\\user\\Desktop\\EMPLEOS JESS\\dataconnect`\n"}}
[debug] [2026-08-31T20:09:13.972Z] E0831 16:09:13.972336    2480 watch.go:40] Failed to load config from "c:\\Users\\user\\Desktop\\EMPLEOS JESS\\dataconnect": could not find dataconnect.yaml in `c:\Users\user\Desktop\EMPLEOS JESS\dataconnect`
 {"metadata":{"emulator":{"name":"dataconnect"},"message":"E0831 16:09:13.972336    2480 watch.go:40] Failed to load config from \"c:\\\\Users\\\\user\\\\Desktop\\\\EMPLEOS JESS\\\\dataconnect\": could not find dataconnect.yaml in `c:\\Users\\user\\Desktop\\EMPLEOS JESS\\dataconnect`\n"}}
[debug] [2026-08-31T20:09:23.974Z] E0831 16:09:23.973971    2480 watch.go:40] Failed to load config from "c:\\Users\\user\\Desktop\\EMPLEOS JESS\\dataconnect": could not find dataconnect.yaml in `c:\Users\user\Desktop\EMPLEOS JESS\dataconnect`
 {"metadata":{"emulator":{"name":"dataconnect"},"message":"E0831 16:09:23.973971    2480 watch.go:40] Failed to load config from \"c:\\\\Users\\\\user\\\\Desktop\\\\EMPLEOS JESS\\\\dataconnect\": could not find dataconnect.yaml in `c:\\Users\\user\\Desktop\\EMPLEOS JESS\\dataconnect`\n"}}
[debug] [2026-08-31T20:09:33.983Z] E0831 16:09:33.984090    2480 watch.go:116] watchAllDir unable to walk dir `c:\Users\user\Desktop\EMPLEOS JESS\dataconnect`: GetFileAttributesEx c:\Users\user\Desktop\EMPLEOS JESS\dataconnect: The system cannot find the file specified.
 {"metadata":{"emulator":{"name":"dataconnect"},"message":"E0831 16:09:33.984090    2480 watch.go:116] watchAllDir unable to walk dir `c:\\Users\\user\\Desktop\\EMPLEOS JESS\\dataconnect`: GetFileAttributesEx c:\\Users\\user\\Desktop\\EMPLEOS JESS\\dataconnect: The system cannot find the file specified.\n"}}
[debug] [2026-08-31T20:09:33.984Z] E0831 16:09:33.984090    2480 watch.go:40] Failed to load config from "c:\\Users\\user\\Desktop\\EMPLEOS JESS\\dataconnect": could not find dataconnect.yaml in `c:\Users\user\Desktop\EMPLEOS JESS\dataconnect`
 {"metadata":{"emulator":{"name":"dataconnect"},"message":"E0831 16:09:33.984090    2480 watch.go:40] Failed to load config from \"c:\\\\Users\\\\user\\\\Desktop\\\\EMPLEOS JESS\\\\dataconnect\": could not find dataconnect.yaml in `c:\\Users\\user\\Desktop\\EMPLEOS JESS\\dataconnect`\n"}}
[debug] [2026-08-31T20:09:43.974Z] E0831 16:09:43.975310    2480 watch.go:40] Failed to load config from "c:\\Users\\user\\Desktop\\EMPLEOS JESS\\dataconnect": could not find dataconnect.yaml in `c:\Users\user\Desktop\EMPLEOS JESS\dataconnect`
 {"metadata":{"emulator":{"name":"dataconnect"},"message":"E0831 16:09:43.975310    2480 watch.go:40] Failed to load config from \"c:\\\\Users\\\\user\\\\Desktop\\\\EMPLEOS JESS\\\\dataconnect\": could not find dataconnect.yaml in `c:\\Users\\user\\Desktop\\EMPLEOS JESS\\dataconnect`\n"}}
[debug] [2026-08-31T20:09:53.973Z] E0831 16:09:53.973324    2480 watch.go:40] Failed to load config from "c:\\Users\\user\\Desktop\\EMPLEOS JESS\\dataconnect": could not find dataconnect.yaml in `c:\Users\user\Desktop\EMPLEOS JESS\dataconnect`
 {"metadata":{"emulator":{"name":"dataconnect"},"message":"E0831 16:09:53.973324    2480 watch.go:40] Failed to load config from \"c:\\\\Users\\\\user\\\\Desktop\\\\EMPLEOS JESS\\\\dataconnect\": could not find dataconnect.yaml in `c:\\Users\\user\\Desktop\\EMPLEOS JESS\\dataconnect`\n"}}
[debug] [2026-08-31T20:10:03.974Z] E0831 16:10:03.974214    2480 watch.go:40] Failed to load config from "c:\\Users\\user\\Desktop\\EMPLEOS JESS\\dataconnect": could not find dataconnect.yaml in `c:\Users\user\Desktop\EMPLEOS JESS\dataconnect`
 {"metadata":{"emulator":{"name":"dataconnect"},"message":"E0831 16:10:03.974214    2480 watch.go:40] Failed to load config from \"c:\\\\Users\\\\user\\\\Desktop\\\\EMPLEOS JESS\\\\dataconnect\": could not find dataconnect.yaml in `c:\\Users\\user\\Desktop\\EMPLEOS JESS\\dataconnect`\n"}}
[debug] [2026-08-31T20:10:13.972Z] E0831 16:10:13.972749    2480 watch.go:40] Failed to load config from "c:\\Users\\user\\Desktop\\EMPLEOS JESS\\dataconnect": could not find dataconnect.yaml in `c:\Users\user\Desktop\EMPLEOS JESS\dataconnect`
 {"metadata":{"emulator":{"name":"dataconnect"},"message":"E0831 16:10:13.972749    2480 watch.go:40] Failed to load config from \"c:\\\\Users\\\\user\\\\Desktop\\\\EMPLEOS JESS\\\\dataconnect\": could not find dataconnect.yaml in `c:\\Users\\user\\Desktop\\EMPLEOS JESS\\dataconnect`\n"}}
[debug] [2026-08-31T20:10:23.973Z] E0831 16:10:23.973243    2480 watch.go:40] Failed to load config from "c:\\Users\\user\\Desktop\\EMPLEOS JESS\\dataconnect": could not find dataconnect.yaml in `c:\Users\user\Desktop\EMPLEOS JESS\dataconnect`
 {"metadata":{"emulator":{"name":"dataconnect"},"message":"E0831 16:10:23.973243    2480 watch.go:40] Failed to load config from \"c:\\\\Users\\\\user\\\\Desktop\\\\EMPLEOS JESS\\\\dataconnect\": could not find dataconnect.yaml in `c:\\Users\\user\\Desktop\\EMPLEOS JESS\\dataconnect`\n"}}
[debug] [2026-08-31T20:10:33.973Z] E0831 16:10:33.972583    2480 watch.go:116] watchAllDir unable to walk dir `c:\Users\user\Desktop\EMPLEOS JESS\dataconnect`: GetFileAttributesEx c:\Users\user\Desktop\EMPLEOS JESS\dataconnect: The system cannot find the file specified.
 {"metadata":{"emulator":{"name":"dataconnect"},"message":"E0831 16:10:33.972583    2480 watch.go:116] watchAllDir unable to walk dir `c:\\Users\\user\\Desktop\\EMPLEOS JESS\\dataconnect`: GetFileAttributesEx c:\\Users\\user\\Desktop\\EMPLEOS JESS\\dataconnect: The system cannot find the file specified.\n"}}
[debug] [2026-08-31T20:10:33.979Z] E0831 16:10:33.979011    2480 watch.go:40] Failed to load config from "c:\\Users\\user\\Desktop\\EMPLEOS JESS\\dataconnect": could not find dataconnect.yaml in `c:\Users\user\Desktop\EMPLEOS JESS\dataconnect`
 {"metadata":{"emulator":{"name":"dataconnect"},"message":"E0831 16:10:33.979011    2480 watch.go:40] Failed to load config from \"c:\\\\Users\\\\user\\\\Desktop\\\\EMPLEOS JESS\\\\dataconnect\": could not find dataconnect.yaml in `c:\\Users\\user\\Desktop\\EMPLEOS JESS\\dataconnect`\n"}}
[debug] [2026-08-31T20:10:43.973Z] E0831 16:10:43.972578    2480 watch.go:40] Failed to load config from "c:\\Users\\user\\Desktop\\EMPLEOS JESS\\dataconnect": could not find dataconnect.yaml in `c:\Users\user\Desktop\EMPLEOS JESS\dataconnect`
 {"metadata":{"emulator":{"name":"dataconnect"},"message":"E0831 16:10:43.972578    2480 watch.go:40] Failed to load config from \"c:\\\\Users\\\\user\\\\Desktop\\\\EMPLEOS JESS\\\\dataconnect\": could not find dataconnect.yaml in `c:\\Users\\user\\Desktop\\EMPLEOS JESS\\dataconnect`\n"}}
[debug] [2026-08-31T20:10:53.973Z] E0831 16:10:53.973363    2480 watch.go:40] Failed to load config from "c:\\Users\\user\\Desktop\\EMPLEOS JESS\\dataconnect": could not find dataconnect.yaml in `c:\Users\user\Desktop\EMPLEOS JESS\dataconnect`
 {"metadata":{"emulator":{"name":"dataconnect"},"message":"E0831 16:10:53.973363    2480 watch.go:40] Failed to load config from \"c:\\\\Users\\\\user\\\\Desktop\\\\EMPLEOS JESS\\\\dataconnect\": could not find dataconnect.yaml in `c:\\Users\\user\\Desktop\\EMPLEOS JESS\\dataconnect`\n"}}
[debug] [2026-08-31T20:11:03.973Z] E0831 16:11:03.972645    2480 watch.go:40] Failed to load config from "c:\\Users\\user\\Desktop\\EMPLEOS JESS\\dataconnect": could not find dataconnect.yaml in `c:\Users\user\Desktop\EMPLEOS JESS\dataconnect`
 {"metadata":{"emulator":{"name":"dataconnect"},"message":"E0831 16:11:03.972645    2480 watch.go:40] Failed to load config from \"c:\\\\Users\\\\user\\\\Desktop\\\\EMPLEOS JESS\\\\dataconnect\": could not find dataconnect.yaml in `c:\\Users\\user\\Desktop\\EMPLEOS JESS\\dataconnect`\n"}}
[debug] [2026-08-31T20:11:13.973Z] E0831 16:11:13.972750    2480 watch.go:40] Failed to load config from "c:\\Users\\user\\Desktop\\EMPLEOS JESS\\dataconnect": could not find dataconnect.yaml in `c:\Users\user\Desktop\EMPLEOS JESS\dataconnect`
 {"metadata":{"emulator":{"name":"dataconnect"},"message":"E0831 16:11:13.972750    2480 watch.go:40] Failed to load config from \"c:\\\\Users\\\\user\\\\Desktop\\\\EMPLEOS JESS\\\\dataconnect\": could not find dataconnect.yaml in `c:\\Users\\user\\Desktop\\EMPLEOS JESS\\dataconnect`\n"}}
[debug] [2026-08-31T20:11:23.973Z] E0831 16:11:23.972512    2480 watch.go:40] Failed to load config from "c:\\Users\\user\\Desktop\\EMPLEOS JESS\\dataconnect": could not find dataconnect.yaml in `c:\Users\user\Desktop\EMPLEOS JESS\dataconnect`
 {"metadata":{"emulator":{"name":"dataconnect"},"message":"E0831 16:11:23.972512    2480 watch.go:40] Failed to load config from \"c:\\\\Users\\\\user\\\\Desktop\\\\EMPLEOS JESS\\\\dataconnect\": could not find dataconnect.yaml in `c:\\Users\\user\\Desktop\\EMPLEOS JESS\\dataconnect`\n"}}
[debug] [2026-08-31T20:11:33.973Z] E0831 16:11:33.973345    2480 watch.go:116] watchAllDir unable to walk dir `c:\Users\user\Desktop\EMPLEOS JESS\dataconnect`: GetFileAttributesEx c:\Users\user\Desktop\EMPLEOS JESS\dataconnect: The system cannot find the file specified.
 {"metadata":{"emulator":{"name":"dataconnect"},"message":"E0831 16:11:33.973345    2480 watch.go:116] watchAllDir unable to walk dir `c:\\Users\\user\\Desktop\\EMPLEOS JESS\\dataconnect`: GetFileAttributesEx c:\\Users\\user\\Desktop\\EMPLEOS JESS\\dataconnect: The system cannot find the file specified.\n"}}
[debug] [2026-08-31T20:11:33.975Z] E0831 16:11:33.975613    2480 watch.go:40] Failed to load config from "c:\\Users\\user\\Desktop\\EMPLEOS JESS\\dataconnect": could not find dataconnect.yaml in `c:\Users\user\Desktop\EMPLEOS JESS\dataconnect`
 {"metadata":{"emulator":{"name":"dataconnect"},"message":"E0831 16:11:33.975613    2480 watch.go:40] Failed to load config from \"c:\\\\Users\\\\user\\\\Desktop\\\\EMPLEOS JESS\\\\dataconnect\": could not find dataconnect.yaml in `c:\\Users\\user\\Desktop\\EMPLEOS JESS\\dataconnect`\n"}}
[debug] [2026-08-31T20:11:43.972Z] E0831 16:11:43.972362    2480 watch.go:40] Failed to load config from "c:\\Users\\user\\Desktop\\EMPLEOS JESS\\dataconnect": could not find dataconnect.yaml in `c:\Users\user\Desktop\EMPLEOS JESS\dataconnect`
 {"metadata":{"emulator":{"name":"dataconnect"},"message":"E0831 16:11:43.972362    2480 watch.go:40] Failed to load config from \"c:\\\\Users\\\\user\\\\Desktop\\\\EMPLEOS JESS\\\\dataconnect\": could not find dataconnect.yaml in `c:\\Users\\user\\Desktop\\EMPLEOS JESS\\dataconnect`\n"}}
[debug] [2026-08-31T20:11:53.974Z] E0831 16:11:53.974162    2480 watch.go:40] Failed to load config from "c:\\Users\\user\\Desktop\\EMPLEOS JESS\\dataconnect": could not find dataconnect.yaml in `c:\Users\user\Desktop\EMPLEOS JESS\dataconnect`
 {"metadata":{"emulator":{"name":"dataconnect"},"message":"E0831 16:11:53.974162    2480 watch.go:40] Failed to load config from \"c:\\\\Users\\\\user\\\\Desktop\\\\EMPLEOS JESS\\\\dataconnect\": could not find dataconnect.yaml in `c:\\Users\\user\\Desktop\\EMPLEOS JESS\\dataconnect`\n"}}
[debug] [2026-08-31T20:12:03.973Z] E0831 16:12:03.973390    2480 watch.go:40] Failed to load config from "c:\\Users\\user\\Desktop\\EMPLEOS JESS\\dataconnect": could not find dataconnect.yaml in `c:\Users\user\Desktop\EMPLEOS JESS\dataconnect`
 {"metadata":{"emulator":{"name":"dataconnect"},"message":"E0831 16:12:03.973390    2480 watch.go:40] Failed to load config from \"c:\\\\Users\\\\user\\\\Desktop\\\\EMPLEOS JESS\\\\dataconnect\": could not find dataconnect.yaml in `c:\\Users\\user\\Desktop\\EMPLEOS JESS\\dataconnect`\n"}}
[debug] [2026-08-31T20:12:13.973Z] E0831 16:12:13.973296    2480 watch.go:40] Failed to load config from "c:\\Users\\user\\Desktop\\EMPLEOS JESS\\dataconnect": could not find dataconnect.yaml in `c:\Users\user\Desktop\EMPLEOS JESS\dataconnect`
 {"metadata":{"emulator":{"name":"dataconnect"},"message":"E0831 16:12:13.973296    2480 watch.go:40] Failed to load config from \"c:\\\\Users\\\\user\\\\Desktop\\\\EMPLEOS JESS\\\\dataconnect\": could not find dataconnect.yaml in `c:\\Users\\user\\Desktop\\EMPLEOS JESS\\dataconnect`\n"}}
[debug] [2026-08-31T20:12:23.973Z] E0831 16:12:23.973116    2480 watch.go:40] Failed to load config from "c:\\Users\\user\\Desktop\\EMPLEOS JESS\\dataconnect": could not find dataconnect.yaml in `c:\Users\user\Desktop\EMPLEOS JESS\dataconnect`
 {"metadata":{"emulator":{"name":"dataconnect"},"message":"E0831 16:12:23.973116    2480 watch.go:40] Failed to load config from \"c:\\\\Users\\\\user\\\\Desktop\\\\EMPLEOS JESS\\\\dataconnect\": could not find dataconnect.yaml in `c:\\Users\\user\\Desktop\\EMPLEOS JESS\\dataconnect`\n"}}
[debug] [2026-08-31T20:12:33.972Z] E0831 16:12:33.972507    2480 watch.go:116] watchAllDir unable to walk dir `c:\Users\user\Desktop\EMPLEOS JESS\dataconnect`: GetFileAttributesEx c:\Users\user\Desktop\EMPLEOS JESS\dataconnect: The system cannot find the file specified.
 {"metadata":{"emulator":{"name":"dataconnect"},"message":"E0831 16:12:33.972507    2480 watch.go:116] watchAllDir unable to walk dir `c:\\Users\\user\\Desktop\\EMPLEOS JESS\\dataconnect`: GetFileAttributesEx c:\\Users\\user\\Desktop\\EMPLEOS JESS\\dataconnect: The system cannot find the file specified.\n"}}
[debug] [2026-08-31T20:12:33.973Z] E0831 16:12:33.972507    2480 watch.go:40] Failed to load config from "c:\\Users\\user\\Desktop\\EMPLEOS JESS\\dataconnect": could not find dataconnect.yaml in `c:\Users\user\Desktop\EMPLEOS JESS\dataconnect`
 {"metadata":{"emulator":{"name":"dataconnect"},"message":"E0831 16:12:33.972507    2480 watch.go:40] Failed to load config from \"c:\\\\Users\\\\user\\\\Desktop\\\\EMPLEOS JESS\\\\dataconnect\": could not find dataconnect.yaml in `c:\\Users\\user\\Desktop\\EMPLEOS JESS\\dataconnect`\n"}}
[debug] [2026-08-31T20:12:43.975Z] E0831 16:12:43.974212    2480 watch.go:40] Failed to load config from "c:\\Users\\user\\Desktop\\EMPLEOS JESS\\dataconnect": could not find dataconnect.yaml in `c:\Users\user\Desktop\EMPLEOS JESS\dataconnect`
 {"metadata":{"emulator":{"name":"dataconnect"},"message":"E0831 16:12:43.974212    2480 watch.go:40] Failed to load config from \"c:\\\\Users\\\\user\\\\Desktop\\\\EMPLEOS JESS\\\\dataconnect\": could not find dataconnect.yaml in `c:\\Users\\user\\Desktop\\EMPLEOS JESS\\dataconnect`\n"}}
[debug] [2026-08-31T20:12:53.973Z] E0831 16:12:53.972603    2480 watch.go:40] Failed to load config from "c:\\Users\\user\\Desktop\\EMPLEOS JESS\\dataconnect": could not find dataconnect.yaml in `c:\Users\user\Desktop\EMPLEOS JESS\dataconnect`
 {"metadata":{"emulator":{"name":"dataconnect"},"message":"E0831 16:12:53.972603    2480 watch.go:40] Failed to load config from \"c:\\\\Users\\\\user\\\\Desktop\\\\EMPLEOS JESS\\\\dataconnect\": could not find dataconnect.yaml in `c:\\Users\\user\\Desktop\\EMPLEOS JESS\\dataconnect`\n"}}
[debug] [2026-08-31T20:13:03.974Z] E0831 16:13:03.974619    2480 watch.go:40] Failed to load config from "c:\\Users\\user\\Desktop\\EMPLEOS JESS\\dataconnect": could not find dataconnect.yaml in `c:\Users\user\Desktop\EMPLEOS JESS\dataconnect`
 {"metadata":{"emulator":{"name":"dataconnect"},"message":"E0831 16:13:03.974619    2480 watch.go:40] Failed to load config from \"c:\\\\Users\\\\user\\\\Desktop\\\\EMPLEOS JESS\\\\dataconnect\": could not find dataconnect.yaml in `c:\\Users\\user\\Desktop\\EMPLEOS JESS\\dataconnect`\n"}}
[debug] [2026-08-31T20:13:13.973Z] E0831 16:13:13.972975    2480 watch.go:40] Failed to load config from "c:\\Users\\user\\Desktop\\EMPLEOS JESS\\dataconnect": could not find dataconnect.yaml in `c:\Users\user\Desktop\EMPLEOS JESS\dataconnect`
 {"metadata":{"emulator":{"name":"dataconnect"},"message":"E0831 16:13:13.972975    2480 watch.go:40] Failed to load config from \"c:\\\\Users\\\\user\\\\Desktop\\\\EMPLEOS JESS\\\\dataconnect\": could not find dataconnect.yaml in `c:\\Users\\user\\Desktop\\EMPLEOS JESS\\dataconnect`\n"}}
[debug] [2026-08-31T20:13:23.973Z] E0831 16:13:23.973322    2480 watch.go:40] Failed to load config from "c:\\Users\\user\\Desktop\\EMPLEOS JESS\\dataconnect": could not find dataconnect.yaml in `c:\Users\user\Desktop\EMPLEOS JESS\dataconnect`
 {"metadata":{"emulator":{"name":"dataconnect"},"message":"E0831 16:13:23.973322    2480 watch.go:40] Failed to load config from \"c:\\\\Users\\\\user\\\\Desktop\\\\EMPLEOS JESS\\\\dataconnect\": could not find dataconnect.yaml in `c:\\Users\\user\\Desktop\\EMPLEOS JESS\\dataconnect`\n"}}
[debug] [2026-08-31T20:13:33.973Z] E0831 16:13:33.972684    2480 watch.go:116] watchAllDir unable to walk dir `c:\Users\user\Desktop\EMPLEOS JESS\dataconnect`: GetFileAttributesEx c:\Users\user\Desktop\EMPLEOS JESS\dataconnect: The system cannot find the file specified.
 {"metadata":{"emulator":{"name":"dataconnect"},"message":"E0831 16:13:33.972684    2480 watch.go:116] watchAllDir unable to walk dir `c:\\Users\\user\\Desktop\\EMPLEOS JESS\\dataconnect`: GetFileAttributesEx c:\\Users\\user\\Desktop\\EMPLEOS JESS\\dataconnect: The system cannot find the file specified.\n"}}
[debug] [2026-08-31T20:13:33.974Z] E0831 16:13:33.972684    2480 watch.go:40] Failed to load config from "c:\\Users\\user\\Desktop\\EMPLEOS JESS\\dataconnect": could not find dataconnect.yaml in `c:\Users\user\Desktop\EMPLEOS JESS\dataconnect`
 {"metadata":{"emulator":{"name":"dataconnect"},"message":"E0831 16:13:33.972684    2480 watch.go:40] Failed to load config from \"c:\\\\Users\\\\user\\\\Desktop\\\\EMPLEOS JESS\\\\dataconnect\": could not find dataconnect.yaml in `c:\\Users\\user\\Desktop\\EMPLEOS JESS\\dataconnect`\n"}}
[debug] [2026-08-31T20:13:43.973Z] E0831 16:13:43.973838    2480 watch.go:40] Failed to load config from "c:\\Users\\user\\Desktop\\EMPLEOS JESS\\dataconnect": could not find dataconnect.yaml in `c:\Users\user\Desktop\EMPLEOS JESS\dataconnect`
 {"metadata":{"emulator":{"name":"dataconnect"},"message":"E0831 16:13:43.973838    2480 watch.go:40] Failed to load config from \"c:\\\\Users\\\\user\\\\Desktop\\\\EMPLEOS JESS\\\\dataconnect\": could not find dataconnect.yaml in `c:\\Users\\user\\Desktop\\EMPLEOS JESS\\dataconnect`\n"}}
[debug] [2026-08-31T20:13:53.973Z] E0831 16:13:53.973885    2480 watch.go:40] Failed to load config from "c:\\Users\\user\\Desktop\\EMPLEOS JESS\\dataconnect": could not find dataconnect.yaml in `c:\Users\user\Desktop\EMPLEOS JESS\dataconnect`
 {"metadata":{"emulator":{"name":"dataconnect"},"message":"E0831 16:13:53.973885    2480 watch.go:40] Failed to load config from \"c:\\\\Users\\\\user\\\\Desktop\\\\EMPLEOS JESS\\\\dataconnect\": could not find dataconnect.yaml in `c:\\Users\\user\\Desktop\\EMPLEOS JESS\\dataconnect`\n"}}
[debug] [2026-08-31T20:14:03.972Z] E0831 16:14:03.972472    2480 watch.go:40] Failed to load config from "c:\\Users\\user\\Desktop\\EMPLEOS JESS\\dataconnect": could not find dataconnect.yaml in `c:\Users\user\Desktop\EMPLEOS JESS\dataconnect`
 {"metadata":{"emulator":{"name":"dataconnect"},"message":"E0831 16:14:03.972472    2480 watch.go:40] Failed to load config from \"c:\\\\Users\\\\user\\\\Desktop\\\\EMPLEOS JESS\\\\dataconnect\": could not find dataconnect.yaml in `c:\\Users\\user\\Desktop\\EMPLEOS JESS\\dataconnect`\n"}}
[debug] [2026-08-31T20:14:13.972Z] E0831 16:14:13.972408    2480 watch.go:40] Failed to load config from "c:\\Users\\user\\Desktop\\EMPLEOS JESS\\dataconnect": could not find dataconnect.yaml in `c:\Users\user\Desktop\EMPLEOS JESS\dataconnect`
 {"metadata":{"emulator":{"name":"dataconnect"},"message":"E0831 16:14:13.972408    2480 watch.go:40] Failed to load config from \"c:\\\\Users\\\\user\\\\Desktop\\\\EMPLEOS JESS\\\\dataconnect\": could not find dataconnect.yaml in `c:\\Users\\user\\Desktop\\EMPLEOS JESS\\dataconnect`\n"}}
[debug] [2026-08-31T20:14:23.972Z] E0831 16:14:23.972580    2480 watch.go:40] Failed to load config from "c:\\Users\\user\\Desktop\\EMPLEOS JESS\\dataconnect": could not find dataconnect.yaml in `c:\Users\user\Desktop\EMPLEOS JESS\dataconnect`
 {"metadata":{"emulator":{"name":"dataconnect"},"message":"E0831 16:14:23.972580    2480 watch.go:40] Failed to load config from \"c:\\\\Users\\\\user\\\\Desktop\\\\EMPLEOS JESS\\\\dataconnect\": could not find dataconnect.yaml in `c:\\Users\\user\\Desktop\\EMPLEOS JESS\\dataconnect`\n"}}
[debug] [2026-08-31T20:14:33.973Z] E0831 16:14:33.973433    2480 watch.go:116] watchAllDir unable to walk dir `c:\Users\user\Desktop\EMPLEOS JESS\dataconnect`: GetFileAttributesEx c:\Users\user\Desktop\EMPLEOS JESS\dataconnect: The system cannot find the file specified.
 {"metadata":{"emulator":{"name":"dataconnect"},"message":"E0831 16:14:33.973433    2480 watch.go:116] watchAllDir unable to walk dir `c:\\Users\\user\\Desktop\\EMPLEOS JESS\\dataconnect`: GetFileAttributesEx c:\\Users\\user\\Desktop\\EMPLEOS JESS\\dataconnect: The system cannot find the file specified.\n"}}
[debug] [2026-08-31T20:14:33.975Z] E0831 16:14:33.973433    2480 watch.go:40] Failed to load config from "c:\\Users\\user\\Desktop\\EMPLEOS JESS\\dataconnect": could not find dataconnect.yaml in `c:\Users\user\Desktop\EMPLEOS JESS\dataconnect`
 {"metadata":{"emulator":{"name":"dataconnect"},"message":"E0831 16:14:33.973433    2480 watch.go:40] Failed to load config from \"c:\\\\Users\\\\user\\\\Desktop\\\\EMPLEOS JESS\\\\dataconnect\": could not find dataconnect.yaml in `c:\\Users\\user\\Desktop\\EMPLEOS JESS\\dataconnect`\n"}}
[debug] [2026-08-31T20:14:43.974Z] E0831 16:14:43.974877    2480 watch.go:40] Failed to load config from "c:\\Users\\user\\Desktop\\EMPLEOS JESS\\dataconnect": could not find dataconnect.yaml in `c:\Users\user\Desktop\EMPLEOS JESS\dataconnect`
 {"metadata":{"emulator":{"name":"dataconnect"},"message":"E0831 16:14:43.974877    2480 watch.go:40] Failed to load config from \"c:\\\\Users\\\\user\\\\Desktop\\\\EMPLEOS JESS\\\\dataconnect\": could not find dataconnect.yaml in `c:\\Users\\user\\Desktop\\EMPLEOS JESS\\dataconnect`\n"}}
[debug] [2026-08-31T20:14:53.975Z] E0831 16:14:53.975472    2480 watch.go:40] Failed to load config from "c:\\Users\\user\\Desktop\\EMPLEOS JESS\\dataconnect": could not find dataconnect.yaml in `c:\Users\user\Desktop\EMPLEOS JESS\dataconnect`
 {"metadata":{"emulator":{"name":"dataconnect"},"message":"E0831 16:14:53.975472    2480 watch.go:40] Failed to load config from \"c:\\\\Users\\\\user\\\\Desktop\\\\EMPLEOS JESS\\\\dataconnect\": could not find dataconnect.yaml in `c:\\Users\\user\\Desktop\\EMPLEOS JESS\\dataconnect`\n"}}
[debug] [2026-08-31T20:15:03.972Z] E0831 16:15:03.972950    2480 watch.go:40] Failed to load config from "c:\\Users\\user\\Desktop\\EMPLEOS JESS\\dataconnect": could not find dataconnect.yaml in `c:\Users\user\Desktop\EMPLEOS JESS\dataconnect`
 {"metadata":{"emulator":{"name":"dataconnect"},"message":"E0831 16:15:03.972950    2480 watch.go:40] Failed to load config from \"c:\\\\Users\\\\user\\\\Desktop\\\\EMPLEOS JESS\\\\dataconnect\": could not find dataconnect.yaml in `c:\\Users\\user\\Desktop\\EMPLEOS JESS\\dataconnect`\n"}}
[debug] [2026-08-31T20:15:13.974Z] E0831 16:15:13.974195    2480 watch.go:40] Failed to load config from "c:\\Users\\user\\Desktop\\EMPLEOS JESS\\dataconnect": could not find dataconnect.yaml in `c:\Users\user\Desktop\EMPLEOS JESS\dataconnect`
 {"metadata":{"emulator":{"name":"dataconnect"},"message":"E0831 16:15:13.974195    2480 watch.go:40] Failed to load config from \"c:\\\\Users\\\\user\\\\Desktop\\\\EMPLEOS JESS\\\\dataconnect\": could not find dataconnect.yaml in `c:\\Users\\user\\Desktop\\EMPLEOS JESS\\dataconnect`\n"}}
[debug] [2026-08-31T20:15:23.972Z] E0831 16:15:23.972098    2480 watch.go:40] Failed to load config from "c:\\Users\\user\\Desktop\\EMPLEOS JESS\\dataconnect": could not find dataconnect.yaml in `c:\Users\user\Desktop\EMPLEOS JESS\dataconnect`
 {"metadata":{"emulator":{"name":"dataconnect"},"message":"E0831 16:15:23.972098    2480 watch.go:40] Failed to load config from \"c:\\\\Users\\\\user\\\\Desktop\\\\EMPLEOS JESS\\\\dataconnect\": could not find dataconnect.yaml in `c:\\Users\\user\\Desktop\\EMPLEOS JESS\\dataconnect`\n"}}
[debug] [2026-08-31T20:15:33.972Z] E0831 16:15:33.972641    2480 watch.go:116] watchAllDir unable to walk dir `c:\Users\user\Desktop\EMPLEOS JESS\dataconnect`: GetFileAttributesEx c:\Users\user\Desktop\EMPLEOS JESS\dataconnect: The system cannot find the file specified.
 {"metadata":{"emulator":{"name":"dataconnect"},"message":"E0831 16:15:33.972641    2480 watch.go:116] watchAllDir unable to walk dir `c:\\Users\\user\\Desktop\\EMPLEOS JESS\\dataconnect`: GetFileAttributesEx c:\\Users\\user\\Desktop\\EMPLEOS JESS\\dataconnect: The system cannot find the file specified.\n"}}
[debug] [2026-08-31T20:15:33.974Z] E0831 16:15:33.973897    2480 watch.go:40] Failed to load config from "c:\\Users\\user\\Desktop\\EMPLEOS JESS\\dataconnect": could not find dataconnect.yaml in `c:\Users\user\Desktop\EMPLEOS JESS\dataconnect`
 {"metadata":{"emulator":{"name":"dataconnect"},"message":"E0831 16:15:33.973897    2480 watch.go:40] Failed to load config from \"c:\\\\Users\\\\user\\\\Desktop\\\\EMPLEOS JESS\\\\dataconnect\": could not find dataconnect.yaml in `c:\\Users\\user\\Desktop\\EMPLEOS JESS\\dataconnect`\n"}}
[debug] [2026-08-31T20:15:43.972Z] E0831 16:15:43.972947    2480 watch.go:40] Failed to load config from "c:\\Users\\user\\Desktop\\EMPLEOS JESS\\dataconnect": could not find dataconnect.yaml in `c:\Users\user\Desktop\EMPLEOS JESS\dataconnect`
 {"metadata":{"emulator":{"name":"dataconnect"},"message":"E0831 16:15:43.972947    2480 watch.go:40] Failed to load config from \"c:\\\\Users\\\\user\\\\Desktop\\\\EMPLEOS JESS\\\\dataconnect\": could not find dataconnect.yaml in `c:\\Users\\user\\Desktop\\EMPLEOS JESS\\dataconnect`\n"}}
[debug] [2026-08-31T20:15:53.972Z] E0831 16:15:53.973279    2480 watch.go:40] Failed to load config from "c:\\Users\\user\\Desktop\\EMPLEOS JESS\\dataconnect": could not find dataconnect.yaml in `c:\Users\user\Desktop\EMPLEOS JESS\dataconnect`
 {"metadata":{"emulator":{"name":"dataconnect"},"message":"E0831 16:15:53.973279    2480 watch.go:40] Failed to load config from \"c:\\\\Users\\\\user\\\\Desktop\\\\EMPLEOS JESS\\\\dataconnect\": could not find dataconnect.yaml in `c:\\Users\\user\\Desktop\\EMPLEOS JESS\\dataconnect`\n"}}
[debug] [2026-08-31T20:16:03.974Z] E0831 16:16:03.974352    2480 watch.go:40] Failed to load config from "c:\\Users\\user\\Desktop\\EMPLEOS JESS\\dataconnect": could not find dataconnect.yaml in `c:\Users\user\Desktop\EMPLEOS JESS\dataconnect`
 {"metadata":{"emulator":{"name":"dataconnect"},"message":"E0831 16:16:03.974352    2480 watch.go:40] Failed to load config from \"c:\\\\Users\\\\user\\\\Desktop\\\\EMPLEOS JESS\\\\dataconnect\": could not find dataconnect.yaml in `c:\\Users\\user\\Desktop\\EMPLEOS JESS\\dataconnect`\n"}}
[debug] [2026-08-31T20:16:13.972Z] E0831 16:16:13.972306    2480 watch.go:40] Failed to load config from "c:\\Users\\user\\Desktop\\EMPLEOS JESS\\dataconnect": could not find dataconnect.yaml in `c:\Users\user\Desktop\EMPLEOS JESS\dataconnect`
 {"metadata":{"emulator":{"name":"dataconnect"},"message":"E0831 16:16:13.972306    2480 watch.go:40] Failed to load config from \"c:\\\\Users\\\\user\\\\Desktop\\\\EMPLEOS JESS\\\\dataconnect\": could not find dataconnect.yaml in `c:\\Users\\user\\Desktop\\EMPLEOS JESS\\dataconnect`\n"}}
[debug] [2026-08-31T20:16:23.975Z] E0831 16:16:23.974955    2480 watch.go:40] Failed to load config from "c:\\Users\\user\\Desktop\\EMPLEOS JESS\\dataconnect": could not find dataconnect.yaml in `c:\Users\user\Desktop\EMPLEOS JESS\dataconnect`
 {"metadata":{"emulator":{"name":"dataconnect"},"message":"E0831 16:16:23.974955    2480 watch.go:40] Failed to load config from \"c:\\\\Users\\\\user\\\\Desktop\\\\EMPLEOS JESS\\\\dataconnect\": could not find dataconnect.yaml in `c:\\Users\\user\\Desktop\\EMPLEOS JESS\\dataconnect`\n"}}
[debug] [2026-08-31T20:16:33.972Z] E0831 16:16:33.972292    2480 watch.go:116] watchAllDir unable to walk dir `c:\Users\user\Desktop\EMPLEOS JESS\dataconnect`: GetFileAttributesEx c:\Users\user\Desktop\EMPLEOS JESS\dataconnect: The system cannot find the file specified.
 {"metadata":{"emulator":{"name":"dataconnect"},"message":"E0831 16:16:33.972292    2480 watch.go:116] watchAllDir unable to walk dir `c:\\Users\\user\\Desktop\\EMPLEOS JESS\\dataconnect`: GetFileAttributesEx c:\\Users\\user\\Desktop\\EMPLEOS JESS\\dataconnect: The system cannot find the file specified.\n"}}
[debug] [2026-08-31T20:16:33.974Z] E0831 16:16:33.973495    2480 watch.go:40] Failed to load config from "c:\\Users\\user\\Desktop\\EMPLEOS JESS\\dataconnect": could not find dataconnect.yaml in `c:\Users\user\Desktop\EMPLEOS JESS\dataconnect`
 {"metadata":{"emulator":{"name":"dataconnect"},"message":"E0831 16:16:33.973495    2480 watch.go:40] Failed to load config from \"c:\\\\Users\\\\user\\\\Desktop\\\\EMPLEOS JESS\\\\dataconnect\": could not find dataconnect.yaml in `c:\\Users\\user\\Desktop\\EMPLEOS JESS\\dataconnect`\n"}}
[debug] [2026-08-31T20:16:43.971Z] E0831 16:16:43.972599    2480 watch.go:40] Failed to load config from "c:\\Users\\user\\Desktop\\EMPLEOS JESS\\dataconnect": could not find dataconnect.yaml in `c:\Users\user\Desktop\EMPLEOS JESS\dataconnect`
 {"metadata":{"emulator":{"name":"dataconnect"},"message":"E0831 16:16:43.972599    2480 watch.go:40] Failed to load config from \"c:\\\\Users\\\\user\\\\Desktop\\\\EMPLEOS JESS\\\\dataconnect\": could not find dataconnect.yaml in `c:\\Users\\user\\Desktop\\EMPLEOS JESS\\dataconnect`\n"}}
[debug] [2026-08-31T20:16:53.973Z] E0831 16:16:53.973582    2480 watch.go:40] Failed to load config from "c:\\Users\\user\\Desktop\\EMPLEOS JESS\\dataconnect": could not find dataconnect.yaml in `c:\Users\user\Desktop\EMPLEOS JESS\dataconnect`
 {"metadata":{"emulator":{"name":"dataconnect"},"message":"E0831 16:16:53.973582    2480 watch.go:40] Failed to load config from \"c:\\\\Users\\\\user\\\\Desktop\\\\EMPLEOS JESS\\\\dataconnect\": could not find dataconnect.yaml in `c:\\Users\\user\\Desktop\\EMPLEOS JESS\\dataconnect`\n"}}
[debug] [2026-08-31T20:17:03.972Z] E0831 16:17:03.972738    2480 watch.go:40] Failed to load config from "c:\\Users\\user\\Desktop\\EMPLEOS JESS\\dataconnect": could not find dataconnect.yaml in `c:\Users\user\Desktop\EMPLEOS JESS\dataconnect`
 {"metadata":{"emulator":{"name":"dataconnect"},"message":"E0831 16:17:03.972738    2480 watch.go:40] Failed to load config from \"c:\\\\Users\\\\user\\\\Desktop\\\\EMPLEOS JESS\\\\dataconnect\": could not find dataconnect.yaml in `c:\\Users\\user\\Desktop\\EMPLEOS JESS\\dataconnect`\n"}}
[debug] [2026-08-31T20:17:13.973Z] E0831 16:17:13.973604    2480 watch.go:40] Failed to load config from "c:\\Users\\user\\Desktop\\EMPLEOS JESS\\dataconnect": could not find dataconnect.yaml in `c:\Users\user\Desktop\EMPLEOS JESS\dataconnect`
 {"metadata":{"emulator":{"name":"dataconnect"},"message":"E0831 16:17:13.973604    2480 watch.go:40] Failed to load config from \"c:\\\\Users\\\\user\\\\Desktop\\\\EMPLEOS JESS\\\\dataconnect\": could not find dataconnect.yaml in `c:\\Users\\user\\Desktop\\EMPLEOS JESS\\dataconnect`\n"}}
[debug] [2026-08-31T20:17:23.972Z] E0831 16:17:23.973658    2480 watch.go:40] Failed to load config from "c:\\Users\\user\\Desktop\\EMPLEOS JESS\\dataconnect": could not find dataconnect.yaml in `c:\Users\user\Desktop\EMPLEOS JESS\dataconnect`
 {"metadata":{"emulator":{"name":"dataconnect"},"message":"E0831 16:17:23.973658    2480 watch.go:40] Failed to load config from \"c:\\\\Users\\\\user\\\\Desktop\\\\EMPLEOS JESS\\\\dataconnect\": could not find dataconnect.yaml in `c:\\Users\\user\\Desktop\\EMPLEOS JESS\\dataconnect`\n"}}
[debug] [2026-08-31T20:17:33.971Z] E0831 16:17:33.972394    2480 watch.go:116] watchAllDir unable to walk dir `c:\Users\user\Desktop\EMPLEOS JESS\dataconnect`: GetFileAttributesEx c:\Users\user\Desktop\EMPLEOS JESS\dataconnect: The system cannot find the file specified.
 {"metadata":{"emulator":{"name":"dataconnect"},"message":"E0831 16:17:33.972394    2480 watch.go:116] watchAllDir unable to walk dir `c:\\Users\\user\\Desktop\\EMPLEOS JESS\\dataconnect`: GetFileAttributesEx c:\\Users\\user\\Desktop\\EMPLEOS JESS\\dataconnect: The system cannot find the file specified.\n"}}
[debug] [2026-08-31T20:17:33.972Z] E0831 16:17:33.972655    2480 watch.go:40] Failed to load config from "c:\\Users\\user\\Desktop\\EMPLEOS JESS\\dataconnect": could not find dataconnect.yaml in `c:\Users\user\Desktop\EMPLEOS JESS\dataconnect`
 {"metadata":{"emulator":{"name":"dataconnect"},"message":"E0831 16:17:33.972655    2480 watch.go:40] Failed to load config from \"c:\\\\Users\\\\user\\\\Desktop\\\\EMPLEOS JESS\\\\dataconnect\": could not find dataconnect.yaml in `c:\\Users\\user\\Desktop\\EMPLEOS JESS\\dataconnect`\n"}}
[debug] [2026-08-31T20:17:43.974Z] E0831 16:17:43.973889    2480 watch.go:40] Failed to load config from "c:\\Users\\user\\Desktop\\EMPLEOS JESS\\dataconnect": could not find dataconnect.yaml in `c:\Users\user\Desktop\EMPLEOS JESS\dataconnect`
 {"metadata":{"emulator":{"name":"dataconnect"},"message":"E0831 16:17:43.973889    2480 watch.go:40] Failed to load config from \"c:\\\\Users\\\\user\\\\Desktop\\\\EMPLEOS JESS\\\\dataconnect\": could not find dataconnect.yaml in `c:\\Users\\user\\Desktop\\EMPLEOS JESS\\dataconnect`\n"}}
[debug] [2026-08-31T20:17:53.973Z] E0831 16:17:53.973262    2480 watch.go:40] Failed to load config from "c:\\Users\\user\\Desktop\\EMPLEOS JESS\\dataconnect": could not find dataconnect.yaml in `c:\Users\user\Desktop\EMPLEOS JESS\dataconnect`
 {"metadata":{"emulator":{"name":"dataconnect"},"message":"E0831 16:17:53.973262    2480 watch.go:40] Failed to load config from \"c:\\\\Users\\\\user\\\\Desktop\\\\EMPLEOS JESS\\\\dataconnect\": could not find dataconnect.yaml in `c:\\Users\\user\\Desktop\\EMPLEOS JESS\\dataconnect`\n"}}
[debug] [2026-08-31T20:18:03.973Z] E0831 16:18:03.973197    2480 watch.go:40] Failed to load config from "c:\\Users\\user\\Desktop\\EMPLEOS JESS\\dataconnect": could not find dataconnect.yaml in `c:\Users\user\Desktop\EMPLEOS JESS\dataconnect`
 {"metadata":{"emulator":{"name":"dataconnect"},"message":"E0831 16:18:03.973197    2480 watch.go:40] Failed to load config from \"c:\\\\Users\\\\user\\\\Desktop\\\\EMPLEOS JESS\\\\dataconnect\": could not find dataconnect.yaml in `c:\\Users\\user\\Desktop\\EMPLEOS JESS\\dataconnect`\n"}}
[debug] [2026-08-31T20:18:13.973Z] E0831 16:18:13.972968    2480 watch.go:40] Failed to load config from "c:\\Users\\user\\Desktop\\EMPLEOS JESS\\dataconnect": could not find dataconnect.yaml in `c:\Users\user\Desktop\EMPLEOS JESS\dataconnect`
 {"metadata":{"emulator":{"name":"dataconnect"},"message":"E0831 16:18:13.972968    2480 watch.go:40] Failed to load config from \"c:\\\\Users\\\\user\\\\Desktop\\\\EMPLEOS JESS\\\\dataconnect\": could not find dataconnect.yaml in `c:\\Users\\user\\Desktop\\EMPLEOS JESS\\dataconnect`\n"}}
[debug] [2026-08-31T20:18:23.973Z] E0831 16:18:23.972946    2480 watch.go:40] Failed to load config from "c:\\Users\\user\\Desktop\\EMPLEOS JESS\\dataconnect": could not find dataconnect.yaml in `c:\Users\user\Desktop\EMPLEOS JESS\dataconnect`
 {"metadata":{"emulator":{"name":"dataconnect"},"message":"E0831 16:18:23.972946    2480 watch.go:40] Failed to load config from \"c:\\\\Users\\\\user\\\\Desktop\\\\EMPLEOS JESS\\\\dataconnect\": could not find dataconnect.yaml in `c:\\Users\\user\\Desktop\\EMPLEOS JESS\\dataconnect`\n"}}
[debug] [2026-08-31T20:18:33.973Z] E0831 16:18:33.973483    2480 watch.go:116] watchAllDir unable to walk dir `c:\Users\user\Desktop\EMPLEOS JESS\dataconnect`: GetFileAttributesEx c:\Users\user\Desktop\EMPLEOS JESS\dataconnect: The system cannot find the file specified.
 {"metadata":{"emulator":{"name":"dataconnect"},"message":"E0831 16:18:33.973483    2480 watch.go:116] watchAllDir unable to walk dir `c:\\Users\\user\\Desktop\\EMPLEOS JESS\\dataconnect`: GetFileAttributesEx c:\\Users\\user\\Desktop\\EMPLEOS JESS\\dataconnect: The system cannot find the file specified.\n"}}
[debug] [2026-08-31T20:18:33.975Z] E0831 16:18:33.973483    2480 watch.go:40] Failed to load config from "c:\\Users\\user\\Desktop\\EMPLEOS JESS\\dataconnect": could not find dataconnect.yaml in `c:\Users\user\Desktop\EMPLEOS JESS\dataconnect`
 {"metadata":{"emulator":{"name":"dataconnect"},"message":"E0831 16:18:33.973483    2480 watch.go:40] Failed to load config from \"c:\\\\Users\\\\user\\\\Desktop\\\\EMPLEOS JESS\\\\dataconnect\": could not find dataconnect.yaml in `c:\\Users\\user\\Desktop\\EMPLEOS JESS\\dataconnect`\n"}}
[debug] [2026-08-31T20:18:43.974Z] E0831 16:18:43.974020    2480 watch.go:40] Failed to load config from "c:\\Users\\user\\Desktop\\EMPLEOS JESS\\dataconnect": could not find dataconnect.yaml in `c:\Users\user\Desktop\EMPLEOS JESS\dataconnect`
 {"metadata":{"emulator":{"name":"dataconnect"},"message":"E0831 16:18:43.974020    2480 watch.go:40] Failed to load config from \"c:\\\\Users\\\\user\\\\Desktop\\\\EMPLEOS JESS\\\\dataconnect\": could not find dataconnect.yaml in `c:\\Users\\user\\Desktop\\EMPLEOS JESS\\dataconnect`\n"}}
[debug] [2026-08-31T20:18:53.972Z] E0831 16:18:53.973836    2480 watch.go:40] Failed to load config from "c:\\Users\\user\\Desktop\\EMPLEOS JESS\\dataconnect": could not find dataconnect.yaml in `c:\Users\user\Desktop\EMPLEOS JESS\dataconnect`
 {"metadata":{"emulator":{"name":"dataconnect"},"message":"E0831 16:18:53.973836    2480 watch.go:40] Failed to load config from \"c:\\\\Users\\\\user\\\\Desktop\\\\EMPLEOS JESS\\\\dataconnect\": could not find dataconnect.yaml in `c:\\Users\\user\\Desktop\\EMPLEOS JESS\\dataconnect`\n"}}
[debug] [2026-08-31T20:19:03.972Z] E0831 16:19:03.973698    2480 watch.go:40] Failed to load config from "c:\\Users\\user\\Desktop\\EMPLEOS JESS\\dataconnect": could not find dataconnect.yaml in `c:\Users\user\Desktop\EMPLEOS JESS\dataconnect`
 {"metadata":{"emulator":{"name":"dataconnect"},"message":"E0831 16:19:03.973698    2480 watch.go:40] Failed to load config from \"c:\\\\Users\\\\user\\\\Desktop\\\\EMPLEOS JESS\\\\dataconnect\": could not find dataconnect.yaml in `c:\\Users\\user\\Desktop\\EMPLEOS JESS\\dataconnect`\n"}}
[debug] [2026-08-31T20:19:13.972Z] E0831 16:19:13.972988    2480 watch.go:40] Failed to load config from "c:\\Users\\user\\Desktop\\EMPLEOS JESS\\dataconnect": could not find dataconnect.yaml in `c:\Users\user\Desktop\EMPLEOS JESS\dataconnect`
 {"metadata":{"emulator":{"name":"dataconnect"},"message":"E0831 16:19:13.972988    2480 watch.go:40] Failed to load config from \"c:\\\\Users\\\\user\\\\Desktop\\\\EMPLEOS JESS\\\\dataconnect\": could not find dataconnect.yaml in `c:\\Users\\user\\Desktop\\EMPLEOS JESS\\dataconnect`\n"}}
[debug] [2026-08-31T20:19:23.972Z] E0831 16:19:23.973671    2480 watch.go:40] Failed to load config from "c:\\Users\\user\\Desktop\\EMPLEOS JESS\\dataconnect": could not find dataconnect.yaml in `c:\Users\user\Desktop\EMPLEOS JESS\dataconnect`
 {"metadata":{"emulator":{"name":"dataconnect"},"message":"E0831 16:19:23.973671    2480 watch.go:40] Failed to load config from \"c:\\\\Users\\\\user\\\\Desktop\\\\EMPLEOS JESS\\\\dataconnect\": could not find dataconnect.yaml in `c:\\Users\\user\\Desktop\\EMPLEOS JESS\\dataconnect`\n"}}
[debug] [2026-08-31T20:19:33.973Z] E0831 16:19:33.974148    2480 watch.go:116] watchAllDir unable to walk dir `c:\Users\user\Desktop\EMPLEOS JESS\dataconnect`: GetFileAttributesEx c:\Users\user\Desktop\EMPLEOS JESS\dataconnect: The system cannot find the file specified.
 {"metadata":{"emulator":{"name":"dataconnect"},"message":"E0831 16:19:33.974148    2480 watch.go:116] watchAllDir unable to walk dir `c:\\Users\\user\\Desktop\\EMPLEOS JESS\\dataconnect`: GetFileAttributesEx c:\\Users\\user\\Desktop\\EMPLEOS JESS\\dataconnect: The system cannot find the file specified.\n"}}
[debug] [2026-08-31T20:19:33.974Z] E0831 16:19:33.974720    2480 watch.go:40] Failed to load config from "c:\\Users\\user\\Desktop\\EMPLEOS JESS\\dataconnect": could not find dataconnect.yaml in `c:\Users\user\Desktop\EMPLEOS JESS\dataconnect`
 {"metadata":{"emulator":{"name":"dataconnect"},"message":"E0831 16:19:33.974720    2480 watch.go:40] Failed to load config from \"c:\\\\Users\\\\user\\\\Desktop\\\\EMPLEOS JESS\\\\dataconnect\": could not find dataconnect.yaml in `c:\\Users\\user\\Desktop\\EMPLEOS JESS\\dataconnect`\n"}}
[debug] [2026-08-31T20:19:43.973Z] E0831 16:19:43.974267    2480 watch.go:40] Failed to load config from "c:\\Users\\user\\Desktop\\EMPLEOS JESS\\dataconnect": could not find dataconnect.yaml in `c:\Users\user\Desktop\EMPLEOS JESS\dataconnect`
 {"metadata":{"emulator":{"name":"dataconnect"},"message":"E0831 16:19:43.974267    2480 watch.go:40] Failed to load config from \"c:\\\\Users\\\\user\\\\Desktop\\\\EMPLEOS JESS\\\\dataconnect\": could not find dataconnect.yaml in `c:\\Users\\user\\Desktop\\EMPLEOS JESS\\dataconnect`\n"}}
[debug] [2026-08-31T20:19:53.972Z] E0831 16:19:53.972430    2480 watch.go:40] Failed to load config from "c:\\Users\\user\\Desktop\\EMPLEOS JESS\\dataconnect": could not find dataconnect.yaml in `c:\Users\user\Desktop\EMPLEOS JESS\dataconnect`
 {"metadata":{"emulator":{"name":"dataconnect"},"message":"E0831 16:19:53.972430    2480 watch.go:40] Failed to load config from \"c:\\\\Users\\\\user\\\\Desktop\\\\EMPLEOS JESS\\\\dataconnect\": could not find dataconnect.yaml in `c:\\Users\\user\\Desktop\\EMPLEOS JESS\\dataconnect`\n"}}
[debug] [2026-08-31T20:20:03.974Z] E0831 16:20:03.974784    2480 watch.go:40] Failed to load config from "c:\\Users\\user\\Desktop\\EMPLEOS JESS\\dataconnect": could not find dataconnect.yaml in `c:\Users\user\Desktop\EMPLEOS JESS\dataconnect`
 {"metadata":{"emulator":{"name":"dataconnect"},"message":"E0831 16:20:03.974784    2480 watch.go:40] Failed to load config from \"c:\\\\Users\\\\user\\\\Desktop\\\\EMPLEOS JESS\\\\dataconnect\": could not find dataconnect.yaml in `c:\\Users\\user\\Desktop\\EMPLEOS JESS\\dataconnect`\n"}}
[debug] [2026-08-31T20:20:13.973Z] E0831 16:20:13.973253    2480 watch.go:40] Failed to load config from "c:\\Users\\user\\Desktop\\EMPLEOS JESS\\dataconnect": could not find dataconnect.yaml in `c:\Users\user\Desktop\EMPLEOS JESS\dataconnect`
 {"metadata":{"emulator":{"name":"dataconnect"},"message":"E0831 16:20:13.973253    2480 watch.go:40] Failed to load config from \"c:\\\\Users\\\\user\\\\Desktop\\\\EMPLEOS JESS\\\\dataconnect\": could not find dataconnect.yaml in `c:\\Users\\user\\Desktop\\EMPLEOS JESS\\dataconnect`\n"}}
[debug] [2026-08-31T20:20:23.980Z] E0831 16:20:23.980465    2480 watch.go:40] Failed to load config from "c:\\Users\\user\\Desktop\\EMPLEOS JESS\\dataconnect": could not find dataconnect.yaml in `c:\Users\user\Desktop\EMPLEOS JESS\dataconnect`
 {"metadata":{"emulator":{"name":"dataconnect"},"message":"E0831 16:20:23.980465    2480 watch.go:40] Failed to load config from \"c:\\\\Users\\\\user\\\\Desktop\\\\EMPLEOS JESS\\\\dataconnect\": could not find dataconnect.yaml in `c:\\Users\\user\\Desktop\\EMPLEOS JESS\\dataconnect`\n"}}
[debug] [2026-08-31T20:20:33.974Z] E0831 16:20:33.974101    2480 watch.go:116] watchAllDir unable to walk dir `c:\Users\user\Desktop\EMPLEOS JESS\dataconnect`: GetFileAttributesEx c:\Users\user\Desktop\EMPLEOS JESS\dataconnect: The system cannot find the file specified.
 {"metadata":{"emulator":{"name":"dataconnect"},"message":"E0831 16:20:33.974101    2480 watch.go:116] watchAllDir unable to walk dir `c:\\Users\\user\\Desktop\\EMPLEOS JESS\\dataconnect`: GetFileAttributesEx c:\\Users\\user\\Desktop\\EMPLEOS JESS\\dataconnect: The system cannot find the file specified.\n"}}
[debug] [2026-08-31T20:20:33.976Z] E0831 16:20:33.974673    2480 watch.go:40] Failed to load config from "c:\\Users\\user\\Desktop\\EMPLEOS JESS\\dataconnect": could not find dataconnect.yaml in `c:\Users\user\Desktop\EMPLEOS JESS\dataconnect`
 {"metadata":{"emulator":{"name":"dataconnect"},"message":"E0831 16:20:33.974673    2480 watch.go:40] Failed to load config from \"c:\\\\Users\\\\user\\\\Desktop\\\\EMPLEOS JESS\\\\dataconnect\": could not find dataconnect.yaml in `c:\\Users\\user\\Desktop\\EMPLEOS JESS\\dataconnect`\n"}}
[debug] [2026-08-31T20:20:43.974Z] E0831 16:20:43.974983    2480 watch.go:40] Failed to load config from "c:\\Users\\user\\Desktop\\EMPLEOS JESS\\dataconnect": could not find dataconnect.yaml in `c:\Users\user\Desktop\EMPLEOS JESS\dataconnect`
 {"metadata":{"emulator":{"name":"dataconnect"},"message":"E0831 16:20:43.974983    2480 watch.go:40] Failed to load config from \"c:\\\\Users\\\\user\\\\Desktop\\\\EMPLEOS JESS\\\\dataconnect\": could not find dataconnect.yaml in `c:\\Users\\user\\Desktop\\EMPLEOS JESS\\dataconnect`\n"}}
[debug] [2026-08-31T20:20:53.973Z] E0831 16:20:53.973881    2480 watch.go:40] Failed to load config from "c:\\Users\\user\\Desktop\\EMPLEOS JESS\\dataconnect": could not find dataconnect.yaml in `c:\Users\user\Desktop\EMPLEOS JESS\dataconnect`
 {"metadata":{"emulator":{"name":"dataconnect"},"message":"E0831 16:20:53.973881    2480 watch.go:40] Failed to load config from \"c:\\\\Users\\\\user\\\\Desktop\\\\EMPLEOS JESS\\\\dataconnect\": could not find dataconnect.yaml in `c:\\Users\\user\\Desktop\\EMPLEOS JESS\\dataconnect`\n"}}
[debug] [2026-08-31T20:21:03.974Z] E0831 16:21:03.974091    2480 watch.go:40] Failed to load config from "c:\\Users\\user\\Desktop\\EMPLEOS JESS\\dataconnect": could not find dataconnect.yaml in `c:\Users\user\Desktop\EMPLEOS JESS\dataconnect`
 {"metadata":{"emulator":{"name":"dataconnect"},"message":"E0831 16:21:03.974091    2480 watch.go:40] Failed to load config from \"c:\\\\Users\\\\user\\\\Desktop\\\\EMPLEOS JESS\\\\dataconnect\": could not find dataconnect.yaml in `c:\\Users\\user\\Desktop\\EMPLEOS JESS\\dataconnect`\n"}}
[debug] [2026-08-31T20:21:13.974Z] E0831 16:21:13.974180    2480 watch.go:40] Failed to load config from "c:\\Users\\user\\Desktop\\EMPLEOS JESS\\dataconnect": could not find dataconnect.yaml in `c:\Users\user\Desktop\EMPLEOS JESS\dataconnect`
 {"metadata":{"emulator":{"name":"dataconnect"},"message":"E0831 16:21:13.974180    2480 watch.go:40] Failed to load config from \"c:\\\\Users\\\\user\\\\Desktop\\\\EMPLEOS JESS\\\\dataconnect\": could not find dataconnect.yaml in `c:\\Users\\user\\Desktop\\EMPLEOS JESS\\dataconnect`\n"}}
[debug] [2026-08-31T20:21:23.974Z] E0831 16:21:23.974437    2480 watch.go:40] Failed to load config from "c:\\Users\\user\\Desktop\\EMPLEOS JESS\\dataconnect": could not find dataconnect.yaml in `c:\Users\user\Desktop\EMPLEOS JESS\dataconnect`
 {"metadata":{"emulator":{"name":"dataconnect"},"message":"E0831 16:21:23.974437    2480 watch.go:40] Failed to load config from \"c:\\\\Users\\\\user\\\\Desktop\\\\EMPLEOS JESS\\\\dataconnect\": could not find dataconnect.yaml in `c:\\Users\\user\\Desktop\\EMPLEOS JESS\\dataconnect`\n"}}
[debug] [2026-08-31T20:21:33.974Z] E0831 16:21:33.973834    2480 watch.go:116] watchAllDir unable to walk dir `c:\Users\user\Desktop\EMPLEOS JESS\dataconnect`: GetFileAttributesEx c:\Users\user\Desktop\EMPLEOS JESS\dataconnect: The system cannot find the file specified.
 {"metadata":{"emulator":{"name":"dataconnect"},"message":"E0831 16:21:33.973834    2480 watch.go:116] watchAllDir unable to walk dir `c:\\Users\\user\\Desktop\\EMPLEOS JESS\\dataconnect`: GetFileAttributesEx c:\\Users\\user\\Desktop\\EMPLEOS JESS\\dataconnect: The system cannot find the file specified.\n"}}
[debug] [2026-08-31T20:21:33.976Z] E0831 16:21:33.973834    2480 watch.go:40] Failed to load config from "c:\\Users\\user\\Desktop\\EMPLEOS JESS\\dataconnect": could not find dataconnect.yaml in `c:\Users\user\Desktop\EMPLEOS JESS\dataconnect`
 {"metadata":{"emulator":{"name":"dataconnect"},"message":"E0831 16:21:33.973834    2480 watch.go:40] Failed to load config from \"c:\\\\Users\\\\user\\\\Desktop\\\\EMPLEOS JESS\\\\dataconnect\": could not find dataconnect.yaml in `c:\\Users\\user\\Desktop\\EMPLEOS JESS\\dataconnect`\n"}}
[debug] [2026-08-31T20:21:43.973Z] E0831 16:21:43.973197    2480 watch.go:40] Failed to load config from "c:\\Users\\user\\Desktop\\EMPLEOS JESS\\dataconnect": could not find dataconnect.yaml in `c:\Users\user\Desktop\EMPLEOS JESS\dataconnect`
 {"metadata":{"emulator":{"name":"dataconnect"},"message":"E0831 16:21:43.973197    2480 watch.go:40] Failed to load config from \"c:\\\\Users\\\\user\\\\Desktop\\\\EMPLEOS JESS\\\\dataconnect\": could not find dataconnect.yaml in `c:\\Users\\user\\Desktop\\EMPLEOS JESS\\dataconnect`\n"}}
[debug] [2026-08-31T20:21:53.972Z] E0831 16:21:53.972418    2480 watch.go:40] Failed to load config from "c:\\Users\\user\\Desktop\\EMPLEOS JESS\\dataconnect": could not find dataconnect.yaml in `c:\Users\user\Desktop\EMPLEOS JESS\dataconnect`
 {"metadata":{"emulator":{"name":"dataconnect"},"message":"E0831 16:21:53.972418    2480 watch.go:40] Failed to load config from \"c:\\\\Users\\\\user\\\\Desktop\\\\EMPLEOS JESS\\\\dataconnect\": could not find dataconnect.yaml in `c:\\Users\\user\\Desktop\\EMPLEOS JESS\\dataconnect`\n"}}
[debug] [2026-08-31T20:22:03.973Z] E0831 16:22:03.973730    2480 watch.go:40] Failed to load config from "c:\\Users\\user\\Desktop\\EMPLEOS JESS\\dataconnect": could not find dataconnect.yaml in `c:\Users\user\Desktop\EMPLEOS JESS\dataconnect`
 {"metadata":{"emulator":{"name":"dataconnect"},"message":"E0831 16:22:03.973730    2480 watch.go:40] Failed to load config from \"c:\\\\Users\\\\user\\\\Desktop\\\\EMPLEOS JESS\\\\dataconnect\": could not find dataconnect.yaml in `c:\\Users\\user\\Desktop\\EMPLEOS JESS\\dataconnect`\n"}}
[debug] [2026-08-31T20:22:13.973Z] E0831 16:22:13.972662    2480 watch.go:40] Failed to load config from "c:\\Users\\user\\Desktop\\EMPLEOS JESS\\dataconnect": could not find dataconnect.yaml in `c:\Users\user\Desktop\EMPLEOS JESS\dataconnect`
 {"metadata":{"emulator":{"name":"dataconnect"},"message":"E0831 16:22:13.972662    2480 watch.go:40] Failed to load config from \"c:\\\\Users\\\\user\\\\Desktop\\\\EMPLEOS JESS\\\\dataconnect\": could not find dataconnect.yaml in `c:\\Users\\user\\Desktop\\EMPLEOS JESS\\dataconnect`\n"}}
[debug] [2026-08-31T20:22:23.974Z] E0831 16:22:23.974325    2480 watch.go:40] Failed to load config from "c:\\Users\\user\\Desktop\\EMPLEOS JESS\\dataconnect": could not find dataconnect.yaml in `c:\Users\user\Desktop\EMPLEOS JESS\dataconnect`
 {"metadata":{"emulator":{"name":"dataconnect"},"message":"E0831 16:22:23.974325    2480 watch.go:40] Failed to load config from \"c:\\\\Users\\\\user\\\\Desktop\\\\EMPLEOS JESS\\\\dataconnect\": could not find dataconnect.yaml in `c:\\Users\\user\\Desktop\\EMPLEOS JESS\\dataconnect`\n"}}
[debug] [2026-08-31T20:22:33.972Z] E0831 16:22:33.972553    2480 watch.go:116] watchAllDir unable to walk dir `c:\Users\user\Desktop\EMPLEOS JESS\dataconnect`: GetFileAttributesEx c:\Users\user\Desktop\EMPLEOS JESS\dataconnect: The system cannot find the file specified.
 {"metadata":{"emulator":{"name":"dataconnect"},"message":"E0831 16:22:33.972553    2480 watch.go:116] watchAllDir unable to walk dir `c:\\Users\\user\\Desktop\\EMPLEOS JESS\\dataconnect`: GetFileAttributesEx c:\\Users\\user\\Desktop\\EMPLEOS JESS\\dataconnect: The system cannot find the file specified.\n"}}
[debug] [2026-08-31T20:22:33.974Z] E0831 16:22:33.973129    2480 watch.go:40] Failed to load config from "c:\\Users\\user\\Desktop\\EMPLEOS JESS\\dataconnect": could not find dataconnect.yaml in `c:\Users\user\Desktop\EMPLEOS JESS\dataconnect`
 {"metadata":{"emulator":{"name":"dataconnect"},"message":"E0831 16:22:33.973129    2480 watch.go:40] Failed to load config from \"c:\\\\Users\\\\user\\\\Desktop\\\\EMPLEOS JESS\\\\dataconnect\": could not find dataconnect.yaml in `c:\\Users\\user\\Desktop\\EMPLEOS JESS\\dataconnect`\n"}}
[debug] [2026-08-31T20:22:43.972Z] E0831 16:22:43.972714    2480 watch.go:40] Failed to load config from "c:\\Users\\user\\Desktop\\EMPLEOS JESS\\dataconnect": could not find dataconnect.yaml in `c:\Users\user\Desktop\EMPLEOS JESS\dataconnect`
 {"metadata":{"emulator":{"name":"dataconnect"},"message":"E0831 16:22:43.972714    2480 watch.go:40] Failed to load config from \"c:\\\\Users\\\\user\\\\Desktop\\\\EMPLEOS JESS\\\\dataconnect\": could not find dataconnect.yaml in `c:\\Users\\user\\Desktop\\EMPLEOS JESS\\dataconnect`\n"}}
[debug] [2026-08-31T20:22:53.972Z] E0831 16:22:53.972343    2480 watch.go:40] Failed to load config from "c:\\Users\\user\\Desktop\\EMPLEOS JESS\\dataconnect": could not find dataconnect.yaml in `c:\Users\user\Desktop\EMPLEOS JESS\dataconnect`
 {"metadata":{"emulator":{"name":"dataconnect"},"message":"E0831 16:22:53.972343    2480 watch.go:40] Failed to load config from \"c:\\\\Users\\\\user\\\\Desktop\\\\EMPLEOS JESS\\\\dataconnect\": could not find dataconnect.yaml in `c:\\Users\\user\\Desktop\\EMPLEOS JESS\\dataconnect`\n"}}
[debug] [2026-08-31T20:23:03.973Z] E0831 16:23:03.974685    2480 watch.go:40] Failed to load config from "c:\\Users\\user\\Desktop\\EMPLEOS JESS\\dataconnect": could not find dataconnect.yaml in `c:\Users\user\Desktop\EMPLEOS JESS\dataconnect`
 {"metadata":{"emulator":{"name":"dataconnect"},"message":"E0831 16:23:03.974685    2480 watch.go:40] Failed to load config from \"c:\\\\Users\\\\user\\\\Desktop\\\\EMPLEOS JESS\\\\dataconnect\": could not find dataconnect.yaml in `c:\\Users\\user\\Desktop\\EMPLEOS JESS\\dataconnect`\n"}}
[debug] [2026-08-31T20:23:13.972Z] E0831 16:23:13.972278    2480 watch.go:40] Failed to load config from "c:\\Users\\user\\Desktop\\EMPLEOS JESS\\dataconnect": could not find dataconnect.yaml in `c:\Users\user\Desktop\EMPLEOS JESS\dataconnect`
 {"metadata":{"emulator":{"name":"dataconnect"},"message":"E0831 16:23:13.972278    2480 watch.go:40] Failed to load config from \"c:\\\\Users\\\\user\\\\Desktop\\\\EMPLEOS JESS\\\\dataconnect\": could not find dataconnect.yaml in `c:\\Users\\user\\Desktop\\EMPLEOS JESS\\dataconnect`\n"}}
[debug] [2026-08-31T20:23:23.974Z] E0831 16:23:23.973872    2480 watch.go:40] Failed to load config from "c:\\Users\\user\\Desktop\\EMPLEOS JESS\\dataconnect": could not find dataconnect.yaml in `c:\Users\user\Desktop\EMPLEOS JESS\dataconnect`
 {"metadata":{"emulator":{"name":"dataconnect"},"message":"E0831 16:23:23.973872    2480 watch.go:40] Failed to load config from \"c:\\\\Users\\\\user\\\\Desktop\\\\EMPLEOS JESS\\\\dataconnect\": could not find dataconnect.yaml in `c:\\Users\\user\\Desktop\\EMPLEOS JESS\\dataconnect`\n"}}
[debug] [2026-08-31T20:23:33.971Z] E0831 16:23:33.972569    2480 watch.go:116] watchAllDir unable to walk dir `c:\Users\user\Desktop\EMPLEOS JESS\dataconnect`: GetFileAttributesEx c:\Users\user\Desktop\EMPLEOS JESS\dataconnect: The system cannot find the file specified.
 {"metadata":{"emulator":{"name":"dataconnect"},"message":"E0831 16:23:33.972569    2480 watch.go:116] watchAllDir unable to walk dir `c:\\Users\\user\\Desktop\\EMPLEOS JESS\\dataconnect`: GetFileAttributesEx c:\\Users\\user\\Desktop\\EMPLEOS JESS\\dataconnect: The system cannot find the file specified.\n"}}
[debug] [2026-08-31T20:23:33.973Z] E0831 16:23:33.973144    2480 watch.go:40] Failed to load config from "c:\\Users\\user\\Desktop\\EMPLEOS JESS\\dataconnect": could not find dataconnect.yaml in `c:\Users\user\Desktop\EMPLEOS JESS\dataconnect`
 {"metadata":{"emulator":{"name":"dataconnect"},"message":"E0831 16:23:33.973144    2480 watch.go:40] Failed to load config from \"c:\\\\Users\\\\user\\\\Desktop\\\\EMPLEOS JESS\\\\dataconnect\": could not find dataconnect.yaml in `c:\\Users\\user\\Desktop\\EMPLEOS JESS\\dataconnect`\n"}}
[debug] [2026-08-31T20:23:43.989Z] E0831 16:23:43.990625    2480 watch.go:40] Failed to load config from "c:\\Users\\user\\Desktop\\EMPLEOS JESS\\dataconnect": could not find dataconnect.yaml in `c:\Users\user\Desktop\EMPLEOS JESS\dataconnect`
 {"metadata":{"emulator":{"name":"dataconnect"},"message":"E0831 16:23:43.990625    2480 watch.go:40] Failed to load config from \"c:\\\\Users\\\\user\\\\Desktop\\\\EMPLEOS JESS\\\\dataconnect\": could not find dataconnect.yaml in `c:\\Users\\user\\Desktop\\EMPLEOS JESS\\dataconnect`\n"}}
[debug] [2026-08-31T20:23:53.974Z] E0831 16:23:53.973677    2480 watch.go:40] Failed to load config from "c:\\Users\\user\\Desktop\\EMPLEOS JESS\\dataconnect": could not find dataconnect.yaml in `c:\Users\user\Desktop\EMPLEOS JESS\dataconnect`
 {"metadata":{"emulator":{"name":"dataconnect"},"message":"E0831 16:23:53.973677    2480 watch.go:40] Failed to load config from \"c:\\\\Users\\\\user\\\\Desktop\\\\EMPLEOS JESS\\\\dataconnect\": could not find dataconnect.yaml in `c:\\Users\\user\\Desktop\\EMPLEOS JESS\\dataconnect`\n"}}
[debug] [2026-08-31T20:24:03.973Z] E0831 16:24:03.972304    2480 watch.go:40] Failed to load config from "c:\\Users\\user\\Desktop\\EMPLEOS JESS\\dataconnect": could not find dataconnect.yaml in `c:\Users\user\Desktop\EMPLEOS JESS\dataconnect`
 {"metadata":{"emulator":{"name":"dataconnect"},"message":"E0831 16:24:03.972304    2480 watch.go:40] Failed to load config from \"c:\\\\Users\\\\user\\\\Desktop\\\\EMPLEOS JESS\\\\dataconnect\": could not find dataconnect.yaml in `c:\\Users\\user\\Desktop\\EMPLEOS JESS\\dataconnect`\n"}}
[debug] [2026-08-31T20:24:13.972Z] E0831 16:24:13.972625    2480 watch.go:40] Failed to load config from "c:\\Users\\user\\Desktop\\EMPLEOS JESS\\dataconnect": could not find dataconnect.yaml in `c:\Users\user\Desktop\EMPLEOS JESS\dataconnect`
 {"metadata":{"emulator":{"name":"dataconnect"},"message":"E0831 16:24:13.972625    2480 watch.go:40] Failed to load config from \"c:\\\\Users\\\\user\\\\Desktop\\\\EMPLEOS JESS\\\\dataconnect\": could not find dataconnect.yaml in `c:\\Users\\user\\Desktop\\EMPLEOS JESS\\dataconnect`\n"}}
[debug] [2026-08-31T20:24:23.973Z] E0831 16:24:23.972941    2480 watch.go:40] Failed to load config from "c:\\Users\\user\\Desktop\\EMPLEOS JESS\\dataconnect": could not find dataconnect.yaml in `c:\Users\user\Desktop\EMPLEOS JESS\dataconnect`
 {"metadata":{"emulator":{"name":"dataconnect"},"message":"E0831 16:24:23.972941    2480 watch.go:40] Failed to load config from \"c:\\\\Users\\\\user\\\\Desktop\\\\EMPLEOS JESS\\\\dataconnect\": could not find dataconnect.yaml in `c:\\Users\\user\\Desktop\\EMPLEOS JESS\\dataconnect`\n"}}
[debug] [2026-08-31T20:24:33.973Z] E0831 16:24:33.972393    2480 watch.go:116] watchAllDir unable to walk dir `c:\Users\user\Desktop\EMPLEOS JESS\dataconnect`: GetFileAttributesEx c:\Users\user\Desktop\EMPLEOS JESS\dataconnect: The system cannot find the file specified.
 {"metadata":{"emulator":{"name":"dataconnect"},"message":"E0831 16:24:33.972393    2480 watch.go:116] watchAllDir unable to walk dir `c:\\Users\\user\\Desktop\\EMPLEOS JESS\\dataconnect`: GetFileAttributesEx c:\\Users\\user\\Desktop\\EMPLEOS JESS\\dataconnect: The system cannot find the file specified.\n"}}
[debug] [2026-08-31T20:24:33.974Z] E0831 16:24:33.973460    2480 watch.go:40] Failed to load config from "c:\\Users\\user\\Desktop\\EMPLEOS JESS\\dataconnect": could not find dataconnect.yaml in `c:\Users\user\Desktop\EMPLEOS JESS\dataconnect`
 {"metadata":{"emulator":{"name":"dataconnect"},"message":"E0831 16:24:33.973460    2480 watch.go:40] Failed to load config from \"c:\\\\Users\\\\user\\\\Desktop\\\\EMPLEOS JESS\\\\dataconnect\": could not find dataconnect.yaml in `c:\\Users\\user\\Desktop\\EMPLEOS JESS\\dataconnect`\n"}}
[debug] [2026-08-31T20:24:43.975Z] E0831 16:24:43.974658    2480 watch.go:40] Failed to load config from "c:\\Users\\user\\Desktop\\EMPLEOS JESS\\dataconnect": could not find dataconnect.yaml in `c:\Users\user\Desktop\EMPLEOS JESS\dataconnect`
 {"metadata":{"emulator":{"name":"dataconnect"},"message":"E0831 16:24:43.974658    2480 watch.go:40] Failed to load config from \"c:\\\\Users\\\\user\\\\Desktop\\\\EMPLEOS JESS\\\\dataconnect\": could not find dataconnect.yaml in `c:\\Users\\user\\Desktop\\EMPLEOS JESS\\dataconnect`\n"}}
[debug] [2026-08-31T20:24:54.017Z] E0831 16:24:54.017830    2480 watch.go:40] Failed to load config from "c:\\Users\\user\\Desktop\\EMPLEOS JESS\\dataconnect": could not find dataconnect.yaml in `c:\Users\user\Desktop\EMPLEOS JESS\dataconnect`
 {"metadata":{"emulator":{"name":"dataconnect"},"message":"E0831 16:24:54.017830    2480 watch.go:40] Failed to load config from \"c:\\\\Users\\\\user\\\\Desktop\\\\EMPLEOS JESS\\\\dataconnect\": could not find dataconnect.yaml in `c:\\Users\\user\\Desktop\\EMPLEOS JESS\\dataconnect`\n"}}
[debug] [2026-08-31T20:25:03.972Z] E0831 16:25:03.972537    2480 watch.go:40] Failed to load config from "c:\\Users\\user\\Desktop\\EMPLEOS JESS\\dataconnect": could not find dataconnect.yaml in `c:\Users\user\Desktop\EMPLEOS JESS\dataconnect`
 {"metadata":{"emulator":{"name":"dataconnect"},"message":"E0831 16:25:03.972537    2480 watch.go:40] Failed to load config from \"c:\\\\Users\\\\user\\\\Desktop\\\\EMPLEOS JESS\\\\dataconnect\": could not find dataconnect.yaml in `c:\\Users\\user\\Desktop\\EMPLEOS JESS\\dataconnect`\n"}}
[debug] [2026-08-31T20:25:13.973Z] E0831 16:25:13.973874    2480 watch.go:40] Failed to load config from "c:\\Users\\user\\Desktop\\EMPLEOS JESS\\dataconnect": could not find dataconnect.yaml in `c:\Users\user\Desktop\EMPLEOS JESS\dataconnect`
 {"metadata":{"emulator":{"name":"dataconnect"},"message":"E0831 16:25:13.973874    2480 watch.go:40] Failed to load config from \"c:\\\\Users\\\\user\\\\Desktop\\\\EMPLEOS JESS\\\\dataconnect\": could not find dataconnect.yaml in `c:\\Users\\user\\Desktop\\EMPLEOS JESS\\dataconnect`\n"}}
[debug] [2026-08-31T20:25:23.972Z] E0831 16:25:23.972446    2480 watch.go:40] Failed to load config from "c:\\Users\\user\\Desktop\\EMPLEOS JESS\\dataconnect": could not find dataconnect.yaml in `c:\Users\user\Desktop\EMPLEOS JESS\dataconnect`
 {"metadata":{"emulator":{"name":"dataconnect"},"message":"E0831 16:25:23.972446    2480 watch.go:40] Failed to load config from \"c:\\\\Users\\\\user\\\\Desktop\\\\EMPLEOS JESS\\\\dataconnect\": could not find dataconnect.yaml in `c:\\Users\\user\\Desktop\\EMPLEOS JESS\\dataconnect`\n"}}
[debug] [2026-08-31T20:25:33.972Z] E0831 16:25:33.972387    2480 watch.go:116] watchAllDir unable to walk dir `c:\Users\user\Desktop\EMPLEOS JESS\dataconnect`: GetFileAttributesEx c:\Users\user\Desktop\EMPLEOS JESS\dataconnect: The system cannot find the file specified.
 {"metadata":{"emulator":{"name":"dataconnect"},"message":"E0831 16:25:33.972387    2480 watch.go:116] watchAllDir unable to walk dir `c:\\Users\\user\\Desktop\\EMPLEOS JESS\\dataconnect`: GetFileAttributesEx c:\\Users\\user\\Desktop\\EMPLEOS JESS\\dataconnect: The system cannot find the file specified.\n"}}
[debug] [2026-08-31T20:25:33.974Z] E0831 16:25:33.972966    2480 watch.go:40] Failed to load config from "c:\\Users\\user\\Desktop\\EMPLEOS JESS\\dataconnect": could not find dataconnect.yaml in `c:\Users\user\Desktop\EMPLEOS JESS\dataconnect`
 {"metadata":{"emulator":{"name":"dataconnect"},"message":"E0831 16:25:33.972966    2480 watch.go:40] Failed to load config from \"c:\\\\Users\\\\user\\\\Desktop\\\\EMPLEOS JESS\\\\dataconnect\": could not find dataconnect.yaml in `c:\\Users\\user\\Desktop\\EMPLEOS JESS\\dataconnect`\n"}}
[debug] [2026-08-31T20:25:43.974Z] E0831 16:25:43.974659    2480 watch.go:40] Failed to load config from "c:\\Users\\user\\Desktop\\EMPLEOS JESS\\dataconnect": could not find dataconnect.yaml in `c:\Users\user\Desktop\EMPLEOS JESS\dataconnect`
 {"metadata":{"emulator":{"name":"dataconnect"},"message":"E0831 16:25:43.974659    2480 watch.go:40] Failed to load config from \"c:\\\\Users\\\\user\\\\Desktop\\\\EMPLEOS JESS\\\\dataconnect\": could not find dataconnect.yaml in `c:\\Users\\user\\Desktop\\EMPLEOS JESS\\dataconnect`\n"}}
[debug] [2026-08-31T20:25:53.972Z] E0831 16:25:53.972664    2480 watch.go:40] Failed to load config from "c:\\Users\\user\\Desktop\\EMPLEOS JESS\\dataconnect": could not find dataconnect.yaml in `c:\Users\user\Desktop\EMPLEOS JESS\dataconnect`
 {"metadata":{"emulator":{"name":"dataconnect"},"message":"E0831 16:25:53.972664    2480 watch.go:40] Failed to load config from \"c:\\\\Users\\\\user\\\\Desktop\\\\EMPLEOS JESS\\\\dataconnect\": could not find dataconnect.yaml in `c:\\Users\\user\\Desktop\\EMPLEOS JESS\\dataconnect`\n"}}
[debug] [2026-08-31T20:26:03.974Z] E0831 16:26:03.974205    2480 watch.go:40] Failed to load config from "c:\\Users\\user\\Desktop\\EMPLEOS JESS\\dataconnect": could not find dataconnect.yaml in `c:\Users\user\Desktop\EMPLEOS JESS\dataconnect`
 {"metadata":{"emulator":{"name":"dataconnect"},"message":"E0831 16:26:03.974205    2480 watch.go:40] Failed to load config from \"c:\\\\Users\\\\user\\\\Desktop\\\\EMPLEOS JESS\\\\dataconnect\": could not find dataconnect.yaml in `c:\\Users\\user\\Desktop\\EMPLEOS JESS\\dataconnect`\n"}}
[debug] [2026-08-31T20:26:13.972Z] E0831 16:26:13.973260    2480 watch.go:40] Failed to load config from "c:\\Users\\user\\Desktop\\EMPLEOS JESS\\dataconnect": could not find dataconnect.yaml in `c:\Users\user\Desktop\EMPLEOS JESS\dataconnect`
 {"metadata":{"emulator":{"name":"dataconnect"},"message":"E0831 16:26:13.973260    2480 watch.go:40] Failed to load config from \"c:\\\\Users\\\\user\\\\Desktop\\\\EMPLEOS JESS\\\\dataconnect\": could not find dataconnect.yaml in `c:\\Users\\user\\Desktop\\EMPLEOS JESS\\dataconnect`\n"}}
[debug] [2026-08-31T20:26:23.973Z] E0831 16:26:23.973149    2480 watch.go:40] Failed to load config from "c:\\Users\\user\\Desktop\\EMPLEOS JESS\\dataconnect": could not find dataconnect.yaml in `c:\Users\user\Desktop\EMPLEOS JESS\dataconnect`
 {"metadata":{"emulator":{"name":"dataconnect"},"message":"E0831 16:26:23.973149    2480 watch.go:40] Failed to load config from \"c:\\\\Users\\\\user\\\\Desktop\\\\EMPLEOS JESS\\\\dataconnect\": could not find dataconnect.yaml in `c:\\Users\\user\\Desktop\\EMPLEOS JESS\\dataconnect`\n"}}
[debug] [2026-08-31T20:26:33.972Z] E0831 16:26:33.973055    2480 watch.go:116] watchAllDir unable to walk dir `c:\Users\user\Desktop\EMPLEOS JESS\dataconnect`: GetFileAttributesEx c:\Users\user\Desktop\EMPLEOS JESS\dataconnect: The system cannot find the file specified.
 {"metadata":{"emulator":{"name":"dataconnect"},"message":"E0831 16:26:33.973055    2480 watch.go:116] watchAllDir unable to walk dir `c:\\Users\\user\\Desktop\\EMPLEOS JESS\\dataconnect`: GetFileAttributesEx c:\\Users\\user\\Desktop\\EMPLEOS JESS\\dataconnect: The system cannot find the file specified.\n"}}
[debug] [2026-08-31T20:26:33.974Z] E0831 16:26:33.973640    2480 watch.go:40] Failed to load config from "c:\\Users\\user\\Desktop\\EMPLEOS JESS\\dataconnect": could not find dataconnect.yaml in `c:\Users\user\Desktop\EMPLEOS JESS\dataconnect`
 {"metadata":{"emulator":{"name":"dataconnect"},"message":"E0831 16:26:33.973640    2480 watch.go:40] Failed to load config from \"c:\\\\Users\\\\user\\\\Desktop\\\\EMPLEOS JESS\\\\dataconnect\": could not find dataconnect.yaml in `c:\\Users\\user\\Desktop\\EMPLEOS JESS\\dataconnect`\n"}}
[debug] [2026-08-31T20:26:43.974Z] E0831 16:26:43.975055    2480 watch.go:40] Failed to load config from "c:\\Users\\user\\Desktop\\EMPLEOS JESS\\dataconnect": could not find dataconnect.yaml in `c:\Users\user\Desktop\EMPLEOS JESS\dataconnect`
 {"metadata":{"emulator":{"name":"dataconnect"},"message":"E0831 16:26:43.975055    2480 watch.go:40] Failed to load config from \"c:\\\\Users\\\\user\\\\Desktop\\\\EMPLEOS JESS\\\\dataconnect\": could not find dataconnect.yaml in `c:\\Users\\user\\Desktop\\EMPLEOS JESS\\dataconnect`\n"}}
[debug] [2026-08-31T20:26:53.972Z] E0831 16:26:53.973570    2480 watch.go:40] Failed to load config from "c:\\Users\\user\\Desktop\\EMPLEOS JESS\\dataconnect": could not find dataconnect.yaml in `c:\Users\user\Desktop\EMPLEOS JESS\dataconnect`
 {"metadata":{"emulator":{"name":"dataconnect"},"message":"E0831 16:26:53.973570    2480 watch.go:40] Failed to load config from \"c:\\\\Users\\\\user\\\\Desktop\\\\EMPLEOS JESS\\\\dataconnect\": could not find dataconnect.yaml in `c:\\Users\\user\\Desktop\\EMPLEOS JESS\\dataconnect`\n"}}
[debug] [2026-08-31T20:27:03.976Z] E0831 16:27:03.975778    2480 watch.go:40] Failed to load config from "c:\\Users\\user\\Desktop\\EMPLEOS JESS\\dataconnect": could not find dataconnect.yaml in `c:\Users\user\Desktop\EMPLEOS JESS\dataconnect`
 {"metadata":{"emulator":{"name":"dataconnect"},"message":"E0831 16:27:03.975778    2480 watch.go:40] Failed to load config from \"c:\\\\Users\\\\user\\\\Desktop\\\\EMPLEOS JESS\\\\dataconnect\": could not find dataconnect.yaml in `c:\\Users\\user\\Desktop\\EMPLEOS JESS\\dataconnect`\n"}}
[debug] [2026-08-31T20:27:13.975Z] E0831 16:27:13.974302    2480 watch.go:40] Failed to load config from "c:\\Users\\user\\Desktop\\EMPLEOS JESS\\dataconnect": could not find dataconnect.yaml in `c:\Users\user\Desktop\EMPLEOS JESS\dataconnect`
 {"metadata":{"emulator":{"name":"dataconnect"},"message":"E0831 16:27:13.974302    2480 watch.go:40] Failed to load config from \"c:\\\\Users\\\\user\\\\Desktop\\\\EMPLEOS JESS\\\\dataconnect\": could not find dataconnect.yaml in `c:\\Users\\user\\Desktop\\EMPLEOS JESS\\dataconnect`\n"}}
[debug] [2026-08-31T20:27:23.974Z] E0831 16:27:23.973532    2480 watch.go:40] Failed to load config from "c:\\Users\\user\\Desktop\\EMPLEOS JESS\\dataconnect": could not find dataconnect.yaml in `c:\Users\user\Desktop\EMPLEOS JESS\dataconnect`
 {"metadata":{"emulator":{"name":"dataconnect"},"message":"E0831 16:27:23.973532    2480 watch.go:40] Failed to load config from \"c:\\\\Users\\\\user\\\\Desktop\\\\EMPLEOS JESS\\\\dataconnect\": could not find dataconnect.yaml in `c:\\Users\\user\\Desktop\\EMPLEOS JESS\\dataconnect`\n"}}
[debug] [2026-08-31T20:27:33.976Z] E0831 16:27:33.975820    2480 watch.go:116] watchAllDir unable to walk dir `c:\Users\user\Desktop\EMPLEOS JESS\dataconnect`: GetFileAttributesEx c:\Users\user\Desktop\EMPLEOS JESS\dataconnect: The system cannot find the file specified.
 {"metadata":{"emulator":{"name":"dataconnect"},"message":"E0831 16:27:33.975820    2480 watch.go:116] watchAllDir unable to walk dir `c:\\Users\\user\\Desktop\\EMPLEOS JESS\\dataconnect`: GetFileAttributesEx c:\\Users\\user\\Desktop\\EMPLEOS JESS\\dataconnect: The system cannot find the file specified.\n"}}
[debug] [2026-08-31T20:27:33.979Z] E0831 16:27:33.978405    2480 watch.go:40] Failed to load config from "c:\\Users\\user\\Desktop\\EMPLEOS JESS\\dataconnect": could not find dataconnect.yaml in `c:\Users\user\Desktop\EMPLEOS JESS\dataconnect`
 {"metadata":{"emulator":{"name":"dataconnect"},"message":"E0831 16:27:33.978405    2480 watch.go:40] Failed to load config from \"c:\\\\Users\\\\user\\\\Desktop\\\\EMPLEOS JESS\\\\dataconnect\": could not find dataconnect.yaml in `c:\\Users\\user\\Desktop\\EMPLEOS JESS\\dataconnect`\n"}}
[debug] [2026-08-31T20:27:43.974Z] E0831 16:27:43.974204    2480 watch.go:40] Failed to load config from "c:\\Users\\user\\Desktop\\EMPLEOS JESS\\dataconnect": could not find dataconnect.yaml in `c:\Users\user\Desktop\EMPLEOS JESS\dataconnect`
 {"metadata":{"emulator":{"name":"dataconnect"},"message":"E0831 16:27:43.974204    2480 watch.go:40] Failed to load config from \"c:\\\\Users\\\\user\\\\Desktop\\\\EMPLEOS JESS\\\\dataconnect\": could not find dataconnect.yaml in `c:\\Users\\user\\Desktop\\EMPLEOS JESS\\dataconnect`\n"}}
[debug] [2026-08-31T20:27:53.973Z] E0831 16:27:53.973208    2480 watch.go:40] Failed to load config from "c:\\Users\\user\\Desktop\\EMPLEOS JESS\\dataconnect": could not find dataconnect.yaml in `c:\Users\user\Desktop\EMPLEOS JESS\dataconnect`
 {"metadata":{"emulator":{"name":"dataconnect"},"message":"E0831 16:27:53.973208    2480 watch.go:40] Failed to load config from \"c:\\\\Users\\\\user\\\\Desktop\\\\EMPLEOS JESS\\\\dataconnect\": could not find dataconnect.yaml in `c:\\Users\\user\\Desktop\\EMPLEOS JESS\\dataconnect`\n"}}
[debug] [2026-08-31T20:28:03.974Z] E0831 16:28:03.973397    2480 watch.go:40] Failed to load config from "c:\\Users\\user\\Desktop\\EMPLEOS JESS\\dataconnect": could not find dataconnect.yaml in `c:\Users\user\Desktop\EMPLEOS JESS\dataconnect`
 {"metadata":{"emulator":{"name":"dataconnect"},"message":"E0831 16:28:03.973397    2480 watch.go:40] Failed to load config from \"c:\\\\Users\\\\user\\\\Desktop\\\\EMPLEOS JESS\\\\dataconnect\": could not find dataconnect.yaml in `c:\\Users\\user\\Desktop\\EMPLEOS JESS\\dataconnect`\n"}}
[debug] [2026-08-31T20:28:13.972Z] E0831 16:28:13.972435    2480 watch.go:40] Failed to load config from "c:\\Users\\user\\Desktop\\EMPLEOS JESS\\dataconnect": could not find dataconnect.yaml in `c:\Users\user\Desktop\EMPLEOS JESS\dataconnect`
 {"metadata":{"emulator":{"name":"dataconnect"},"message":"E0831 16:28:13.972435    2480 watch.go:40] Failed to load config from \"c:\\\\Users\\\\user\\\\Desktop\\\\EMPLEOS JESS\\\\dataconnect\": could not find dataconnect.yaml in `c:\\Users\\user\\Desktop\\EMPLEOS JESS\\dataconnect`\n"}}
[debug] [2026-08-31T20:28:23.972Z] E0831 16:28:23.972817    2480 watch.go:40] Failed to load config from "c:\\Users\\user\\Desktop\\EMPLEOS JESS\\dataconnect": could not find dataconnect.yaml in `c:\Users\user\Desktop\EMPLEOS JESS\dataconnect`
 {"metadata":{"emulator":{"name":"dataconnect"},"message":"E0831 16:28:23.972817    2480 watch.go:40] Failed to load config from \"c:\\\\Users\\\\user\\\\Desktop\\\\EMPLEOS JESS\\\\dataconnect\": could not find dataconnect.yaml in `c:\\Users\\user\\Desktop\\EMPLEOS JESS\\dataconnect`\n"}}
[debug] [2026-08-31T20:28:33.972Z] E0831 16:28:33.972364    2480 watch.go:116] watchAllDir unable to walk dir `c:\Users\user\Desktop\EMPLEOS JESS\dataconnect`: GetFileAttributesEx c:\Users\user\Desktop\EMPLEOS JESS\dataconnect: The system cannot find the file specified.
 {"metadata":{"emulator":{"name":"dataconnect"},"message":"E0831 16:28:33.972364    2480 watch.go:116] watchAllDir unable to walk dir `c:\\Users\\user\\Desktop\\EMPLEOS JESS\\dataconnect`: GetFileAttributesEx c:\\Users\\user\\Desktop\\EMPLEOS JESS\\dataconnect: The system cannot find the file specified.\n"}}
[debug] [2026-08-31T20:28:33.972Z] E0831 16:28:33.972364    2480 watch.go:40] Failed to load config from "c:\\Users\\user\\Desktop\\EMPLEOS JESS\\dataconnect": could not find dataconnect.yaml in `c:\Users\user\Desktop\EMPLEOS JESS\dataconnect`
 {"metadata":{"emulator":{"name":"dataconnect"},"message":"E0831 16:28:33.972364    2480 watch.go:40] Failed to load config from \"c:\\\\Users\\\\user\\\\Desktop\\\\EMPLEOS JESS\\\\dataconnect\": could not find dataconnect.yaml in `c:\\Users\\user\\Desktop\\EMPLEOS JESS\\dataconnect`\n"}}
[debug] [2026-08-31T20:28:43.974Z] E0831 16:28:43.974228    2480 watch.go:40] Failed to load config from "c:\\Users\\user\\Desktop\\EMPLEOS JESS\\dataconnect": could not find dataconnect.yaml in `c:\Users\user\Desktop\EMPLEOS JESS\dataconnect`
 {"metadata":{"emulator":{"name":"dataconnect"},"message":"E0831 16:28:43.974228    2480 watch.go:40] Failed to load config from \"c:\\\\Users\\\\user\\\\Desktop\\\\EMPLEOS JESS\\\\dataconnect\": could not find dataconnect.yaml in `c:\\Users\\user\\Desktop\\EMPLEOS JESS\\dataconnect`\n"}}
[debug] [2026-08-31T20:28:53.975Z] E0831 16:28:53.975219    2480 watch.go:40] Failed to load config from "c:\\Users\\user\\Desktop\\EMPLEOS JESS\\dataconnect": could not find dataconnect.yaml in `c:\Users\user\Desktop\EMPLEOS JESS\dataconnect`
 {"metadata":{"emulator":{"name":"dataconnect"},"message":"E0831 16:28:53.975219    2480 watch.go:40] Failed to load config from \"c:\\\\Users\\\\user\\\\Desktop\\\\EMPLEOS JESS\\\\dataconnect\": could not find dataconnect.yaml in `c:\\Users\\user\\Desktop\\EMPLEOS JESS\\dataconnect`\n"}}
[debug] [2026-08-31T20:29:03.974Z] E0831 16:29:03.974250    2480 watch.go:40] Failed to load config from "c:\\Users\\user\\Desktop\\EMPLEOS JESS\\dataconnect": could not find dataconnect.yaml in `c:\Users\user\Desktop\EMPLEOS JESS\dataconnect`
 {"metadata":{"emulator":{"name":"dataconnect"},"message":"E0831 16:29:03.974250    2480 watch.go:40] Failed to load config from \"c:\\\\Users\\\\user\\\\Desktop\\\\EMPLEOS JESS\\\\dataconnect\": could not find dataconnect.yaml in `c:\\Users\\user\\Desktop\\EMPLEOS JESS\\dataconnect`\n"}}
[debug] [2026-08-31T20:29:13.973Z] E0831 16:29:13.973776    2480 watch.go:40] Failed to load config from "c:\\Users\\user\\Desktop\\EMPLEOS JESS\\dataconnect": could not find dataconnect.yaml in `c:\Users\user\Desktop\EMPLEOS JESS\dataconnect`
 {"metadata":{"emulator":{"name":"dataconnect"},"message":"E0831 16:29:13.973776    2480 watch.go:40] Failed to load config from \"c:\\\\Users\\\\user\\\\Desktop\\\\EMPLEOS JESS\\\\dataconnect\": could not find dataconnect.yaml in `c:\\Users\\user\\Desktop\\EMPLEOS JESS\\dataconnect`\n"}}
[debug] [2026-08-31T20:29:23.972Z] E0831 16:29:23.972348    2480 watch.go:40] Failed to load config from "c:\\Users\\user\\Desktop\\EMPLEOS JESS\\dataconnect": could not find dataconnect.yaml in `c:\Users\user\Desktop\EMPLEOS JESS\dataconnect`
 {"metadata":{"emulator":{"name":"dataconnect"},"message":"E0831 16:29:23.972348    2480 watch.go:40] Failed to load config from \"c:\\\\Users\\\\user\\\\Desktop\\\\EMPLEOS JESS\\\\dataconnect\": could not find dataconnect.yaml in `c:\\Users\\user\\Desktop\\EMPLEOS JESS\\dataconnect`\n"}}
[debug] [2026-08-31T20:29:33.972Z] E0831 16:29:33.972263    2480 watch.go:116] watchAllDir unable to walk dir `c:\Users\user\Desktop\EMPLEOS JESS\dataconnect`: GetFileAttributesEx c:\Users\user\Desktop\EMPLEOS JESS\dataconnect: The system cannot find the file specified.
 {"metadata":{"emulator":{"name":"dataconnect"},"message":"E0831 16:29:33.972263    2480 watch.go:116] watchAllDir unable to walk dir `c:\\Users\\user\\Desktop\\EMPLEOS JESS\\dataconnect`: GetFileAttributesEx c:\\Users\\user\\Desktop\\EMPLEOS JESS\\dataconnect: The system cannot find the file specified.\n"}}
[debug] [2026-08-31T20:29:33.974Z] E0831 16:29:33.973558    2480 watch.go:40] Failed to load config from "c:\\Users\\user\\Desktop\\EMPLEOS JESS\\dataconnect": could not find dataconnect.yaml in `c:\Users\user\Desktop\EMPLEOS JESS\dataconnect`
 {"metadata":{"emulator":{"name":"dataconnect"},"message":"E0831 16:29:33.973558    2480 watch.go:40] Failed to load config from \"c:\\\\Users\\\\user\\\\Desktop\\\\EMPLEOS JESS\\\\dataconnect\": could not find dataconnect.yaml in `c:\\Users\\user\\Desktop\\EMPLEOS JESS\\dataconnect`\n"}}
[debug] [2026-08-31T20:29:43.972Z] E0831 16:29:43.972364    2480 watch.go:40] Failed to load config from "c:\\Users\\user\\Desktop\\EMPLEOS JESS\\dataconnect": could not find dataconnect.yaml in `c:\Users\user\Desktop\EMPLEOS JESS\dataconnect`
 {"metadata":{"emulator":{"name":"dataconnect"},"message":"E0831 16:29:43.972364    2480 watch.go:40] Failed to load config from \"c:\\\\Users\\\\user\\\\Desktop\\\\EMPLEOS JESS\\\\dataconnect\": could not find dataconnect.yaml in `c:\\Users\\user\\Desktop\\EMPLEOS JESS\\dataconnect`\n"}}
[debug] [2026-08-31T20:29:53.973Z] E0831 16:29:53.972809    2480 watch.go:40] Failed to load config from "c:\\Users\\user\\Desktop\\EMPLEOS JESS\\dataconnect": could not find dataconnect.yaml in `c:\Users\user\Desktop\EMPLEOS JESS\dataconnect`
 {"metadata":{"emulator":{"name":"dataconnect"},"message":"E0831 16:29:53.972809    2480 watch.go:40] Failed to load config from \"c:\\\\Users\\\\user\\\\Desktop\\\\EMPLEOS JESS\\\\dataconnect\": could not find dataconnect.yaml in `c:\\Users\\user\\Desktop\\EMPLEOS JESS\\dataconnect`\n"}}
[debug] [2026-08-31T20:30:03.972Z] E0831 16:30:03.972630    2480 watch.go:40] Failed to load config from "c:\\Users\\user\\Desktop\\EMPLEOS JESS\\dataconnect": could not find dataconnect.yaml in `c:\Users\user\Desktop\EMPLEOS JESS\dataconnect`
 {"metadata":{"emulator":{"name":"dataconnect"},"message":"E0831 16:30:03.972630    2480 watch.go:40] Failed to load config from \"c:\\\\Users\\\\user\\\\Desktop\\\\EMPLEOS JESS\\\\dataconnect\": could not find dataconnect.yaml in `c:\\Users\\user\\Desktop\\EMPLEOS JESS\\dataconnect`\n"}}
[debug] [2026-08-31T20:30:13.974Z] E0831 16:30:13.974357    2480 watch.go:40] Failed to load config from "c:\\Users\\user\\Desktop\\EMPLEOS JESS\\dataconnect": could not find dataconnect.yaml in `c:\Users\user\Desktop\EMPLEOS JESS\dataconnect`
 {"metadata":{"emulator":{"name":"dataconnect"},"message":"E0831 16:30:13.974357    2480 watch.go:40] Failed to load config from \"c:\\\\Users\\\\user\\\\Desktop\\\\EMPLEOS JESS\\\\dataconnect\": could not find dataconnect.yaml in `c:\\Users\\user\\Desktop\\EMPLEOS JESS\\dataconnect`\n"}}
[debug] [2026-08-31T20:30:23.974Z] E0831 16:30:23.973656    2480 watch.go:40] Failed to load config from "c:\\Users\\user\\Desktop\\EMPLEOS JESS\\dataconnect": could not find dataconnect.yaml in `c:\Users\user\Desktop\EMPLEOS JESS\dataconnect`
 {"metadata":{"emulator":{"name":"dataconnect"},"message":"E0831 16:30:23.973656    2480 watch.go:40] Failed to load config from \"c:\\\\Users\\\\user\\\\Desktop\\\\EMPLEOS JESS\\\\dataconnect\": could not find dataconnect.yaml in `c:\\Users\\user\\Desktop\\EMPLEOS JESS\\dataconnect`\n"}}
[debug] [2026-08-31T20:30:33.973Z] E0831 16:30:33.972920    2480 watch.go:116] watchAllDir unable to walk dir `c:\Users\user\Desktop\EMPLEOS JESS\dataconnect`: GetFileAttributesEx c:\Users\user\Desktop\EMPLEOS JESS\dataconnect: The system cannot find the file specified.
 {"metadata":{"emulator":{"name":"dataconnect"},"message":"E0831 16:30:33.972920    2480 watch.go:116] watchAllDir unable to walk dir `c:\\Users\\user\\Desktop\\EMPLEOS JESS\\dataconnect`: GetFileAttributesEx c:\\Users\\user\\Desktop\\EMPLEOS JESS\\dataconnect: The system cannot find the file specified.\n"}}
[debug] [2026-08-31T20:30:33.974Z] E0831 16:30:33.973487    2480 watch.go:40] Failed to load config from "c:\\Users\\user\\Desktop\\EMPLEOS JESS\\dataconnect": could not find dataconnect.yaml in `c:\Users\user\Desktop\EMPLEOS JESS\dataconnect`
 {"metadata":{"emulator":{"name":"dataconnect"},"message":"E0831 16:30:33.973487    2480 watch.go:40] Failed to load config from \"c:\\\\Users\\\\user\\\\Desktop\\\\EMPLEOS JESS\\\\dataconnect\": could not find dataconnect.yaml in `c:\\Users\\user\\Desktop\\EMPLEOS JESS\\dataconnect`\n"}}
[debug] [2026-08-31T20:30:43.973Z] E0831 16:30:43.972991    2480 watch.go:40] Failed to load config from "c:\\Users\\user\\Desktop\\EMPLEOS JESS\\dataconnect": could not find dataconnect.yaml in `c:\Users\user\Desktop\EMPLEOS JESS\dataconnect`
 {"metadata":{"emulator":{"name":"dataconnect"},"message":"E0831 16:30:43.972991    2480 watch.go:40] Failed to load config from \"c:\\\\Users\\\\user\\\\Desktop\\\\EMPLEOS JESS\\\\dataconnect\": could not find dataconnect.yaml in `c:\\Users\\user\\Desktop\\EMPLEOS JESS\\dataconnect`\n"}}
[debug] [2026-08-31T20:30:54.032Z] E0831 16:30:54.032150    2480 watch.go:40] Failed to load config from "c:\\Users\\user\\Desktop\\EMPLEOS JESS\\dataconnect": could not find dataconnect.yaml in `c:\Users\user\Desktop\EMPLEOS JESS\dataconnect`
 {"metadata":{"emulator":{"name":"dataconnect"},"message":"E0831 16:30:54.032150    2480 watch.go:40] Failed to load config from \"c:\\\\Users\\\\user\\\\Desktop\\\\EMPLEOS JESS\\\\dataconnect\": could not find dataconnect.yaml in `c:\\Users\\user\\Desktop\\EMPLEOS JESS\\dataconnect`\n"}}
[debug] [2026-08-31T20:31:03.973Z] E0831 16:31:03.972966    2480 watch.go:40] Failed to load config from "c:\\Users\\user\\Desktop\\EMPLEOS JESS\\dataconnect": could not find dataconnect.yaml in `c:\Users\user\Desktop\EMPLEOS JESS\dataconnect`
 {"metadata":{"emulator":{"name":"dataconnect"},"message":"E0831 16:31:03.972966    2480 watch.go:40] Failed to load config from \"c:\\\\Users\\\\user\\\\Desktop\\\\EMPLEOS JESS\\\\dataconnect\": could not find dataconnect.yaml in `c:\\Users\\user\\Desktop\\EMPLEOS JESS\\dataconnect`\n"}}
[debug] [2026-08-31T20:31:13.973Z] E0831 16:31:13.972774    2480 watch.go:40] Failed to load config from "c:\\Users\\user\\Desktop\\EMPLEOS JESS\\dataconnect": could not find dataconnect.yaml in `c:\Users\user\Desktop\EMPLEOS JESS\dataconnect`
 {"metadata":{"emulator":{"name":"dataconnect"},"message":"E0831 16:31:13.972774    2480 watch.go:40] Failed to load config from \"c:\\\\Users\\\\user\\\\Desktop\\\\EMPLEOS JESS\\\\dataconnect\": could not find dataconnect.yaml in `c:\\Users\\user\\Desktop\\EMPLEOS JESS\\dataconnect`\n"}}
[debug] [2026-08-31T20:31:23.972Z] E0831 16:31:23.972989    2480 watch.go:40] Failed to load config from "c:\\Users\\user\\Desktop\\EMPLEOS JESS\\dataconnect": could not find dataconnect.yaml in `c:\Users\user\Desktop\EMPLEOS JESS\dataconnect`
 {"metadata":{"emulator":{"name":"dataconnect"},"message":"E0831 16:31:23.972989    2480 watch.go:40] Failed to load config from \"c:\\\\Users\\\\user\\\\Desktop\\\\EMPLEOS JESS\\\\dataconnect\": could not find dataconnect.yaml in `c:\\Users\\user\\Desktop\\EMPLEOS JESS\\dataconnect`\n"}}
[debug] [2026-08-31T20:31:33.987Z] E0831 16:31:33.987960    2480 watch.go:116] watchAllDir unable to walk dir `c:\Users\user\Desktop\EMPLEOS JESS\dataconnect`: GetFileAttributesEx c:\Users\user\Desktop\EMPLEOS JESS\dataconnect: The system cannot find the file specified.
 {"metadata":{"emulator":{"name":"dataconnect"},"message":"E0831 16:31:33.987960    2480 watch.go:116] watchAllDir unable to walk dir `c:\\Users\\user\\Desktop\\EMPLEOS JESS\\dataconnect`: GetFileAttributesEx c:\\Users\\user\\Desktop\\EMPLEOS JESS\\dataconnect: The system cannot find the file specified.\n"}}
[debug] [2026-08-31T20:31:33.988Z] E0831 16:31:33.987960    2480 watch.go:40] Failed to load config from "c:\\Users\\user\\Desktop\\EMPLEOS JESS\\dataconnect": could not find dataconnect.yaml in `c:\Users\user\Desktop\EMPLEOS JESS\dataconnect`
 {"metadata":{"emulator":{"name":"dataconnect"},"message":"E0831 16:31:33.987960    2480 watch.go:40] Failed to load config from \"c:\\\\Users\\\\user\\\\Desktop\\\\EMPLEOS JESS\\\\dataconnect\": could not find dataconnect.yaml in `c:\\Users\\user\\Desktop\\EMPLEOS JESS\\dataconnect`\n"}}
[debug] [2026-08-31T20:31:43.973Z] E0831 16:31:43.973567    2480 watch.go:40] Failed to load config from "c:\\Users\\user\\Desktop\\EMPLEOS JESS\\dataconnect": could not find dataconnect.yaml in `c:\Users\user\Desktop\EMPLEOS JESS\dataconnect`
 {"metadata":{"emulator":{"name":"dataconnect"},"message":"E0831 16:31:43.973567    2480 watch.go:40] Failed to load config from \"c:\\\\Users\\\\user\\\\Desktop\\\\EMPLEOS JESS\\\\dataconnect\": could not find dataconnect.yaml in `c:\\Users\\user\\Desktop\\EMPLEOS JESS\\dataconnect`\n"}}
[debug] [2026-08-31T20:31:53.972Z] E0831 16:31:53.972229    2480 watch.go:40] Failed to load config from "c:\\Users\\user\\Desktop\\EMPLEOS JESS\\dataconnect": could not find dataconnect.yaml in `c:\Users\user\Desktop\EMPLEOS JESS\dataconnect`
 {"metadata":{"emulator":{"name":"dataconnect"},"message":"E0831 16:31:53.972229    2480 watch.go:40] Failed to load config from \"c:\\\\Users\\\\user\\\\Desktop\\\\EMPLEOS JESS\\\\dataconnect\": could not find dataconnect.yaml in `c:\\Users\\user\\Desktop\\EMPLEOS JESS\\dataconnect`\n"}}
[debug] [2026-08-31T20:32:03.973Z] E0831 16:32:03.973718    2480 watch.go:40] Failed to load config from "c:\\Users\\user\\Desktop\\EMPLEOS JESS\\dataconnect": could not find dataconnect.yaml in `c:\Users\user\Desktop\EMPLEOS JESS\dataconnect`
 {"metadata":{"emulator":{"name":"dataconnect"},"message":"E0831 16:32:03.973718    2480 watch.go:40] Failed to load config from \"c:\\\\Users\\\\user\\\\Desktop\\\\EMPLEOS JESS\\\\dataconnect\": could not find dataconnect.yaml in `c:\\Users\\user\\Desktop\\EMPLEOS JESS\\dataconnect`\n"}}
[debug] [2026-08-31T20:32:13.974Z] E0831 16:32:13.974183    2480 watch.go:40] Failed to load config from "c:\\Users\\user\\Desktop\\EMPLEOS JESS\\dataconnect": could not find dataconnect.yaml in `c:\Users\user\Desktop\EMPLEOS JESS\dataconnect`
 {"metadata":{"emulator":{"name":"dataconnect"},"message":"E0831 16:32:13.974183    2480 watch.go:40] Failed to load config from \"c:\\\\Users\\\\user\\\\Desktop\\\\EMPLEOS JESS\\\\dataconnect\": could not find dataconnect.yaml in `c:\\Users\\user\\Desktop\\EMPLEOS JESS\\dataconnect`\n"}}
[debug] [2026-08-31T20:32:23.972Z] E0831 16:32:23.972704    2480 watch.go:40] Failed to load config from "c:\\Users\\user\\Desktop\\EMPLEOS JESS\\dataconnect": could not find dataconnect.yaml in `c:\Users\user\Desktop\EMPLEOS JESS\dataconnect`
 {"metadata":{"emulator":{"name":"dataconnect"},"message":"E0831 16:32:23.972704    2480 watch.go:40] Failed to load config from \"c:\\\\Users\\\\user\\\\Desktop\\\\EMPLEOS JESS\\\\dataconnect\": could not find dataconnect.yaml in `c:\\Users\\user\\Desktop\\EMPLEOS JESS\\dataconnect`\n"}}
[debug] [2026-08-31T20:32:33.972Z] E0831 16:32:33.972465    2480 watch.go:116] watchAllDir unable to walk dir `c:\Users\user\Desktop\EMPLEOS JESS\dataconnect`: GetFileAttributesEx c:\Users\user\Desktop\EMPLEOS JESS\dataconnect: The system cannot find the file specified.
 {"metadata":{"emulator":{"name":"dataconnect"},"message":"E0831 16:32:33.972465    2480 watch.go:116] watchAllDir unable to walk dir `c:\\Users\\user\\Desktop\\EMPLEOS JESS\\dataconnect`: GetFileAttributesEx c:\\Users\\user\\Desktop\\EMPLEOS JESS\\dataconnect: The system cannot find the file specified.\n"}}
[debug] [2026-08-31T20:32:33.973Z] E0831 16:32:33.972465    2480 watch.go:40] Failed to load config from "c:\\Users\\user\\Desktop\\EMPLEOS JESS\\dataconnect": could not find dataconnect.yaml in `c:\Users\user\Desktop\EMPLEOS JESS\dataconnect`
 {"metadata":{"emulator":{"name":"dataconnect"},"message":"E0831 16:32:33.972465    2480 watch.go:40] Failed to load config from \"c:\\\\Users\\\\user\\\\Desktop\\\\EMPLEOS JESS\\\\dataconnect\": could not find dataconnect.yaml in `c:\\Users\\user\\Desktop\\EMPLEOS JESS\\dataconnect`\n"}}
[debug] [2026-08-31T20:32:43.973Z] E0831 16:32:43.973064    2480 watch.go:40] Failed to load config from "c:\\Users\\user\\Desktop\\EMPLEOS JESS\\dataconnect": could not find dataconnect.yaml in `c:\Users\user\Desktop\EMPLEOS JESS\dataconnect`
 {"metadata":{"emulator":{"name":"dataconnect"},"message":"E0831 16:32:43.973064    2480 watch.go:40] Failed to load config from \"c:\\\\Users\\\\user\\\\Desktop\\\\EMPLEOS JESS\\\\dataconnect\": could not find dataconnect.yaml in `c:\\Users\\user\\Desktop\\EMPLEOS JESS\\dataconnect`\n"}}
[debug] [2026-08-31T20:32:53.973Z] E0831 16:32:53.972647    2480 watch.go:40] Failed to load config from "c:\\Users\\user\\Desktop\\EMPLEOS JESS\\dataconnect": could not find dataconnect.yaml in `c:\Users\user\Desktop\EMPLEOS JESS\dataconnect`
 {"metadata":{"emulator":{"name":"dataconnect"},"message":"E0831 16:32:53.972647    2480 watch.go:40] Failed to load config from \"c:\\\\Users\\\\user\\\\Desktop\\\\EMPLEOS JESS\\\\dataconnect\": could not find dataconnect.yaml in `c:\\Users\\user\\Desktop\\EMPLEOS JESS\\dataconnect`\n"}}
[debug] [2026-08-31T20:33:03.975Z] E0831 16:33:03.974001    2480 watch.go:40] Failed to load config from "c:\\Users\\user\\Desktop\\EMPLEOS JESS\\dataconnect": could not find dataconnect.yaml in `c:\Users\user\Desktop\EMPLEOS JESS\dataconnect`
 {"metadata":{"emulator":{"name":"dataconnect"},"message":"E0831 16:33:03.974001    2480 watch.go:40] Failed to load config from \"c:\\\\Users\\\\user\\\\Desktop\\\\EMPLEOS JESS\\\\dataconnect\": could not find dataconnect.yaml in `c:\\Users\\user\\Desktop\\EMPLEOS JESS\\dataconnect`\n"}}
[debug] [2026-08-31T20:33:13.975Z] E0831 16:33:13.973843    2480 watch.go:40] Failed to load config from "c:\\Users\\user\\Desktop\\EMPLEOS JESS\\dataconnect": could not find dataconnect.yaml in `c:\Users\user\Desktop\EMPLEOS JESS\dataconnect`
 {"metadata":{"emulator":{"name":"dataconnect"},"message":"E0831 16:33:13.973843    2480 watch.go:40] Failed to load config from \"c:\\\\Users\\\\user\\\\Desktop\\\\EMPLEOS JESS\\\\dataconnect\": could not find dataconnect.yaml in `c:\\Users\\user\\Desktop\\EMPLEOS JESS\\dataconnect`\n"}}
[debug] [2026-08-31T20:33:23.974Z] E0831 16:33:23.973624    2480 watch.go:40] Failed to load config from "c:\\Users\\user\\Desktop\\EMPLEOS JESS\\dataconnect": could not find dataconnect.yaml in `c:\Users\user\Desktop\EMPLEOS JESS\dataconnect`
 {"metadata":{"emulator":{"name":"dataconnect"},"message":"E0831 16:33:23.973624    2480 watch.go:40] Failed to load config from \"c:\\\\Users\\\\user\\\\Desktop\\\\EMPLEOS JESS\\\\dataconnect\": could not find dataconnect.yaml in `c:\\Users\\user\\Desktop\\EMPLEOS JESS\\dataconnect`\n"}}
[debug] [2026-08-31T20:33:33.972Z] E0831 16:33:33.972901    2480 watch.go:116] watchAllDir unable to walk dir `c:\Users\user\Desktop\EMPLEOS JESS\dataconnect`: GetFileAttributesEx c:\Users\user\Desktop\EMPLEOS JESS\dataconnect: The system cannot find the file specified.
 {"metadata":{"emulator":{"name":"dataconnect"},"message":"E0831 16:33:33.972901    2480 watch.go:116] watchAllDir unable to walk dir `c:\\Users\\user\\Desktop\\EMPLEOS JESS\\dataconnect`: GetFileAttributesEx c:\\Users\\user\\Desktop\\EMPLEOS JESS\\dataconnect: The system cannot find the file specified.\n"}}
[debug] [2026-08-31T20:33:33.973Z] E0831 16:33:33.972901    2480 watch.go:40] Failed to load config from "c:\\Users\\user\\Desktop\\EMPLEOS JESS\\dataconnect": could not find dataconnect.yaml in `c:\Users\user\Desktop\EMPLEOS JESS\dataconnect`
 {"metadata":{"emulator":{"name":"dataconnect"},"message":"E0831 16:33:33.972901    2480 watch.go:40] Failed to load config from \"c:\\\\Users\\\\user\\\\Desktop\\\\EMPLEOS JESS\\\\dataconnect\": could not find dataconnect.yaml in `c:\\Users\\user\\Desktop\\EMPLEOS JESS\\dataconnect`\n"}}
[debug] [2026-08-31T20:33:43.972Z] E0831 16:33:43.972769    2480 watch.go:40] Failed to load config from "c:\\Users\\user\\Desktop\\EMPLEOS JESS\\dataconnect": could not find dataconnect.yaml in `c:\Users\user\Desktop\EMPLEOS JESS\dataconnect`
 {"metadata":{"emulator":{"name":"dataconnect"},"message":"E0831 16:33:43.972769    2480 watch.go:40] Failed to load config from \"c:\\\\Users\\\\user\\\\Desktop\\\\EMPLEOS JESS\\\\dataconnect\": could not find dataconnect.yaml in `c:\\Users\\user\\Desktop\\EMPLEOS JESS\\dataconnect`\n"}}
[debug] [2026-08-31T20:33:53.972Z] E0831 16:33:53.973042    2480 watch.go:40] Failed to load config from "c:\\Users\\user\\Desktop\\EMPLEOS JESS\\dataconnect": could not find dataconnect.yaml in `c:\Users\user\Desktop\EMPLEOS JESS\dataconnect`
 {"metadata":{"emulator":{"name":"dataconnect"},"message":"E0831 16:33:53.973042    2480 watch.go:40] Failed to load config from \"c:\\\\Users\\\\user\\\\Desktop\\\\EMPLEOS JESS\\\\dataconnect\": could not find dataconnect.yaml in `c:\\Users\\user\\Desktop\\EMPLEOS JESS\\dataconnect`\n"}}
[debug] [2026-08-31T20:34:03.972Z] E0831 16:34:03.973091    2480 watch.go:40] Failed to load config from "c:\\Users\\user\\Desktop\\EMPLEOS JESS\\dataconnect": could not find dataconnect.yaml in `c:\Users\user\Desktop\EMPLEOS JESS\dataconnect`
 {"metadata":{"emulator":{"name":"dataconnect"},"message":"E0831 16:34:03.973091    2480 watch.go:40] Failed to load config from \"c:\\\\Users\\\\user\\\\Desktop\\\\EMPLEOS JESS\\\\dataconnect\": could not find dataconnect.yaml in `c:\\Users\\user\\Desktop\\EMPLEOS JESS\\dataconnect`\n"}}
[debug] [2026-08-31T20:34:13.972Z] E0831 16:34:13.972982    2480 watch.go:40] Failed to load config from "c:\\Users\\user\\Desktop\\EMPLEOS JESS\\dataconnect": could not find dataconnect.yaml in `c:\Users\user\Desktop\EMPLEOS JESS\dataconnect`
 {"metadata":{"emulator":{"name":"dataconnect"},"message":"E0831 16:34:13.972982    2480 watch.go:40] Failed to load config from \"c:\\\\Users\\\\user\\\\Desktop\\\\EMPLEOS JESS\\\\dataconnect\": could not find dataconnect.yaml in `c:\\Users\\user\\Desktop\\EMPLEOS JESS\\dataconnect`\n"}}
[debug] [2026-08-31T20:34:23.973Z] E0831 16:34:23.973479    2480 watch.go:40] Failed to load config from "c:\\Users\\user\\Desktop\\EMPLEOS JESS\\dataconnect": could not find dataconnect.yaml in `c:\Users\user\Desktop\EMPLEOS JESS\dataconnect`
 {"metadata":{"emulator":{"name":"dataconnect"},"message":"E0831 16:34:23.973479    2480 watch.go:40] Failed to load config from \"c:\\\\Users\\\\user\\\\Desktop\\\\EMPLEOS JESS\\\\dataconnect\": could not find dataconnect.yaml in `c:\\Users\\user\\Desktop\\EMPLEOS JESS\\dataconnect`\n"}}
[debug] [2026-08-31T20:34:33.974Z] E0831 16:34:33.973662    2480 watch.go:116] watchAllDir unable to walk dir `c:\Users\user\Desktop\EMPLEOS JESS\dataconnect`: GetFileAttributesEx c:\Users\user\Desktop\EMPLEOS JESS\dataconnect: The system cannot find the file specified.
 {"metadata":{"emulator":{"name":"dataconnect"},"message":"E0831 16:34:33.973662    2480 watch.go:116] watchAllDir unable to walk dir `c:\\Users\\user\\Desktop\\EMPLEOS JESS\\dataconnect`: GetFileAttributesEx c:\\Users\\user\\Desktop\\EMPLEOS JESS\\dataconnect: The system cannot find the file specified.\n"}}
[debug] [2026-08-31T20:34:33.976Z] E0831 16:34:33.974239    2480 watch.go:40] Failed to load config from "c:\\Users\\user\\Desktop\\EMPLEOS JESS\\dataconnect": could not find dataconnect.yaml in `c:\Users\user\Desktop\EMPLEOS JESS\dataconnect`
 {"metadata":{"emulator":{"name":"dataconnect"},"message":"E0831 16:34:33.974239    2480 watch.go:40] Failed to load config from \"c:\\\\Users\\\\user\\\\Desktop\\\\EMPLEOS JESS\\\\dataconnect\": could not find dataconnect.yaml in `c:\\Users\\user\\Desktop\\EMPLEOS JESS\\dataconnect`\n"}}
[debug] [2026-08-31T20:34:43.973Z] E0831 16:34:43.973371    2480 watch.go:40] Failed to load config from "c:\\Users\\user\\Desktop\\EMPLEOS JESS\\dataconnect": could not find dataconnect.yaml in `c:\Users\user\Desktop\EMPLEOS JESS\dataconnect`
 {"metadata":{"emulator":{"name":"dataconnect"},"message":"E0831 16:34:43.973371    2480 watch.go:40] Failed to load config from \"c:\\\\Users\\\\user\\\\Desktop\\\\EMPLEOS JESS\\\\dataconnect\": could not find dataconnect.yaml in `c:\\Users\\user\\Desktop\\EMPLEOS JESS\\dataconnect`\n"}}
[debug] [2026-08-31T20:34:53.972Z] E0831 16:34:53.972442    2480 watch.go:40] Failed to load config from "c:\\Users\\user\\Desktop\\EMPLEOS JESS\\dataconnect": could not find dataconnect.yaml in `c:\Users\user\Desktop\EMPLEOS JESS\dataconnect`
 {"metadata":{"emulator":{"name":"dataconnect"},"message":"E0831 16:34:53.972442    2480 watch.go:40] Failed to load config from \"c:\\\\Users\\\\user\\\\Desktop\\\\EMPLEOS JESS\\\\dataconnect\": could not find dataconnect.yaml in `c:\\Users\\user\\Desktop\\EMPLEOS JESS\\dataconnect`\n"}}
[debug] [2026-08-31T20:35:03.974Z] E0831 16:35:03.974115    2480 watch.go:40] Failed to load config from "c:\\Users\\user\\Desktop\\EMPLEOS JESS\\dataconnect": could not find dataconnect.yaml in `c:\Users\user\Desktop\EMPLEOS JESS\dataconnect`
 {"metadata":{"emulator":{"name":"dataconnect"},"message":"E0831 16:35:03.974115    2480 watch.go:40] Failed to load config from \"c:\\\\Users\\\\user\\\\Desktop\\\\EMPLEOS JESS\\\\dataconnect\": could not find dataconnect.yaml in `c:\\Users\\user\\Desktop\\EMPLEOS JESS\\dataconnect`\n"}}
[debug] [2026-08-31T20:35:13.973Z] E0831 16:35:13.973263    2480 watch.go:40] Failed to load config from "c:\\Users\\user\\Desktop\\EMPLEOS JESS\\dataconnect": could not find dataconnect.yaml in `c:\Users\user\Desktop\EMPLEOS JESS\dataconnect`
 {"metadata":{"emulator":{"name":"dataconnect"},"message":"E0831 16:35:13.973263    2480 watch.go:40] Failed to load config from \"c:\\\\Users\\\\user\\\\Desktop\\\\EMPLEOS JESS\\\\dataconnect\": could not find dataconnect.yaml in `c:\\Users\\user\\Desktop\\EMPLEOS JESS\\dataconnect`\n"}}
[debug] [2026-08-31T20:35:23.974Z] E0831 16:35:23.973814    2480 watch.go:40] Failed to load config from "c:\\Users\\user\\Desktop\\EMPLEOS JESS\\dataconnect": could not find dataconnect.yaml in `c:\Users\user\Desktop\EMPLEOS JESS\dataconnect`
 {"metadata":{"emulator":{"name":"dataconnect"},"message":"E0831 16:35:23.973814    2480 watch.go:40] Failed to load config from \"c:\\\\Users\\\\user\\\\Desktop\\\\EMPLEOS JESS\\\\dataconnect\": could not find dataconnect.yaml in `c:\\Users\\user\\Desktop\\EMPLEOS JESS\\dataconnect`\n"}}
[debug] [2026-08-31T20:35:33.972Z] E0831 16:35:33.973941    2480 watch.go:116] watchAllDir unable to walk dir `c:\Users\user\Desktop\EMPLEOS JESS\dataconnect`: GetFileAttributesEx c:\Users\user\Desktop\EMPLEOS JESS\dataconnect: The system cannot find the file specified.
 {"metadata":{"emulator":{"name":"dataconnect"},"message":"E0831 16:35:33.973941    2480 watch.go:116] watchAllDir unable to walk dir `c:\\Users\\user\\Desktop\\EMPLEOS JESS\\dataconnect`: GetFileAttributesEx c:\\Users\\user\\Desktop\\EMPLEOS JESS\\dataconnect: The system cannot find the file specified.\n"}}
[debug] [2026-08-31T20:35:33.974Z] E0831 16:35:33.975102    2480 watch.go:40] Failed to load config from "c:\\Users\\user\\Desktop\\EMPLEOS JESS\\dataconnect": could not find dataconnect.yaml in `c:\Users\user\Desktop\EMPLEOS JESS\dataconnect`
 {"metadata":{"emulator":{"name":"dataconnect"},"message":"E0831 16:35:33.975102    2480 watch.go:40] Failed to load config from \"c:\\\\Users\\\\user\\\\Desktop\\\\EMPLEOS JESS\\\\dataconnect\": could not find dataconnect.yaml in `c:\\Users\\user\\Desktop\\EMPLEOS JESS\\dataconnect`\n"}}
[debug] [2026-08-31T20:35:43.971Z] E0831 16:35:43.972614    2480 watch.go:40] Failed to load config from "c:\\Users\\user\\Desktop\\EMPLEOS JESS\\dataconnect": could not find dataconnect.yaml in `c:\Users\user\Desktop\EMPLEOS JESS\dataconnect`
 {"metadata":{"emulator":{"name":"dataconnect"},"message":"E0831 16:35:43.972614    2480 watch.go:40] Failed to load config from \"c:\\\\Users\\\\user\\\\Desktop\\\\EMPLEOS JESS\\\\dataconnect\": could not find dataconnect.yaml in `c:\\Users\\user\\Desktop\\EMPLEOS JESS\\dataconnect`\n"}}
[debug] [2026-08-31T20:35:53.972Z] E0831 16:35:53.973474    2480 watch.go:40] Failed to load config from "c:\\Users\\user\\Desktop\\EMPLEOS JESS\\dataconnect": could not find dataconnect.yaml in `c:\Users\user\Desktop\EMPLEOS JESS\dataconnect`
 {"metadata":{"emulator":{"name":"dataconnect"},"message":"E0831 16:35:53.973474    2480 watch.go:40] Failed to load config from \"c:\\\\Users\\\\user\\\\Desktop\\\\EMPLEOS JESS\\\\dataconnect\": could not find dataconnect.yaml in `c:\\Users\\user\\Desktop\\EMPLEOS JESS\\dataconnect`\n"}}
[debug] [2026-08-31T20:36:03.973Z] E0831 16:36:03.974271    2480 watch.go:40] Failed to load config from "c:\\Users\\user\\Desktop\\EMPLEOS JESS\\dataconnect": could not find dataconnect.yaml in `c:\Users\user\Desktop\EMPLEOS JESS\dataconnect`
 {"metadata":{"emulator":{"name":"dataconnect"},"message":"E0831 16:36:03.974271    2480 watch.go:40] Failed to load config from \"c:\\\\Users\\\\user\\\\Desktop\\\\EMPLEOS JESS\\\\dataconnect\": could not find dataconnect.yaml in `c:\\Users\\user\\Desktop\\EMPLEOS JESS\\dataconnect`\n"}}
[debug] [2026-08-31T20:36:13.973Z] E0831 16:36:13.974759    2480 watch.go:40] Failed to load config from "c:\\Users\\user\\Desktop\\EMPLEOS JESS\\dataconnect": could not find dataconnect.yaml in `c:\Users\user\Desktop\EMPLEOS JESS\dataconnect`
 {"metadata":{"emulator":{"name":"dataconnect"},"message":"E0831 16:36:13.974759    2480 watch.go:40] Failed to load config from \"c:\\\\Users\\\\user\\\\Desktop\\\\EMPLEOS JESS\\\\dataconnect\": could not find dataconnect.yaml in `c:\\Users\\user\\Desktop\\EMPLEOS JESS\\dataconnect`\n"}}
[debug] [2026-08-31T20:36:23.972Z] E0831 16:36:23.974098    2480 watch.go:40] Failed to load config from "c:\\Users\\user\\Desktop\\EMPLEOS JESS\\dataconnect": could not find dataconnect.yaml in `c:\Users\user\Desktop\EMPLEOS JESS\dataconnect`
 {"metadata":{"emulator":{"name":"dataconnect"},"message":"E0831 16:36:23.974098    2480 watch.go:40] Failed to load config from \"c:\\\\Users\\\\user\\\\Desktop\\\\EMPLEOS JESS\\\\dataconnect\": could not find dataconnect.yaml in `c:\\Users\\user\\Desktop\\EMPLEOS JESS\\dataconnect`\n"}}
[debug] [2026-08-31T20:36:33.972Z] E0831 16:36:33.972294    2480 watch.go:116] watchAllDir unable to walk dir `c:\Users\user\Desktop\EMPLEOS JESS\dataconnect`: GetFileAttributesEx c:\Users\user\Desktop\EMPLEOS JESS\dataconnect: The system cannot find the file specified.
 {"metadata":{"emulator":{"name":"dataconnect"},"message":"E0831 16:36:33.972294    2480 watch.go:116] watchAllDir unable to walk dir `c:\\Users\\user\\Desktop\\EMPLEOS JESS\\dataconnect`: GetFileAttributesEx c:\\Users\\user\\Desktop\\EMPLEOS JESS\\dataconnect: The system cannot find the file specified.\n"}}
[debug] [2026-08-31T20:36:33.976Z] E0831 16:36:33.974493    2480 watch.go:40] Failed to load config from "c:\\Users\\user\\Desktop\\EMPLEOS JESS\\dataconnect": could not find dataconnect.yaml in `c:\Users\user\Desktop\EMPLEOS JESS\dataconnect`
 {"metadata":{"emulator":{"name":"dataconnect"},"message":"E0831 16:36:33.974493    2480 watch.go:40] Failed to load config from \"c:\\\\Users\\\\user\\\\Desktop\\\\EMPLEOS JESS\\\\dataconnect\": could not find dataconnect.yaml in `c:\\Users\\user\\Desktop\\EMPLEOS JESS\\dataconnect`\n"}}
[debug] [2026-08-31T20:36:43.972Z] E0831 16:36:43.972687    2480 watch.go:40] Failed to load config from "c:\\Users\\user\\Desktop\\EMPLEOS JESS\\dataconnect": could not find dataconnect.yaml in `c:\Users\user\Desktop\EMPLEOS JESS\dataconnect`
 {"metadata":{"emulator":{"name":"dataconnect"},"message":"E0831 16:36:43.972687    2480 watch.go:40] Failed to load config from \"c:\\\\Users\\\\user\\\\Desktop\\\\EMPLEOS JESS\\\\dataconnect\": could not find dataconnect.yaml in `c:\\Users\\user\\Desktop\\EMPLEOS JESS\\dataconnect`\n"}}
[debug] [2026-08-31T20:36:53.972Z] E0831 16:36:53.972999    2480 watch.go:40] Failed to load config from "c:\\Users\\user\\Desktop\\EMPLEOS JESS\\dataconnect": could not find dataconnect.yaml in `c:\Users\user\Desktop\EMPLEOS JESS\dataconnect`
 {"metadata":{"emulator":{"name":"dataconnect"},"message":"E0831 16:36:53.972999    2480 watch.go:40] Failed to load config from \"c:\\\\Users\\\\user\\\\Desktop\\\\EMPLEOS JESS\\\\dataconnect\": could not find dataconnect.yaml in `c:\\Users\\user\\Desktop\\EMPLEOS JESS\\dataconnect`\n"}}
[debug] [2026-08-31T20:37:03.972Z] E0831 16:37:03.973152    2480 watch.go:40] Failed to load config from "c:\\Users\\user\\Desktop\\EMPLEOS JESS\\dataconnect": could not find dataconnect.yaml in `c:\Users\user\Desktop\EMPLEOS JESS\dataconnect`
 {"metadata":{"emulator":{"name":"dataconnect"},"message":"E0831 16:37:03.973152    2480 watch.go:40] Failed to load config from \"c:\\\\Users\\\\user\\\\Desktop\\\\EMPLEOS JESS\\\\dataconnect\": could not find dataconnect.yaml in `c:\\Users\\user\\Desktop\\EMPLEOS JESS\\dataconnect`\n"}}
[debug] [2026-08-31T20:37:13.971Z] E0831 16:37:13.972659    2480 watch.go:40] Failed to load config from "c:\\Users\\user\\Desktop\\EMPLEOS JESS\\dataconnect": could not find dataconnect.yaml in `c:\Users\user\Desktop\EMPLEOS JESS\dataconnect`
 {"metadata":{"emulator":{"name":"dataconnect"},"message":"E0831 16:37:13.972659    2480 watch.go:40] Failed to load config from \"c:\\\\Users\\\\user\\\\Desktop\\\\EMPLEOS JESS\\\\dataconnect\": could not find dataconnect.yaml in `c:\\Users\\user\\Desktop\\EMPLEOS JESS\\dataconnect`\n"}}
[debug] [2026-08-31T20:37:23.973Z] E0831 16:37:23.974555    2480 watch.go:40] Failed to load config from "c:\\Users\\user\\Desktop\\EMPLEOS JESS\\dataconnect": could not find dataconnect.yaml in `c:\Users\user\Desktop\EMPLEOS JESS\dataconnect`
 {"metadata":{"emulator":{"name":"dataconnect"},"message":"E0831 16:37:23.974555    2480 watch.go:40] Failed to load config from \"c:\\\\Users\\\\user\\\\Desktop\\\\EMPLEOS JESS\\\\dataconnect\": could not find dataconnect.yaml in `c:\\Users\\user\\Desktop\\EMPLEOS JESS\\dataconnect`\n"}}
[debug] [2026-08-31T20:37:33.973Z] E0831 16:37:33.972679    2480 watch.go:116] watchAllDir unable to walk dir `c:\Users\user\Desktop\EMPLEOS JESS\dataconnect`: GetFileAttributesEx c:\Users\user\Desktop\EMPLEOS JESS\dataconnect: The system cannot find the file specified.
 {"metadata":{"emulator":{"name":"dataconnect"},"message":"E0831 16:37:33.972679    2480 watch.go:116] watchAllDir unable to walk dir `c:\\Users\\user\\Desktop\\EMPLEOS JESS\\dataconnect`: GetFileAttributesEx c:\\Users\\user\\Desktop\\EMPLEOS JESS\\dataconnect: The system cannot find the file specified.\n"}}
[debug] [2026-08-31T20:37:33.975Z] E0831 16:37:33.973767    2480 watch.go:40] Failed to load config from "c:\\Users\\user\\Desktop\\EMPLEOS JESS\\dataconnect": could not find dataconnect.yaml in `c:\Users\user\Desktop\EMPLEOS JESS\dataconnect`
 {"metadata":{"emulator":{"name":"dataconnect"},"message":"E0831 16:37:33.973767    2480 watch.go:40] Failed to load config from \"c:\\\\Users\\\\user\\\\Desktop\\\\EMPLEOS JESS\\\\dataconnect\": could not find dataconnect.yaml in `c:\\Users\\user\\Desktop\\EMPLEOS JESS\\dataconnect`\n"}}
[debug] [2026-08-31T20:37:43.972Z] E0831 16:37:43.972355    2480 watch.go:40] Failed to load config from "c:\\Users\\user\\Desktop\\EMPLEOS JESS\\dataconnect": could not find dataconnect.yaml in `c:\Users\user\Desktop\EMPLEOS JESS\dataconnect`
 {"metadata":{"emulator":{"name":"dataconnect"},"message":"E0831 16:37:43.972355    2480 watch.go:40] Failed to load config from \"c:\\\\Users\\\\user\\\\Desktop\\\\EMPLEOS JESS\\\\dataconnect\": could not find dataconnect.yaml in `c:\\Users\\user\\Desktop\\EMPLEOS JESS\\dataconnect`\n"}}
[debug] [2026-08-31T20:37:53.974Z] E0831 16:37:53.973519    2480 watch.go:40] Failed to load config from "c:\\Users\\user\\Desktop\\EMPLEOS JESS\\dataconnect": could not find dataconnect.yaml in `c:\Users\user\Desktop\EMPLEOS JESS\dataconnect`
 {"metadata":{"emulator":{"name":"dataconnect"},"message":"E0831 16:37:53.973519    2480 watch.go:40] Failed to load config from \"c:\\\\Users\\\\user\\\\Desktop\\\\EMPLEOS JESS\\\\dataconnect\": could not find dataconnect.yaml in `c:\\Users\\user\\Desktop\\EMPLEOS JESS\\dataconnect`\n"}}
[debug] [2026-08-31T20:38:03.973Z] E0831 16:38:03.972564    2480 watch.go:40] Failed to load config from "c:\\Users\\user\\Desktop\\EMPLEOS JESS\\dataconnect": could not find dataconnect.yaml in `c:\Users\user\Desktop\EMPLEOS JESS\dataconnect`
 {"metadata":{"emulator":{"name":"dataconnect"},"message":"E0831 16:38:03.972564    2480 watch.go:40] Failed to load config from \"c:\\\\Users\\\\user\\\\Desktop\\\\EMPLEOS JESS\\\\dataconnect\": could not find dataconnect.yaml in `c:\\Users\\user\\Desktop\\EMPLEOS JESS\\dataconnect`\n"}}
[debug] [2026-08-31T20:38:13.972Z] E0831 16:38:13.972350    2480 watch.go:40] Failed to load config from "c:\\Users\\user\\Desktop\\EMPLEOS JESS\\dataconnect": could not find dataconnect.yaml in `c:\Users\user\Desktop\EMPLEOS JESS\dataconnect`
 {"metadata":{"emulator":{"name":"dataconnect"},"message":"E0831 16:38:13.972350    2480 watch.go:40] Failed to load config from \"c:\\\\Users\\\\user\\\\Desktop\\\\EMPLEOS JESS\\\\dataconnect\": could not find dataconnect.yaml in `c:\\Users\\user\\Desktop\\EMPLEOS JESS\\dataconnect`\n"}}
[debug] [2026-08-31T20:38:23.973Z] E0831 16:38:23.973081    2480 watch.go:40] Failed to load config from "c:\\Users\\user\\Desktop\\EMPLEOS JESS\\dataconnect": could not find dataconnect.yaml in `c:\Users\user\Desktop\EMPLEOS JESS\dataconnect`
 {"metadata":{"emulator":{"name":"dataconnect"},"message":"E0831 16:38:23.973081    2480 watch.go:40] Failed to load config from \"c:\\\\Users\\\\user\\\\Desktop\\\\EMPLEOS JESS\\\\dataconnect\": could not find dataconnect.yaml in `c:\\Users\\user\\Desktop\\EMPLEOS JESS\\dataconnect`\n"}}
[debug] [2026-08-31T20:38:33.973Z] E0831 16:38:33.972995    2480 watch.go:116] watchAllDir unable to walk dir `c:\Users\user\Desktop\EMPLEOS JESS\dataconnect`: GetFileAttributesEx c:\Users\user\Desktop\EMPLEOS JESS\dataconnect: The system cannot find the file specified.
 {"metadata":{"emulator":{"name":"dataconnect"},"message":"E0831 16:38:33.972995    2480 watch.go:116] watchAllDir unable to walk dir `c:\\Users\\user\\Desktop\\EMPLEOS JESS\\dataconnect`: GetFileAttributesEx c:\\Users\\user\\Desktop\\EMPLEOS JESS\\dataconnect: The system cannot find the file specified.\n"}}
[debug] [2026-08-31T20:38:33.973Z] E0831 16:38:33.972995    2480 watch.go:40] Failed to load config from "c:\\Users\\user\\Desktop\\EMPLEOS JESS\\dataconnect": could not find dataconnect.yaml in `c:\Users\user\Desktop\EMPLEOS JESS\dataconnect`
 {"metadata":{"emulator":{"name":"dataconnect"},"message":"E0831 16:38:33.972995    2480 watch.go:40] Failed to load config from \"c:\\\\Users\\\\user\\\\Desktop\\\\EMPLEOS JESS\\\\dataconnect\": could not find dataconnect.yaml in `c:\\Users\\user\\Desktop\\EMPLEOS JESS\\dataconnect`\n"}}
[debug] [2026-08-31T20:38:43.973Z] E0831 16:38:43.973253    2480 watch.go:40] Failed to load config from "c:\\Users\\user\\Desktop\\EMPLEOS JESS\\dataconnect": could not find dataconnect.yaml in `c:\Users\user\Desktop\EMPLEOS JESS\dataconnect`
 {"metadata":{"emulator":{"name":"dataconnect"},"message":"E0831 16:38:43.973253    2480 watch.go:40] Failed to load config from \"c:\\\\Users\\\\user\\\\Desktop\\\\EMPLEOS JESS\\\\dataconnect\": could not find dataconnect.yaml in `c:\\Users\\user\\Desktop\\EMPLEOS JESS\\dataconnect`\n"}}
[debug] [2026-08-31T20:38:53.973Z] E0831 16:38:53.973425    2480 watch.go:40] Failed to load config from "c:\\Users\\user\\Desktop\\EMPLEOS JESS\\dataconnect": could not find dataconnect.yaml in `c:\Users\user\Desktop\EMPLEOS JESS\dataconnect`
 {"metadata":{"emulator":{"name":"dataconnect"},"message":"E0831 16:38:53.973425    2480 watch.go:40] Failed to load config from \"c:\\\\Users\\\\user\\\\Desktop\\\\EMPLEOS JESS\\\\dataconnect\": could not find dataconnect.yaml in `c:\\Users\\user\\Desktop\\EMPLEOS JESS\\dataconnect`\n"}}
[debug] [2026-08-31T20:39:03.972Z] E0831 16:39:03.972570    2480 watch.go:40] Failed to load config from "c:\\Users\\user\\Desktop\\EMPLEOS JESS\\dataconnect": could not find dataconnect.yaml in `c:\Users\user\Desktop\EMPLEOS JESS\dataconnect`
 {"metadata":{"emulator":{"name":"dataconnect"},"message":"E0831 16:39:03.972570    2480 watch.go:40] Failed to load config from \"c:\\\\Users\\\\user\\\\Desktop\\\\EMPLEOS JESS\\\\dataconnect\": could not find dataconnect.yaml in `c:\\Users\\user\\Desktop\\EMPLEOS JESS\\dataconnect`\n"}}
[debug] [2026-08-31T20:39:13.973Z] E0831 16:39:13.972303    2480 watch.go:40] Failed to load config from "c:\\Users\\user\\Desktop\\EMPLEOS JESS\\dataconnect": could not find dataconnect.yaml in `c:\Users\user\Desktop\EMPLEOS JESS\dataconnect`
 {"metadata":{"emulator":{"name":"dataconnect"},"message":"E0831 16:39:13.972303    2480 watch.go:40] Failed to load config from \"c:\\\\Users\\\\user\\\\Desktop\\\\EMPLEOS JESS\\\\dataconnect\": could not find dataconnect.yaml in `c:\\Users\\user\\Desktop\\EMPLEOS JESS\\dataconnect`\n"}}
[debug] [2026-08-31T20:39:23.974Z] E0831 16:39:23.974658    2480 watch.go:40] Failed to load config from "c:\\Users\\user\\Desktop\\EMPLEOS JESS\\dataconnect": could not find dataconnect.yaml in `c:\Users\user\Desktop\EMPLEOS JESS\dataconnect`
 {"metadata":{"emulator":{"name":"dataconnect"},"message":"E0831 16:39:23.974658    2480 watch.go:40] Failed to load config from \"c:\\\\Users\\\\user\\\\Desktop\\\\EMPLEOS JESS\\\\dataconnect\": could not find dataconnect.yaml in `c:\\Users\\user\\Desktop\\EMPLEOS JESS\\dataconnect`\n"}}
[debug] [2026-08-31T20:39:33.973Z] E0831 16:39:33.973390    2480 watch.go:116] watchAllDir unable to walk dir `c:\Users\user\Desktop\EMPLEOS JESS\dataconnect`: GetFileAttributesEx c:\Users\user\Desktop\EMPLEOS JESS\dataconnect: The system cannot find the file specified.
 {"metadata":{"emulator":{"name":"dataconnect"},"message":"E0831 16:39:33.973390    2480 watch.go:116] watchAllDir unable to walk dir `c:\\Users\\user\\Desktop\\EMPLEOS JESS\\dataconnect`: GetFileAttributesEx c:\\Users\\user\\Desktop\\EMPLEOS JESS\\dataconnect: The system cannot find the file specified.\n"}}
[debug] [2026-08-31T20:39:33.975Z] E0831 16:39:33.973965    2480 watch.go:40] Failed to load config from "c:\\Users\\user\\Desktop\\EMPLEOS JESS\\dataconnect": could not find dataconnect.yaml in `c:\Users\user\Desktop\EMPLEOS JESS\dataconnect`
 {"metadata":{"emulator":{"name":"dataconnect"},"message":"E0831 16:39:33.973965    2480 watch.go:40] Failed to load config from \"c:\\\\Users\\\\user\\\\Desktop\\\\EMPLEOS JESS\\\\dataconnect\": could not find dataconnect.yaml in `c:\\Users\\user\\Desktop\\EMPLEOS JESS\\dataconnect`\n"}}
[debug] [2026-08-31T20:39:43.974Z] E0831 16:39:43.972951    2480 watch.go:40] Failed to load config from "c:\\Users\\user\\Desktop\\EMPLEOS JESS\\dataconnect": could not find dataconnect.yaml in `c:\Users\user\Desktop\EMPLEOS JESS\dataconnect`
 {"metadata":{"emulator":{"name":"dataconnect"},"message":"E0831 16:39:43.972951    2480 watch.go:40] Failed to load config from \"c:\\\\Users\\\\user\\\\Desktop\\\\EMPLEOS JESS\\\\dataconnect\": could not find dataconnect.yaml in `c:\\Users\\user\\Desktop\\EMPLEOS JESS\\dataconnect`\n"}}
[debug] [2026-08-31T20:39:53.974Z] E0831 16:39:53.974159    2480 watch.go:40] Failed to load config from "c:\\Users\\user\\Desktop\\EMPLEOS JESS\\dataconnect": could not find dataconnect.yaml in `c:\Users\user\Desktop\EMPLEOS JESS\dataconnect`
 {"metadata":{"emulator":{"name":"dataconnect"},"message":"E0831 16:39:53.974159    2480 watch.go:40] Failed to load config from \"c:\\\\Users\\\\user\\\\Desktop\\\\EMPLEOS JESS\\\\dataconnect\": could not find dataconnect.yaml in `c:\\Users\\user\\Desktop\\EMPLEOS JESS\\dataconnect`\n"}}
[debug] [2026-08-31T20:40:03.975Z] E0831 16:40:03.975105    2480 watch.go:40] Failed to load config from "c:\\Users\\user\\Desktop\\EMPLEOS JESS\\dataconnect": could not find dataconnect.yaml in `c:\Users\user\Desktop\EMPLEOS JESS\dataconnect`
 {"metadata":{"emulator":{"name":"dataconnect"},"message":"E0831 16:40:03.975105    2480 watch.go:40] Failed to load config from \"c:\\\\Users\\\\user\\\\Desktop\\\\EMPLEOS JESS\\\\dataconnect\": could not find dataconnect.yaml in `c:\\Users\\user\\Desktop\\EMPLEOS JESS\\dataconnect`\n"}}
[debug] [2026-08-31T20:40:13.973Z] E0831 16:40:13.973462    2480 watch.go:40] Failed to load config from "c:\\Users\\user\\Desktop\\EMPLEOS JESS\\dataconnect": could not find dataconnect.yaml in `c:\Users\user\Desktop\EMPLEOS JESS\dataconnect`
 {"metadata":{"emulator":{"name":"dataconnect"},"message":"E0831 16:40:13.973462    2480 watch.go:40] Failed to load config from \"c:\\\\Users\\\\user\\\\Desktop\\\\EMPLEOS JESS\\\\dataconnect\": could not find dataconnect.yaml in `c:\\Users\\user\\Desktop\\EMPLEOS JESS\\dataconnect`\n"}}
[debug] [2026-08-31T20:40:23.974Z] E0831 16:40:23.974499    2480 watch.go:40] Failed to load config from "c:\\Users\\user\\Desktop\\EMPLEOS JESS\\dataconnect": could not find dataconnect.yaml in `c:\Users\user\Desktop\EMPLEOS JESS\dataconnect`
 {"metadata":{"emulator":{"name":"dataconnect"},"message":"E0831 16:40:23.974499    2480 watch.go:40] Failed to load config from \"c:\\\\Users\\\\user\\\\Desktop\\\\EMPLEOS JESS\\\\dataconnect\": could not find dataconnect.yaml in `c:\\Users\\user\\Desktop\\EMPLEOS JESS\\dataconnect`\n"}}
[debug] [2026-08-31T20:40:33.972Z] E0831 16:40:33.972273    2480 watch.go:116] watchAllDir unable to walk dir `c:\Users\user\Desktop\EMPLEOS JESS\dataconnect`: GetFileAttributesEx c:\Users\user\Desktop\EMPLEOS JESS\dataconnect: The system cannot find the file specified.
 {"metadata":{"emulator":{"name":"dataconnect"},"message":"E0831 16:40:33.972273    2480 watch.go:116] watchAllDir unable to walk dir `c:\\Users\\user\\Desktop\\EMPLEOS JESS\\dataconnect`: GetFileAttributesEx c:\\Users\\user\\Desktop\\EMPLEOS JESS\\dataconnect: The system cannot find the file specified.\n"}}
[debug] [2026-08-31T20:40:33.974Z] E0831 16:40:33.972273    2480 watch.go:40] Failed to load config from "c:\\Users\\user\\Desktop\\EMPLEOS JESS\\dataconnect": could not find dataconnect.yaml in `c:\Users\user\Desktop\EMPLEOS JESS\dataconnect`
 {"metadata":{"emulator":{"name":"dataconnect"},"message":"E0831 16:40:33.972273    2480 watch.go:40] Failed to load config from \"c:\\\\Users\\\\user\\\\Desktop\\\\EMPLEOS JESS\\\\dataconnect\": could not find dataconnect.yaml in `c:\\Users\\user\\Desktop\\EMPLEOS JESS\\dataconnect`\n"}}
[debug] [2026-08-31T20:40:43.973Z] E0831 16:40:43.974593    2480 watch.go:40] Failed to load config from "c:\\Users\\user\\Desktop\\EMPLEOS JESS\\dataconnect": could not find dataconnect.yaml in `c:\Users\user\Desktop\EMPLEOS JESS\dataconnect`
 {"metadata":{"emulator":{"name":"dataconnect"},"message":"E0831 16:40:43.974593    2480 watch.go:40] Failed to load config from \"c:\\\\Users\\\\user\\\\Desktop\\\\EMPLEOS JESS\\\\dataconnect\": could not find dataconnect.yaml in `c:\\Users\\user\\Desktop\\EMPLEOS JESS\\dataconnect`\n"}}
[debug] [2026-08-31T20:40:53.973Z] E0831 16:40:53.973458    2480 watch.go:40] Failed to load config from "c:\\Users\\user\\Desktop\\EMPLEOS JESS\\dataconnect": could not find dataconnect.yaml in `c:\Users\user\Desktop\EMPLEOS JESS\dataconnect`
 {"metadata":{"emulator":{"name":"dataconnect"},"message":"E0831 16:40:53.973458    2480 watch.go:40] Failed to load config from \"c:\\\\Users\\\\user\\\\Desktop\\\\EMPLEOS JESS\\\\dataconnect\": could not find dataconnect.yaml in `c:\\Users\\user\\Desktop\\EMPLEOS JESS\\dataconnect`\n"}}
[debug] [2026-08-31T20:41:03.972Z] E0831 16:41:03.973495    2480 watch.go:40] Failed to load config from "c:\\Users\\user\\Desktop\\EMPLEOS JESS\\dataconnect": could not find dataconnect.yaml in `c:\Users\user\Desktop\EMPLEOS JESS\dataconnect`
 {"metadata":{"emulator":{"name":"dataconnect"},"message":"E0831 16:41:03.973495    2480 watch.go:40] Failed to load config from \"c:\\\\Users\\\\user\\\\Desktop\\\\EMPLEOS JESS\\\\dataconnect\": could not find dataconnect.yaml in `c:\\Users\\user\\Desktop\\EMPLEOS JESS\\dataconnect`\n"}}
[debug] [2026-08-31T20:41:13.973Z] E0831 16:41:13.974200    2480 watch.go:40] Failed to load config from "c:\\Users\\user\\Desktop\\EMPLEOS JESS\\dataconnect": could not find dataconnect.yaml in `c:\Users\user\Desktop\EMPLEOS JESS\dataconnect`
 {"metadata":{"emulator":{"name":"dataconnect"},"message":"E0831 16:41:13.974200    2480 watch.go:40] Failed to load config from \"c:\\\\Users\\\\user\\\\Desktop\\\\EMPLEOS JESS\\\\dataconnect\": could not find dataconnect.yaml in `c:\\Users\\user\\Desktop\\EMPLEOS JESS\\dataconnect`\n"}}
[debug] [2026-08-31T20:41:23.974Z] E0831 16:41:23.974859    2480 watch.go:40] Failed to load config from "c:\\Users\\user\\Desktop\\EMPLEOS JESS\\dataconnect": could not find dataconnect.yaml in `c:\Users\user\Desktop\EMPLEOS JESS\dataconnect`
 {"metadata":{"emulator":{"name":"dataconnect"},"message":"E0831 16:41:23.974859    2480 watch.go:40] Failed to load config from \"c:\\\\Users\\\\user\\\\Desktop\\\\EMPLEOS JESS\\\\dataconnect\": could not find dataconnect.yaml in `c:\\Users\\user\\Desktop\\EMPLEOS JESS\\dataconnect`\n"}}
[debug] [2026-08-31T20:41:33.971Z] E0831 16:41:33.972266    2480 watch.go:116] watchAllDir unable to walk dir `c:\Users\user\Desktop\EMPLEOS JESS\dataconnect`: GetFileAttributesEx c:\Users\user\Desktop\EMPLEOS JESS\dataconnect: The system cannot find the file specified.
 {"metadata":{"emulator":{"name":"dataconnect"},"message":"E0831 16:41:33.972266    2480 watch.go:116] watchAllDir unable to walk dir `c:\\Users\\user\\Desktop\\EMPLEOS JESS\\dataconnect`: GetFileAttributesEx c:\\Users\\user\\Desktop\\EMPLEOS JESS\\dataconnect: The system cannot find the file specified.\n"}}
[debug] [2026-08-31T20:41:33.974Z] E0831 16:41:33.972266    2480 watch.go:40] Failed to load config from "c:\\Users\\user\\Desktop\\EMPLEOS JESS\\dataconnect": could not find dataconnect.yaml in `c:\Users\user\Desktop\EMPLEOS JESS\dataconnect`
 {"metadata":{"emulator":{"name":"dataconnect"},"message":"E0831 16:41:33.972266    2480 watch.go:40] Failed to load config from \"c:\\\\Users\\\\user\\\\Desktop\\\\EMPLEOS JESS\\\\dataconnect\": could not find dataconnect.yaml in `c:\\Users\\user\\Desktop\\EMPLEOS JESS\\dataconnect`\n"}}
[debug] [2026-08-31T20:41:43.973Z] E0831 16:41:43.973528    2480 watch.go:40] Failed to load config from "c:\\Users\\user\\Desktop\\EMPLEOS JESS\\dataconnect": could not find dataconnect.yaml in `c:\Users\user\Desktop\EMPLEOS JESS\dataconnect`
 {"metadata":{"emulator":{"name":"dataconnect"},"message":"E0831 16:41:43.973528    2480 watch.go:40] Failed to load config from \"c:\\\\Users\\\\user\\\\Desktop\\\\EMPLEOS JESS\\\\dataconnect\": could not find dataconnect.yaml in `c:\\Users\\user\\Desktop\\EMPLEOS JESS\\dataconnect`\n"}}
[debug] [2026-08-31T20:41:53.972Z] E0831 16:41:53.972603    2480 watch.go:40] Failed to load config from "c:\\Users\\user\\Desktop\\EMPLEOS JESS\\dataconnect": could not find dataconnect.yaml in `c:\Users\user\Desktop\EMPLEOS JESS\dataconnect`
 {"metadata":{"emulator":{"name":"dataconnect"},"message":"E0831 16:41:53.972603    2480 watch.go:40] Failed to load config from \"c:\\\\Users\\\\user\\\\Desktop\\\\EMPLEOS JESS\\\\dataconnect\": could not find dataconnect.yaml in `c:\\Users\\user\\Desktop\\EMPLEOS JESS\\dataconnect`\n"}}
[debug] [2026-08-31T20:42:03.974Z] E0831 16:42:03.974137    2480 watch.go:40] Failed to load config from "c:\\Users\\user\\Desktop\\EMPLEOS JESS\\dataconnect": could not find dataconnect.yaml in `c:\Users\user\Desktop\EMPLEOS JESS\dataconnect`
 {"metadata":{"emulator":{"name":"dataconnect"},"message":"E0831 16:42:03.974137    2480 watch.go:40] Failed to load config from \"c:\\\\Users\\\\user\\\\Desktop\\\\EMPLEOS JESS\\\\dataconnect\": could not find dataconnect.yaml in `c:\\Users\\user\\Desktop\\EMPLEOS JESS\\dataconnect`\n"}}
[debug] [2026-08-31T20:42:13.973Z] E0831 16:42:13.972370    2480 watch.go:40] Failed to load config from "c:\\Users\\user\\Desktop\\EMPLEOS JESS\\dataconnect": could not find dataconnect.yaml in `c:\Users\user\Desktop\EMPLEOS JESS\dataconnect`
 {"metadata":{"emulator":{"name":"dataconnect"},"message":"E0831 16:42:13.972370    2480 watch.go:40] Failed to load config from \"c:\\\\Users\\\\user\\\\Desktop\\\\EMPLEOS JESS\\\\dataconnect\": could not find dataconnect.yaml in `c:\\Users\\user\\Desktop\\EMPLEOS JESS\\dataconnect`\n"}}
[debug] [2026-08-31T20:42:23.973Z] E0831 16:42:23.972456    2480 watch.go:40] Failed to load config from "c:\\Users\\user\\Desktop\\EMPLEOS JESS\\dataconnect": could not find dataconnect.yaml in `c:\Users\user\Desktop\EMPLEOS JESS\dataconnect`
 {"metadata":{"emulator":{"name":"dataconnect"},"message":"E0831 16:42:23.972456    2480 watch.go:40] Failed to load config from \"c:\\\\Users\\\\user\\\\Desktop\\\\EMPLEOS JESS\\\\dataconnect\": could not find dataconnect.yaml in `c:\\Users\\user\\Desktop\\EMPLEOS JESS\\dataconnect`\n"}}
[debug] [2026-08-31T20:42:33.972Z] E0831 16:42:33.972422    2480 watch.go:116] watchAllDir unable to walk dir `c:\Users\user\Desktop\EMPLEOS JESS\dataconnect`: GetFileAttributesEx c:\Users\user\Desktop\EMPLEOS JESS\dataconnect: The system cannot find the file specified.
 {"metadata":{"emulator":{"name":"dataconnect"},"message":"E0831 16:42:33.972422    2480 watch.go:116] watchAllDir unable to walk dir `c:\\Users\\user\\Desktop\\EMPLEOS JESS\\dataconnect`: GetFileAttributesEx c:\\Users\\user\\Desktop\\EMPLEOS JESS\\dataconnect: The system cannot find the file specified.\n"}}
[debug] [2026-08-31T20:42:33.974Z] E0831 16:42:33.973661    2480 watch.go:40] Failed to load config from "c:\\Users\\user\\Desktop\\EMPLEOS JESS\\dataconnect": could not find dataconnect.yaml in `c:\Users\user\Desktop\EMPLEOS JESS\dataconnect`
 {"metadata":{"emulator":{"name":"dataconnect"},"message":"E0831 16:42:33.973661    2480 watch.go:40] Failed to load config from \"c:\\\\Users\\\\user\\\\Desktop\\\\EMPLEOS JESS\\\\dataconnect\": could not find dataconnect.yaml in `c:\\Users\\user\\Desktop\\EMPLEOS JESS\\dataconnect`\n"}}
[debug] [2026-08-31T20:42:43.974Z] E0831 16:42:43.973720    2480 watch.go:40] Failed to load config from "c:\\Users\\user\\Desktop\\EMPLEOS JESS\\dataconnect": could not find dataconnect.yaml in `c:\Users\user\Desktop\EMPLEOS JESS\dataconnect`
 {"metadata":{"emulator":{"name":"dataconnect"},"message":"E0831 16:42:43.973720    2480 watch.go:40] Failed to load config from \"c:\\\\Users\\\\user\\\\Desktop\\\\EMPLEOS JESS\\\\dataconnect\": could not find dataconnect.yaml in `c:\\Users\\user\\Desktop\\EMPLEOS JESS\\dataconnect`\n"}}
[debug] [2026-08-31T20:42:53.974Z] E0831 16:42:53.974226    2480 watch.go:40] Failed to load config from "c:\\Users\\user\\Desktop\\EMPLEOS JESS\\dataconnect": could not find dataconnect.yaml in `c:\Users\user\Desktop\EMPLEOS JESS\dataconnect`
 {"metadata":{"emulator":{"name":"dataconnect"},"message":"E0831 16:42:53.974226    2480 watch.go:40] Failed to load config from \"c:\\\\Users\\\\user\\\\Desktop\\\\EMPLEOS JESS\\\\dataconnect\": could not find dataconnect.yaml in `c:\\Users\\user\\Desktop\\EMPLEOS JESS\\dataconnect`\n"}}
[debug] [2026-08-31T20:43:03.975Z] E0831 16:43:03.974049    2480 watch.go:40] Failed to load config from "c:\\Users\\user\\Desktop\\EMPLEOS JESS\\dataconnect": could not find dataconnect.yaml in `c:\Users\user\Desktop\EMPLEOS JESS\dataconnect`
 {"metadata":{"emulator":{"name":"dataconnect"},"message":"E0831 16:43:03.974049    2480 watch.go:40] Failed to load config from \"c:\\\\Users\\\\user\\\\Desktop\\\\EMPLEOS JESS\\\\dataconnect\": could not find dataconnect.yaml in `c:\\Users\\user\\Desktop\\EMPLEOS JESS\\dataconnect`\n"}}
[debug] [2026-08-31T20:43:13.973Z] E0831 16:43:13.973075    2480 watch.go:40] Failed to load config from "c:\\Users\\user\\Desktop\\EMPLEOS JESS\\dataconnect": could not find dataconnect.yaml in `c:\Users\user\Desktop\EMPLEOS JESS\dataconnect`
 {"metadata":{"emulator":{"name":"dataconnect"},"message":"E0831 16:43:13.973075    2480 watch.go:40] Failed to load config from \"c:\\\\Users\\\\user\\\\Desktop\\\\EMPLEOS JESS\\\\dataconnect\": could not find dataconnect.yaml in `c:\\Users\\user\\Desktop\\EMPLEOS JESS\\dataconnect`\n"}}
[debug] [2026-08-31T20:43:23.975Z] E0831 16:43:23.975048    2480 watch.go:40] Failed to load config from "c:\\Users\\user\\Desktop\\EMPLEOS JESS\\dataconnect": could not find dataconnect.yaml in `c:\Users\user\Desktop\EMPLEOS JESS\dataconnect`
 {"metadata":{"emulator":{"name":"dataconnect"},"message":"E0831 16:43:23.975048    2480 watch.go:40] Failed to load config from \"c:\\\\Users\\\\user\\\\Desktop\\\\EMPLEOS JESS\\\\dataconnect\": could not find dataconnect.yaml in `c:\\Users\\user\\Desktop\\EMPLEOS JESS\\dataconnect`\n"}}
[debug] [2026-08-31T20:43:33.973Z] E0831 16:43:33.972689    2480 watch.go:116] watchAllDir unable to walk dir `c:\Users\user\Desktop\EMPLEOS JESS\dataconnect`: GetFileAttributesEx c:\Users\user\Desktop\EMPLEOS JESS\dataconnect: The system cannot find the file specified.
 {"metadata":{"emulator":{"name":"dataconnect"},"message":"E0831 16:43:33.972689    2480 watch.go:116] watchAllDir unable to walk dir `c:\\Users\\user\\Desktop\\EMPLEOS JESS\\dataconnect`: GetFileAttributesEx c:\\Users\\user\\Desktop\\EMPLEOS JESS\\dataconnect: The system cannot find the file specified.\n"}}
[debug] [2026-08-31T20:43:33.974Z] E0831 16:43:33.973231    2480 watch.go:40] Failed to load config from "c:\\Users\\user\\Desktop\\EMPLEOS JESS\\dataconnect": could not find dataconnect.yaml in `c:\Users\user\Desktop\EMPLEOS JESS\dataconnect`
 {"metadata":{"emulator":{"name":"dataconnect"},"message":"E0831 16:43:33.973231    2480 watch.go:40] Failed to load config from \"c:\\\\Users\\\\user\\\\Desktop\\\\EMPLEOS JESS\\\\dataconnect\": could not find dataconnect.yaml in `c:\\Users\\user\\Desktop\\EMPLEOS JESS\\dataconnect`\n"}}
[debug] [2026-08-31T20:43:43.973Z] E0831 16:43:43.973604    2480 watch.go:40] Failed to load config from "c:\\Users\\user\\Desktop\\EMPLEOS JESS\\dataconnect": could not find dataconnect.yaml in `c:\Users\user\Desktop\EMPLEOS JESS\dataconnect`
 {"metadata":{"emulator":{"name":"dataconnect"},"message":"E0831 16:43:43.973604    2480 watch.go:40] Failed to load config from \"c:\\\\Users\\\\user\\\\Desktop\\\\EMPLEOS JESS\\\\dataconnect\": could not find dataconnect.yaml in `c:\\Users\\user\\Desktop\\EMPLEOS JESS\\dataconnect`\n"}}
[debug] [2026-08-31T20:43:53.972Z] E0831 16:43:53.972404    2480 watch.go:40] Failed to load config from "c:\\Users\\user\\Desktop\\EMPLEOS JESS\\dataconnect": could not find dataconnect.yaml in `c:\Users\user\Desktop\EMPLEOS JESS\dataconnect`
 {"metadata":{"emulator":{"name":"dataconnect"},"message":"E0831 16:43:53.972404    2480 watch.go:40] Failed to load config from \"c:\\\\Users\\\\user\\\\Desktop\\\\EMPLEOS JESS\\\\dataconnect\": could not find dataconnect.yaml in `c:\\Users\\user\\Desktop\\EMPLEOS JESS\\dataconnect`\n"}}
[debug] [2026-08-31T20:44:03.973Z] E0831 16:44:03.973032    2480 watch.go:40] Failed to load config from "c:\\Users\\user\\Desktop\\EMPLEOS JESS\\dataconnect": could not find dataconnect.yaml in `c:\Users\user\Desktop\EMPLEOS JESS\dataconnect`
 {"metadata":{"emulator":{"name":"dataconnect"},"message":"E0831 16:44:03.973032    2480 watch.go:40] Failed to load config from \"c:\\\\Users\\\\user\\\\Desktop\\\\EMPLEOS JESS\\\\dataconnect\": could not find dataconnect.yaml in `c:\\Users\\user\\Desktop\\EMPLEOS JESS\\dataconnect`\n"}}
[debug] [2026-08-31T20:44:13.972Z] E0831 16:44:13.972969    2480 watch.go:40] Failed to load config from "c:\\Users\\user\\Desktop\\EMPLEOS JESS\\dataconnect": could not find dataconnect.yaml in `c:\Users\user\Desktop\EMPLEOS JESS\dataconnect`
 {"metadata":{"emulator":{"name":"dataconnect"},"message":"E0831 16:44:13.972969    2480 watch.go:40] Failed to load config from \"c:\\\\Users\\\\user\\\\Desktop\\\\EMPLEOS JESS\\\\dataconnect\": could not find dataconnect.yaml in `c:\\Users\\user\\Desktop\\EMPLEOS JESS\\dataconnect`\n"}}
[debug] [2026-08-31T20:44:23.974Z] E0831 16:44:23.974113    2480 watch.go:40] Failed to load config from "c:\\Users\\user\\Desktop\\EMPLEOS JESS\\dataconnect": could not find dataconnect.yaml in `c:\Users\user\Desktop\EMPLEOS JESS\dataconnect`
 {"metadata":{"emulator":{"name":"dataconnect"},"message":"E0831 16:44:23.974113    2480 watch.go:40] Failed to load config from \"c:\\\\Users\\\\user\\\\Desktop\\\\EMPLEOS JESS\\\\dataconnect\": could not find dataconnect.yaml in `c:\\Users\\user\\Desktop\\EMPLEOS JESS\\dataconnect`\n"}}
[debug] [2026-08-31T20:44:33.972Z] E0831 16:44:33.972491    2480 watch.go:116] watchAllDir unable to walk dir `c:\Users\user\Desktop\EMPLEOS JESS\dataconnect`: GetFileAttributesEx c:\Users\user\Desktop\EMPLEOS JESS\dataconnect: The system cannot find the file specified.
 {"metadata":{"emulator":{"name":"dataconnect"},"message":"E0831 16:44:33.972491    2480 watch.go:116] watchAllDir unable to walk dir `c:\\Users\\user\\Desktop\\EMPLEOS JESS\\dataconnect`: GetFileAttributesEx c:\\Users\\user\\Desktop\\EMPLEOS JESS\\dataconnect: The system cannot find the file specified.\n"}}
[debug] [2026-08-31T20:44:33.974Z] E0831 16:44:33.973710    2480 watch.go:40] Failed to load config from "c:\\Users\\user\\Desktop\\EMPLEOS JESS\\dataconnect": could not find dataconnect.yaml in `c:\Users\user\Desktop\EMPLEOS JESS\dataconnect`
 {"metadata":{"emulator":{"name":"dataconnect"},"message":"E0831 16:44:33.973710    2480 watch.go:40] Failed to load config from \"c:\\\\Users\\\\user\\\\Desktop\\\\EMPLEOS JESS\\\\dataconnect\": could not find dataconnect.yaml in `c:\\Users\\user\\Desktop\\EMPLEOS JESS\\dataconnect`\n"}}
[debug] [2026-08-31T20:44:43.974Z] E0831 16:44:43.973636    2480 watch.go:40] Failed to load config from "c:\\Users\\user\\Desktop\\EMPLEOS JESS\\dataconnect": could not find dataconnect.yaml in `c:\Users\user\Desktop\EMPLEOS JESS\dataconnect`
 {"metadata":{"emulator":{"name":"dataconnect"},"message":"E0831 16:44:43.973636    2480 watch.go:40] Failed to load config from \"c:\\\\Users\\\\user\\\\Desktop\\\\EMPLEOS JESS\\\\dataconnect\": could not find dataconnect.yaml in `c:\\Users\\user\\Desktop\\EMPLEOS JESS\\dataconnect`\n"}}
[debug] [2026-08-31T20:44:53.973Z] E0831 16:44:53.973200    2480 watch.go:40] Failed to load config from "c:\\Users\\user\\Desktop\\EMPLEOS JESS\\dataconnect": could not find dataconnect.yaml in `c:\Users\user\Desktop\EMPLEOS JESS\dataconnect`
 {"metadata":{"emulator":{"name":"dataconnect"},"message":"E0831 16:44:53.973200    2480 watch.go:40] Failed to load config from \"c:\\\\Users\\\\user\\\\Desktop\\\\EMPLEOS JESS\\\\dataconnect\": could not find dataconnect.yaml in `c:\\Users\\user\\Desktop\\EMPLEOS JESS\\dataconnect`\n"}}
[debug] [2026-08-31T20:45:03.972Z] E0831 16:45:03.972442    2480 watch.go:40] Failed to load config from "c:\\Users\\user\\Desktop\\EMPLEOS JESS\\dataconnect": could not find dataconnect.yaml in `c:\Users\user\Desktop\EMPLEOS JESS\dataconnect`
 {"metadata":{"emulator":{"name":"dataconnect"},"message":"E0831 16:45:03.972442    2480 watch.go:40] Failed to load config from \"c:\\\\Users\\\\user\\\\Desktop\\\\EMPLEOS JESS\\\\dataconnect\": could not find dataconnect.yaml in `c:\\Users\\user\\Desktop\\EMPLEOS JESS\\dataconnect`\n"}}
[debug] [2026-08-31T20:45:13.974Z] E0831 16:45:13.973464    2480 watch.go:40] Failed to load config from "c:\\Users\\user\\Desktop\\EMPLEOS JESS\\dataconnect": could not find dataconnect.yaml in `c:\Users\user\Desktop\EMPLEOS JESS\dataconnect`
 {"metadata":{"emulator":{"name":"dataconnect"},"message":"E0831 16:45:13.973464    2480 watch.go:40] Failed to load config from \"c:\\\\Users\\\\user\\\\Desktop\\\\EMPLEOS JESS\\\\dataconnect\": could not find dataconnect.yaml in `c:\\Users\\user\\Desktop\\EMPLEOS JESS\\dataconnect`\n"}}
[debug] [2026-08-31T20:45:23.973Z] E0831 16:45:23.972955    2480 watch.go:40] Failed to load config from "c:\\Users\\user\\Desktop\\EMPLEOS JESS\\dataconnect": could not find dataconnect.yaml in `c:\Users\user\Desktop\EMPLEOS JESS\dataconnect`
 {"metadata":{"emulator":{"name":"dataconnect"},"message":"E0831 16:45:23.972955    2480 watch.go:40] Failed to load config from \"c:\\\\Users\\\\user\\\\Desktop\\\\EMPLEOS JESS\\\\dataconnect\": could not find dataconnect.yaml in `c:\\Users\\user\\Desktop\\EMPLEOS JESS\\dataconnect`\n"}}
[debug] [2026-08-31T20:45:33.973Z] E0831 16:45:33.973430    2480 watch.go:116] watchAllDir unable to walk dir `c:\Users\user\Desktop\EMPLEOS JESS\dataconnect`: GetFileAttributesEx c:\Users\user\Desktop\EMPLEOS JESS\dataconnect: The system cannot find the file specified.
 {"metadata":{"emulator":{"name":"dataconnect"},"message":"E0831 16:45:33.973430    2480 watch.go:116] watchAllDir unable to walk dir `c:\\Users\\user\\Desktop\\EMPLEOS JESS\\dataconnect`: GetFileAttributesEx c:\\Users\\user\\Desktop\\EMPLEOS JESS\\dataconnect: The system cannot find the file specified.\n"}}
[debug] [2026-08-31T20:45:33.974Z] E0831 16:45:33.973983    2480 watch.go:40] Failed to load config from "c:\\Users\\user\\Desktop\\EMPLEOS JESS\\dataconnect": could not find dataconnect.yaml in `c:\Users\user\Desktop\EMPLEOS JESS\dataconnect`
 {"metadata":{"emulator":{"name":"dataconnect"},"message":"E0831 16:45:33.973983    2480 watch.go:40] Failed to load config from \"c:\\\\Users\\\\user\\\\Desktop\\\\EMPLEOS JESS\\\\dataconnect\": could not find dataconnect.yaml in `c:\\Users\\user\\Desktop\\EMPLEOS JESS\\dataconnect`\n"}}
[debug] [2026-08-31T20:45:43.975Z] E0831 16:45:43.975219    2480 watch.go:40] Failed to load config from "c:\\Users\\user\\Desktop\\EMPLEOS JESS\\dataconnect": could not find dataconnect.yaml in `c:\Users\user\Desktop\EMPLEOS JESS\dataconnect`
 {"metadata":{"emulator":{"name":"dataconnect"},"message":"E0831 16:45:43.975219    2480 watch.go:40] Failed to load config from \"c:\\\\Users\\\\user\\\\Desktop\\\\EMPLEOS JESS\\\\dataconnect\": could not find dataconnect.yaml in `c:\\Users\\user\\Desktop\\EMPLEOS JESS\\dataconnect`\n"}}
[debug] [2026-08-31T20:45:53.974Z] E0831 16:45:53.974120    2480 watch.go:40] Failed to load config from "c:\\Users\\user\\Desktop\\EMPLEOS JESS\\dataconnect": could not find dataconnect.yaml in `c:\Users\user\Desktop\EMPLEOS JESS\dataconnect`
 {"metadata":{"emulator":{"name":"dataconnect"},"message":"E0831 16:45:53.974120    2480 watch.go:40] Failed to load config from \"c:\\\\Users\\\\user\\\\Desktop\\\\EMPLEOS JESS\\\\dataconnect\": could not find dataconnect.yaml in `c:\\Users\\user\\Desktop\\EMPLEOS JESS\\dataconnect`\n"}}
[debug] [2026-08-31T20:46:03.974Z] E0831 16:46:03.974564    2480 watch.go:40] Failed to load config from "c:\\Users\\user\\Desktop\\EMPLEOS JESS\\dataconnect": could not find dataconnect.yaml in `c:\Users\user\Desktop\EMPLEOS JESS\dataconnect`
 {"metadata":{"emulator":{"name":"dataconnect"},"message":"E0831 16:46:03.974564    2480 watch.go:40] Failed to load config from \"c:\\\\Users\\\\user\\\\Desktop\\\\EMPLEOS JESS\\\\dataconnect\": could not find dataconnect.yaml in `c:\\Users\\user\\Desktop\\EMPLEOS JESS\\dataconnect`\n"}}
[debug] [2026-08-31T20:46:13.973Z] E0831 16:46:13.973700    2480 watch.go:40] Failed to load config from "c:\\Users\\user\\Desktop\\EMPLEOS JESS\\dataconnect": could not find dataconnect.yaml in `c:\Users\user\Desktop\EMPLEOS JESS\dataconnect`
 {"metadata":{"emulator":{"name":"dataconnect"},"message":"E0831 16:46:13.973700    2480 watch.go:40] Failed to load config from \"c:\\\\Users\\\\user\\\\Desktop\\\\EMPLEOS JESS\\\\dataconnect\": could not find dataconnect.yaml in `c:\\Users\\user\\Desktop\\EMPLEOS JESS\\dataconnect`\n"}}
[debug] [2026-08-31T20:46:23.973Z] E0831 16:46:23.973413    2480 watch.go:40] Failed to load config from "c:\\Users\\user\\Desktop\\EMPLEOS JESS\\dataconnect": could not find dataconnect.yaml in `c:\Users\user\Desktop\EMPLEOS JESS\dataconnect`
 {"metadata":{"emulator":{"name":"dataconnect"},"message":"E0831 16:46:23.973413    2480 watch.go:40] Failed to load config from \"c:\\\\Users\\\\user\\\\Desktop\\\\EMPLEOS JESS\\\\dataconnect\": could not find dataconnect.yaml in `c:\\Users\\user\\Desktop\\EMPLEOS JESS\\dataconnect`\n"}}
[debug] [2026-08-31T20:46:33.973Z] E0831 16:46:33.972566    2480 watch.go:116] watchAllDir unable to walk dir `c:\Users\user\Desktop\EMPLEOS JESS\dataconnect`: GetFileAttributesEx c:\Users\user\Desktop\EMPLEOS JESS\dataconnect: The system cannot find the file specified.
E0831 16:46:33.972566    2480 watch.go:40] Failed to load config from "c:\\Users\\user\\Desktop\\EMPLEOS JESS\\dataconnect": could not find dataconnect.yaml in `c:\Users\user\Desktop\EMPLEOS JESS\dataconnect`
 {"metadata":{"emulator":{"name":"dataconnect"},"message":"E0831 16:46:33.972566    2480 watch.go:116] watchAllDir unable to walk dir `c:\\Users\\user\\Desktop\\EMPLEOS JESS\\dataconnect`: GetFileAttributesEx c:\\Users\\user\\Desktop\\EMPLEOS JESS\\dataconnect: The system cannot find the file specified.\nE0831 16:46:33.972566    2480 watch.go:40] Failed to load config from \"c:\\\\Users\\\\user\\\\Desktop\\\\EMPLEOS JESS\\\\dataconnect\": could not find dataconnect.yaml in `c:\\Users\\user\\Desktop\\EMPLEOS JESS\\dataconnect`\n"}}
[debug] [2026-08-31T20:46:43.974Z] E0831 16:46:43.973568    2480 watch.go:40] Failed to load config from "c:\\Users\\user\\Desktop\\EMPLEOS JESS\\dataconnect": could not find dataconnect.yaml in `c:\Users\user\Desktop\EMPLEOS JESS\dataconnect`
 {"metadata":{"emulator":{"name":"dataconnect"},"message":"E0831 16:46:43.973568    2480 watch.go:40] Failed to load config from \"c:\\\\Users\\\\user\\\\Desktop\\\\EMPLEOS JESS\\\\dataconnect\": could not find dataconnect.yaml in `c:\\Users\\user\\Desktop\\EMPLEOS JESS\\dataconnect`\n"}}
[debug] [2026-08-31T20:46:53.972Z] E0831 16:46:53.972481    2480 watch.go:40] Failed to load config from "c:\\Users\\user\\Desktop\\EMPLEOS JESS\\dataconnect": could not find dataconnect.yaml in `c:\Users\user\Desktop\EMPLEOS JESS\dataconnect`
 {"metadata":{"emulator":{"name":"dataconnect"},"message":"E0831 16:46:53.972481    2480 watch.go:40] Failed to load config from \"c:\\\\Users\\\\user\\\\Desktop\\\\EMPLEOS JESS\\\\dataconnect\": could not find dataconnect.yaml in `c:\\Users\\user\\Desktop\\EMPLEOS JESS\\dataconnect`\n"}}
[debug] [2026-08-31T20:47:03.972Z] E0831 16:47:03.973182    2480 watch.go:40] Failed to load config from "c:\\Users\\user\\Desktop\\EMPLEOS JESS\\dataconnect": could not find dataconnect.yaml in `c:\Users\user\Desktop\EMPLEOS JESS\dataconnect`
 {"metadata":{"emulator":{"name":"dataconnect"},"message":"E0831 16:47:03.973182    2480 watch.go:40] Failed to load config from \"c:\\\\Users\\\\user\\\\Desktop\\\\EMPLEOS JESS\\\\dataconnect\": could not find dataconnect.yaml in `c:\\Users\\user\\Desktop\\EMPLEOS JESS\\dataconnect`\n"}}
[debug] [2026-08-31T20:47:13.972Z] E0831 16:47:13.973288    2480 watch.go:40] Failed to load config from "c:\\Users\\user\\Desktop\\EMPLEOS JESS\\dataconnect": could not find dataconnect.yaml in `c:\Users\user\Desktop\EMPLEOS JESS\dataconnect`
 {"metadata":{"emulator":{"name":"dataconnect"},"message":"E0831 16:47:13.973288    2480 watch.go:40] Failed to load config from \"c:\\\\Users\\\\user\\\\Desktop\\\\EMPLEOS JESS\\\\dataconnect\": could not find dataconnect.yaml in `c:\\Users\\user\\Desktop\\EMPLEOS JESS\\dataconnect`\n"}}
[debug] [2026-08-31T20:47:23.974Z] E0831 16:47:23.974788    2480 watch.go:40] Failed to load config from "c:\\Users\\user\\Desktop\\EMPLEOS JESS\\dataconnect": could not find dataconnect.yaml in `c:\Users\user\Desktop\EMPLEOS JESS\dataconnect`
 {"metadata":{"emulator":{"name":"dataconnect"},"message":"E0831 16:47:23.974788    2480 watch.go:40] Failed to load config from \"c:\\\\Users\\\\user\\\\Desktop\\\\EMPLEOS JESS\\\\dataconnect\": could not find dataconnect.yaml in `c:\\Users\\user\\Desktop\\EMPLEOS JESS\\dataconnect`\n"}}
[debug] [2026-08-31T20:47:33.972Z] E0831 16:47:33.972881    2480 watch.go:116] watchAllDir unable to walk dir `c:\Users\user\Desktop\EMPLEOS JESS\dataconnect`: GetFileAttributesEx c:\Users\user\Desktop\EMPLEOS JESS\dataconnect: The system cannot find the file specified.
 {"metadata":{"emulator":{"name":"dataconnect"},"message":"E0831 16:47:33.972881    2480 watch.go:116] watchAllDir unable to walk dir `c:\\Users\\user\\Desktop\\EMPLEOS JESS\\dataconnect`: GetFileAttributesEx c:\\Users\\user\\Desktop\\EMPLEOS JESS\\dataconnect: The system cannot find the file specified.\n"}}
[debug] [2026-08-31T20:47:33.972Z] E0831 16:47:33.972881    2480 watch.go:40] Failed to load config from "c:\\Users\\user\\Desktop\\EMPLEOS JESS\\dataconnect": could not find dataconnect.yaml in `c:\Users\user\Desktop\EMPLEOS JESS\dataconnect`
 {"metadata":{"emulator":{"name":"dataconnect"},"message":"E0831 16:47:33.972881    2480 watch.go:40] Failed to load config from \"c:\\\\Users\\\\user\\\\Desktop\\\\EMPLEOS JESS\\\\dataconnect\": could not find dataconnect.yaml in `c:\\Users\\user\\Desktop\\EMPLEOS JESS\\dataconnect`\n"}}
[debug] [2026-08-31T20:47:43.972Z] E0831 16:47:43.973149    2480 watch.go:40] Failed to load config from "c:\\Users\\user\\Desktop\\EMPLEOS JESS\\dataconnect": could not find dataconnect.yaml in `c:\Users\user\Desktop\EMPLEOS JESS\dataconnect`
 {"metadata":{"emulator":{"name":"dataconnect"},"message":"E0831 16:47:43.973149    2480 watch.go:40] Failed to load config from \"c:\\\\Users\\\\user\\\\Desktop\\\\EMPLEOS JESS\\\\dataconnect\": could not find dataconnect.yaml in `c:\\Users\\user\\Desktop\\EMPLEOS JESS\\dataconnect`\n"}}
[debug] [2026-08-31T20:47:53.972Z] E0831 16:47:53.972726    2480 watch.go:40] Failed to load config from "c:\\Users\\user\\Desktop\\EMPLEOS JESS\\dataconnect": could not find dataconnect.yaml in `c:\Users\user\Desktop\EMPLEOS JESS\dataconnect`
 {"metadata":{"emulator":{"name":"dataconnect"},"message":"E0831 16:47:53.972726    2480 watch.go:40] Failed to load config from \"c:\\\\Users\\\\user\\\\Desktop\\\\EMPLEOS JESS\\\\dataconnect\": could not find dataconnect.yaml in `c:\\Users\\user\\Desktop\\EMPLEOS JESS\\dataconnect`\n"}}
[debug] [2026-08-31T20:48:03.974Z] E0831 16:48:03.974019    2480 watch.go:40] Failed to load config from "c:\\Users\\user\\Desktop\\EMPLEOS JESS\\dataconnect": could not find dataconnect.yaml in `c:\Users\user\Desktop\EMPLEOS JESS\dataconnect`
 {"metadata":{"emulator":{"name":"dataconnect"},"message":"E0831 16:48:03.974019    2480 watch.go:40] Failed to load config from \"c:\\\\Users\\\\user\\\\Desktop\\\\EMPLEOS JESS\\\\dataconnect\": could not find dataconnect.yaml in `c:\\Users\\user\\Desktop\\EMPLEOS JESS\\dataconnect`\n"}}
[debug] [2026-08-31T20:48:13.972Z] E0831 16:48:13.972389    2480 watch.go:40] Failed to load config from "c:\\Users\\user\\Desktop\\EMPLEOS JESS\\dataconnect": could not find dataconnect.yaml in `c:\Users\user\Desktop\EMPLEOS JESS\dataconnect`
 {"metadata":{"emulator":{"name":"dataconnect"},"message":"E0831 16:48:13.972389    2480 watch.go:40] Failed to load config from \"c:\\\\Users\\\\user\\\\Desktop\\\\EMPLEOS JESS\\\\dataconnect\": could not find dataconnect.yaml in `c:\\Users\\user\\Desktop\\EMPLEOS JESS\\dataconnect`\n"}}
[debug] [2026-08-31T20:48:23.991Z] E0831 16:48:23.991162    2480 watch.go:40] Failed to load config from "c:\\Users\\user\\Desktop\\EMPLEOS JESS\\dataconnect": could not find dataconnect.yaml in `c:\Users\user\Desktop\EMPLEOS JESS\dataconnect`
 {"metadata":{"emulator":{"name":"dataconnect"},"message":"E0831 16:48:23.991162    2480 watch.go:40] Failed to load config from \"c:\\\\Users\\\\user\\\\Desktop\\\\EMPLEOS JESS\\\\dataconnect\": could not find dataconnect.yaml in `c:\\Users\\user\\Desktop\\EMPLEOS JESS\\dataconnect`\n"}}
[debug] [2026-08-31T20:48:33.972Z] E0831 16:48:33.972372    2480 watch.go:116] watchAllDir unable to walk dir `c:\Users\user\Desktop\EMPLEOS JESS\dataconnect`: GetFileAttributesEx c:\Users\user\Desktop\EMPLEOS JESS\dataconnect: The system cannot find the file specified.
 {"metadata":{"emulator":{"name":"dataconnect"},"message":"E0831 16:48:33.972372    2480 watch.go:116] watchAllDir unable to walk dir `c:\\Users\\user\\Desktop\\EMPLEOS JESS\\dataconnect`: GetFileAttributesEx c:\\Users\\user\\Desktop\\EMPLEOS JESS\\dataconnect: The system cannot find the file specified.\n"}}
[debug] [2026-08-31T20:48:33.973Z] E0831 16:48:33.972834    2480 watch.go:40] Failed to load config from "c:\\Users\\user\\Desktop\\EMPLEOS JESS\\dataconnect": could not find dataconnect.yaml in `c:\Users\user\Desktop\EMPLEOS JESS\dataconnect`
 {"metadata":{"emulator":{"name":"dataconnect"},"message":"E0831 16:48:33.972834    2480 watch.go:40] Failed to load config from \"c:\\\\Users\\\\user\\\\Desktop\\\\EMPLEOS JESS\\\\dataconnect\": could not find dataconnect.yaml in `c:\\Users\\user\\Desktop\\EMPLEOS JESS\\dataconnect`\n"}}
[debug] [2026-08-31T20:48:43.973Z] E0831 16:48:43.973755    2480 watch.go:40] Failed to load config from "c:\\Users\\user\\Desktop\\EMPLEOS JESS\\dataconnect": could not find dataconnect.yaml in `c:\Users\user\Desktop\EMPLEOS JESS\dataconnect`
 {"metadata":{"emulator":{"name":"dataconnect"},"message":"E0831 16:48:43.973755    2480 watch.go:40] Failed to load config from \"c:\\\\Users\\\\user\\\\Desktop\\\\EMPLEOS JESS\\\\dataconnect\": could not find dataconnect.yaml in `c:\\Users\\user\\Desktop\\EMPLEOS JESS\\dataconnect`\n"}}
[debug] [2026-08-31T20:48:53.973Z] E0831 16:48:53.973200    2480 watch.go:40] Failed to load config from "c:\\Users\\user\\Desktop\\EMPLEOS JESS\\dataconnect": could not find dataconnect.yaml in `c:\Users\user\Desktop\EMPLEOS JESS\dataconnect`
 {"metadata":{"emulator":{"name":"dataconnect"},"message":"E0831 16:48:53.973200    2480 watch.go:40] Failed to load config from \"c:\\\\Users\\\\user\\\\Desktop\\\\EMPLEOS JESS\\\\dataconnect\": could not find dataconnect.yaml in `c:\\Users\\user\\Desktop\\EMPLEOS JESS\\dataconnect`\n"}}
[debug] [2026-08-31T20:49:03.972Z] E0831 16:49:03.972230    2480 watch.go:40] Failed to load config from "c:\\Users\\user\\Desktop\\EMPLEOS JESS\\dataconnect": could not find dataconnect.yaml in `c:\Users\user\Desktop\EMPLEOS JESS\dataconnect`
 {"metadata":{"emulator":{"name":"dataconnect"},"message":"E0831 16:49:03.972230    2480 watch.go:40] Failed to load config from \"c:\\\\Users\\\\user\\\\Desktop\\\\EMPLEOS JESS\\\\dataconnect\": could not find dataconnect.yaml in `c:\\Users\\user\\Desktop\\EMPLEOS JESS\\dataconnect`\n"}}
[debug] [2026-08-31T20:49:13.974Z] E0831 16:49:13.973322    2480 watch.go:40] Failed to load config from "c:\\Users\\user\\Desktop\\EMPLEOS JESS\\dataconnect": could not find dataconnect.yaml in `c:\Users\user\Desktop\EMPLEOS JESS\dataconnect`
 {"metadata":{"emulator":{"name":"dataconnect"},"message":"E0831 16:49:13.973322    2480 watch.go:40] Failed to load config from \"c:\\\\Users\\\\user\\\\Desktop\\\\EMPLEOS JESS\\\\dataconnect\": could not find dataconnect.yaml in `c:\\Users\\user\\Desktop\\EMPLEOS JESS\\dataconnect`\n"}}
[debug] [2026-08-31T20:49:23.973Z] E0831 16:49:23.973076    2480 watch.go:40] Failed to load config from "c:\\Users\\user\\Desktop\\EMPLEOS JESS\\dataconnect": could not find dataconnect.yaml in `c:\Users\user\Desktop\EMPLEOS JESS\dataconnect`
 {"metadata":{"emulator":{"name":"dataconnect"},"message":"E0831 16:49:23.973076    2480 watch.go:40] Failed to load config from \"c:\\\\Users\\\\user\\\\Desktop\\\\EMPLEOS JESS\\\\dataconnect\": could not find dataconnect.yaml in `c:\\Users\\user\\Desktop\\EMPLEOS JESS\\dataconnect`\n"}}
[debug] [2026-08-31T20:49:33.972Z] E0831 16:49:33.972524    2480 watch.go:116] watchAllDir unable to walk dir `c:\Users\user\Desktop\EMPLEOS JESS\dataconnect`: GetFileAttributesEx c:\Users\user\Desktop\EMPLEOS JESS\dataconnect: The system cannot find the file specified.
 {"metadata":{"emulator":{"name":"dataconnect"},"message":"E0831 16:49:33.972524    2480 watch.go:116] watchAllDir unable to walk dir `c:\\Users\\user\\Desktop\\EMPLEOS JESS\\dataconnect`: GetFileAttributesEx c:\\Users\\user\\Desktop\\EMPLEOS JESS\\dataconnect: The system cannot find the file specified.\n"}}
[debug] [2026-08-31T20:49:33.973Z] E0831 16:49:33.972524    2480 watch.go:40] Failed to load config from "c:\\Users\\user\\Desktop\\EMPLEOS JESS\\dataconnect": could not find dataconnect.yaml in `c:\Users\user\Desktop\EMPLEOS JESS\dataconnect`
 {"metadata":{"emulator":{"name":"dataconnect"},"message":"E0831 16:49:33.972524    2480 watch.go:40] Failed to load config from \"c:\\\\Users\\\\user\\\\Desktop\\\\EMPLEOS JESS\\\\dataconnect\": could not find dataconnect.yaml in `c:\\Users\\user\\Desktop\\EMPLEOS JESS\\dataconnect`\n"}}
[debug] [2026-08-31T20:49:43.974Z] E0831 16:49:43.974174    2480 watch.go:40] Failed to load config from "c:\\Users\\user\\Desktop\\EMPLEOS JESS\\dataconnect": could not find dataconnect.yaml in `c:\Users\user\Desktop\EMPLEOS JESS\dataconnect`
 {"metadata":{"emulator":{"name":"dataconnect"},"message":"E0831 16:49:43.974174    2480 watch.go:40] Failed to load config from \"c:\\\\Users\\\\user\\\\Desktop\\\\EMPLEOS JESS\\\\dataconnect\": could not find dataconnect.yaml in `c:\\Users\\user\\Desktop\\EMPLEOS JESS\\dataconnect`\n"}}
[debug] [2026-08-31T20:49:53.973Z] E0831 16:49:53.972769    2480 watch.go:40] Failed to load config from "c:\\Users\\user\\Desktop\\EMPLEOS JESS\\dataconnect": could not find dataconnect.yaml in `c:\Users\user\Desktop\EMPLEOS JESS\dataconnect`
 {"metadata":{"emulator":{"name":"dataconnect"},"message":"E0831 16:49:53.972769    2480 watch.go:40] Failed to load config from \"c:\\\\Users\\\\user\\\\Desktop\\\\EMPLEOS JESS\\\\dataconnect\": could not find dataconnect.yaml in `c:\\Users\\user\\Desktop\\EMPLEOS JESS\\dataconnect`\n"}}
[debug] [2026-08-31T20:50:03.975Z] E0831 16:50:03.975700    2480 watch.go:40] Failed to load config from "c:\\Users\\user\\Desktop\\EMPLEOS JESS\\dataconnect": could not find dataconnect.yaml in `c:\Users\user\Desktop\EMPLEOS JESS\dataconnect`
 {"metadata":{"emulator":{"name":"dataconnect"},"message":"E0831 16:50:03.975700    2480 watch.go:40] Failed to load config from \"c:\\\\Users\\\\user\\\\Desktop\\\\EMPLEOS JESS\\\\dataconnect\": could not find dataconnect.yaml in `c:\\Users\\user\\Desktop\\EMPLEOS JESS\\dataconnect`\n"}}
[debug] [2026-08-31T20:50:13.973Z] E0831 16:50:13.974008    2480 watch.go:40] Failed to load config from "c:\\Users\\user\\Desktop\\EMPLEOS JESS\\dataconnect": could not find dataconnect.yaml in `c:\Users\user\Desktop\EMPLEOS JESS\dataconnect`
 {"metadata":{"emulator":{"name":"dataconnect"},"message":"E0831 16:50:13.974008    2480 watch.go:40] Failed to load config from \"c:\\\\Users\\\\user\\\\Desktop\\\\EMPLEOS JESS\\\\dataconnect\": could not find dataconnect.yaml in `c:\\Users\\user\\Desktop\\EMPLEOS JESS\\dataconnect`\n"}}
[debug] [2026-08-31T20:50:24.010Z] E0831 16:50:24.010256    2480 watch.go:40] Failed to load config from "c:\\Users\\user\\Desktop\\EMPLEOS JESS\\dataconnect": could not find dataconnect.yaml in `c:\Users\user\Desktop\EMPLEOS JESS\dataconnect`
 {"metadata":{"emulator":{"name":"dataconnect"},"message":"E0831 16:50:24.010256    2480 watch.go:40] Failed to load config from \"c:\\\\Users\\\\user\\\\Desktop\\\\EMPLEOS JESS\\\\dataconnect\": could not find dataconnect.yaml in `c:\\Users\\user\\Desktop\\EMPLEOS JESS\\dataconnect`\n"}}
[debug] [2026-08-31T20:50:33.973Z] E0831 16:50:33.973758    2480 watch.go:116] watchAllDir unable to walk dir `c:\Users\user\Desktop\EMPLEOS JESS\dataconnect`: GetFileAttributesEx c:\Users\user\Desktop\EMPLEOS JESS\dataconnect: The system cannot find the file specified.
 {"metadata":{"emulator":{"name":"dataconnect"},"message":"E0831 16:50:33.973758    2480 watch.go:116] watchAllDir unable to walk dir `c:\\Users\\user\\Desktop\\EMPLEOS JESS\\dataconnect`: GetFileAttributesEx c:\\Users\\user\\Desktop\\EMPLEOS JESS\\dataconnect: The system cannot find the file specified.\n"}}
[debug] [2026-08-31T20:50:33.974Z] E0831 16:50:33.973758    2480 watch.go:40] Failed to load config from "c:\\Users\\user\\Desktop\\EMPLEOS JESS\\dataconnect": could not find dataconnect.yaml in `c:\Users\user\Desktop\EMPLEOS JESS\dataconnect`
 {"metadata":{"emulator":{"name":"dataconnect"},"message":"E0831 16:50:33.973758    2480 watch.go:40] Failed to load config from \"c:\\\\Users\\\\user\\\\Desktop\\\\EMPLEOS JESS\\\\dataconnect\": could not find dataconnect.yaml in `c:\\Users\\user\\Desktop\\EMPLEOS JESS\\dataconnect`\n"}}
[debug] [2026-08-31T20:50:43.974Z] E0831 16:50:43.974377    2480 watch.go:40] Failed to load config from "c:\\Users\\user\\Desktop\\EMPLEOS JESS\\dataconnect": could not find dataconnect.yaml in `c:\Users\user\Desktop\EMPLEOS JESS\dataconnect`
 {"metadata":{"emulator":{"name":"dataconnect"},"message":"E0831 16:50:43.974377    2480 watch.go:40] Failed to load config from \"c:\\\\Users\\\\user\\\\Desktop\\\\EMPLEOS JESS\\\\dataconnect\": could not find dataconnect.yaml in `c:\\Users\\user\\Desktop\\EMPLEOS JESS\\dataconnect`\n"}}
[debug] [2026-08-31T20:50:53.975Z] E0831 16:50:53.974877    2480 watch.go:40] Failed to load config from "c:\\Users\\user\\Desktop\\EMPLEOS JESS\\dataconnect": could not find dataconnect.yaml in `c:\Users\user\Desktop\EMPLEOS JESS\dataconnect`
 {"metadata":{"emulator":{"name":"dataconnect"},"message":"E0831 16:50:53.974877    2480 watch.go:40] Failed to load config from \"c:\\\\Users\\\\user\\\\Desktop\\\\EMPLEOS JESS\\\\dataconnect\": could not find dataconnect.yaml in `c:\\Users\\user\\Desktop\\EMPLEOS JESS\\dataconnect`\n"}}
[debug] [2026-08-31T20:51:03.973Z] E0831 16:51:03.973080    2480 watch.go:40] Failed to load config from "c:\\Users\\user\\Desktop\\EMPLEOS JESS\\dataconnect": could not find dataconnect.yaml in `c:\Users\user\Desktop\EMPLEOS JESS\dataconnect`
 {"metadata":{"emulator":{"name":"dataconnect"},"message":"E0831 16:51:03.973080    2480 watch.go:40] Failed to load config from \"c:\\\\Users\\\\user\\\\Desktop\\\\EMPLEOS JESS\\\\dataconnect\": could not find dataconnect.yaml in `c:\\Users\\user\\Desktop\\EMPLEOS JESS\\dataconnect`\n"}}
[debug] [2026-08-31T20:51:13.974Z] E0831 16:51:13.973262    2480 watch.go:40] Failed to load config from "c:\\Users\\user\\Desktop\\EMPLEOS JESS\\dataconnect": could not find dataconnect.yaml in `c:\Users\user\Desktop\EMPLEOS JESS\dataconnect`
 {"metadata":{"emulator":{"name":"dataconnect"},"message":"E0831 16:51:13.973262    2480 watch.go:40] Failed to load config from \"c:\\\\Users\\\\user\\\\Desktop\\\\EMPLEOS JESS\\\\dataconnect\": could not find dataconnect.yaml in `c:\\Users\\user\\Desktop\\EMPLEOS JESS\\dataconnect`\n"}}
[debug] [2026-08-31T20:51:23.972Z] E0831 16:51:23.972415    2480 watch.go:40] Failed to load config from "c:\\Users\\user\\Desktop\\EMPLEOS JESS\\dataconnect": could not find dataconnect.yaml in `c:\Users\user\Desktop\EMPLEOS JESS\dataconnect`
 {"metadata":{"emulator":{"name":"dataconnect"},"message":"E0831 16:51:23.972415    2480 watch.go:40] Failed to load config from \"c:\\\\Users\\\\user\\\\Desktop\\\\EMPLEOS JESS\\\\dataconnect\": could not find dataconnect.yaml in `c:\\Users\\user\\Desktop\\EMPLEOS JESS\\dataconnect`\n"}}
[debug] [2026-08-31T20:51:33.972Z] E0831 16:51:33.972399    2480 watch.go:116] watchAllDir unable to walk dir `c:\Users\user\Desktop\EMPLEOS JESS\dataconnect`: GetFileAttributesEx c:\Users\user\Desktop\EMPLEOS JESS\dataconnect: The system cannot find the file specified.
 {"metadata":{"emulator":{"name":"dataconnect"},"message":"E0831 16:51:33.972399    2480 watch.go:116] watchAllDir unable to walk dir `c:\\Users\\user\\Desktop\\EMPLEOS JESS\\dataconnect`: GetFileAttributesEx c:\\Users\\user\\Desktop\\EMPLEOS JESS\\dataconnect: The system cannot find the file specified.\n"}}
[debug] [2026-08-31T20:51:33.973Z] E0831 16:51:33.972399    2480 watch.go:40] Failed to load config from "c:\\Users\\user\\Desktop\\EMPLEOS JESS\\dataconnect": could not find dataconnect.yaml in `c:\Users\user\Desktop\EMPLEOS JESS\dataconnect`
 {"metadata":{"emulator":{"name":"dataconnect"},"message":"E0831 16:51:33.972399    2480 watch.go:40] Failed to load config from \"c:\\\\Users\\\\user\\\\Desktop\\\\EMPLEOS JESS\\\\dataconnect\": could not find dataconnect.yaml in `c:\\Users\\user\\Desktop\\EMPLEOS JESS\\dataconnect`\n"}}
[debug] [2026-08-31T20:51:43.973Z] E0831 16:51:43.972612    2480 watch.go:40] Failed to load config from "c:\\Users\\user\\Desktop\\EMPLEOS JESS\\dataconnect": could not find dataconnect.yaml in `c:\Users\user\Desktop\EMPLEOS JESS\dataconnect`
 {"metadata":{"emulator":{"name":"dataconnect"},"message":"E0831 16:51:43.972612    2480 watch.go:40] Failed to load config from \"c:\\\\Users\\\\user\\\\Desktop\\\\EMPLEOS JESS\\\\dataconnect\": could not find dataconnect.yaml in `c:\\Users\\user\\Desktop\\EMPLEOS JESS\\dataconnect`\n"}}
[debug] [2026-08-31T20:51:53.975Z] E0831 16:51:53.975348    2480 watch.go:40] Failed to load config from "c:\\Users\\user\\Desktop\\EMPLEOS JESS\\dataconnect": could not find dataconnect.yaml in `c:\Users\user\Desktop\EMPLEOS JESS\dataconnect`
 {"metadata":{"emulator":{"name":"dataconnect"},"message":"E0831 16:51:53.975348    2480 watch.go:40] Failed to load config from \"c:\\\\Users\\\\user\\\\Desktop\\\\EMPLEOS JESS\\\\dataconnect\": could not find dataconnect.yaml in `c:\\Users\\user\\Desktop\\EMPLEOS JESS\\dataconnect`\n"}}
[debug] [2026-08-31T20:52:03.973Z] E0831 16:52:03.972775    2480 watch.go:40] Failed to load config from "c:\\Users\\user\\Desktop\\EMPLEOS JESS\\dataconnect": could not find dataconnect.yaml in `c:\Users\user\Desktop\EMPLEOS JESS\dataconnect`
 {"metadata":{"emulator":{"name":"dataconnect"},"message":"E0831 16:52:03.972775    2480 watch.go:40] Failed to load config from \"c:\\\\Users\\\\user\\\\Desktop\\\\EMPLEOS JESS\\\\dataconnect\": could not find dataconnect.yaml in `c:\\Users\\user\\Desktop\\EMPLEOS JESS\\dataconnect`\n"}}
[debug] [2026-08-31T20:52:13.972Z] E0831 16:52:13.972485    2480 watch.go:40] Failed to load config from "c:\\Users\\user\\Desktop\\EMPLEOS JESS\\dataconnect": could not find dataconnect.yaml in `c:\Users\user\Desktop\EMPLEOS JESS\dataconnect`
 {"metadata":{"emulator":{"name":"dataconnect"},"message":"E0831 16:52:13.972485    2480 watch.go:40] Failed to load config from \"c:\\\\Users\\\\user\\\\Desktop\\\\EMPLEOS JESS\\\\dataconnect\": could not find dataconnect.yaml in `c:\\Users\\user\\Desktop\\EMPLEOS JESS\\dataconnect`\n"}}
[debug] [2026-08-31T20:52:23.974Z] E0831 16:52:23.974043    2480 watch.go:40] Failed to load config from "c:\\Users\\user\\Desktop\\EMPLEOS JESS\\dataconnect": could not find dataconnect.yaml in `c:\Users\user\Desktop\EMPLEOS JESS\dataconnect`
 {"metadata":{"emulator":{"name":"dataconnect"},"message":"E0831 16:52:23.974043    2480 watch.go:40] Failed to load config from \"c:\\\\Users\\\\user\\\\Desktop\\\\EMPLEOS JESS\\\\dataconnect\": could not find dataconnect.yaml in `c:\\Users\\user\\Desktop\\EMPLEOS JESS\\dataconnect`\n"}}
[debug] [2026-08-31T20:52:33.973Z] E0831 16:52:33.973880    2480 watch.go:116] watchAllDir unable to walk dir `c:\Users\user\Desktop\EMPLEOS JESS\dataconnect`: GetFileAttributesEx c:\Users\user\Desktop\EMPLEOS JESS\dataconnect: The system cannot find the file specified.
 {"metadata":{"emulator":{"name":"dataconnect"},"message":"E0831 16:52:33.973880    2480 watch.go:116] watchAllDir unable to walk dir `c:\\Users\\user\\Desktop\\EMPLEOS JESS\\dataconnect`: GetFileAttributesEx c:\\Users\\user\\Desktop\\EMPLEOS JESS\\dataconnect: The system cannot find the file specified.\n"}}
[debug] [2026-08-31T20:52:33.974Z] E0831 16:52:33.973880    2480 watch.go:40] Failed to load config from "c:\\Users\\user\\Desktop\\EMPLEOS JESS\\dataconnect": could not find dataconnect.yaml in `c:\Users\user\Desktop\EMPLEOS JESS\dataconnect`
 {"metadata":{"emulator":{"name":"dataconnect"},"message":"E0831 16:52:33.973880    2480 watch.go:40] Failed to load config from \"c:\\\\Users\\\\user\\\\Desktop\\\\EMPLEOS JESS\\\\dataconnect\": could not find dataconnect.yaml in `c:\\Users\\user\\Desktop\\EMPLEOS JESS\\dataconnect`\n"}}
[debug] [2026-08-31T20:52:43.973Z] E0831 16:52:43.973651    2480 watch.go:40] Failed to load config from "c:\\Users\\user\\Desktop\\EMPLEOS JESS\\dataconnect": could not find dataconnect.yaml in `c:\Users\user\Desktop\EMPLEOS JESS\dataconnect`
 {"metadata":{"emulator":{"name":"dataconnect"},"message":"E0831 16:52:43.973651    2480 watch.go:40] Failed to load config from \"c:\\\\Users\\\\user\\\\Desktop\\\\EMPLEOS JESS\\\\dataconnect\": could not find dataconnect.yaml in `c:\\Users\\user\\Desktop\\EMPLEOS JESS\\dataconnect`\n"}}
[debug] [2026-08-31T20:52:53.975Z] E0831 16:52:53.973997    2480 watch.go:40] Failed to load config from "c:\\Users\\user\\Desktop\\EMPLEOS JESS\\dataconnect": could not find dataconnect.yaml in `c:\Users\user\Desktop\EMPLEOS JESS\dataconnect`
 {"metadata":{"emulator":{"name":"dataconnect"},"message":"E0831 16:52:53.973997    2480 watch.go:40] Failed to load config from \"c:\\\\Users\\\\user\\\\Desktop\\\\EMPLEOS JESS\\\\dataconnect\": could not find dataconnect.yaml in `c:\\Users\\user\\Desktop\\EMPLEOS JESS\\dataconnect`\n"}}
[debug] [2026-08-31T20:53:03.972Z] E0831 16:53:03.972826    2480 watch.go:40] Failed to load config from "c:\\Users\\user\\Desktop\\EMPLEOS JESS\\dataconnect": could not find dataconnect.yaml in `c:\Users\user\Desktop\EMPLEOS JESS\dataconnect`
 {"metadata":{"emulator":{"name":"dataconnect"},"message":"E0831 16:53:03.972826    2480 watch.go:40] Failed to load config from \"c:\\\\Users\\\\user\\\\Desktop\\\\EMPLEOS JESS\\\\dataconnect\": could not find dataconnect.yaml in `c:\\Users\\user\\Desktop\\EMPLEOS JESS\\dataconnect`\n"}}
[debug] [2026-08-31T20:53:13.972Z] E0831 16:53:13.973116    2480 watch.go:40] Failed to load config from "c:\\Users\\user\\Desktop\\EMPLEOS JESS\\dataconnect": could not find dataconnect.yaml in `c:\Users\user\Desktop\EMPLEOS JESS\dataconnect`
 {"metadata":{"emulator":{"name":"dataconnect"},"message":"E0831 16:53:13.973116    2480 watch.go:40] Failed to load config from \"c:\\\\Users\\\\user\\\\Desktop\\\\EMPLEOS JESS\\\\dataconnect\": could not find dataconnect.yaml in `c:\\Users\\user\\Desktop\\EMPLEOS JESS\\dataconnect`\n"}}
[debug] [2026-08-31T20:53:23.973Z] E0831 16:53:23.973701    2480 watch.go:40] Failed to load config from "c:\\Users\\user\\Desktop\\EMPLEOS JESS\\dataconnect": could not find dataconnect.yaml in `c:\Users\user\Desktop\EMPLEOS JESS\dataconnect`
 {"metadata":{"emulator":{"name":"dataconnect"},"message":"E0831 16:53:23.973701    2480 watch.go:40] Failed to load config from \"c:\\\\Users\\\\user\\\\Desktop\\\\EMPLEOS JESS\\\\dataconnect\": could not find dataconnect.yaml in `c:\\Users\\user\\Desktop\\EMPLEOS JESS\\dataconnect`\n"}}
[debug] [2026-08-31T20:53:33.972Z] E0831 16:53:33.973134    2480 watch.go:116] watchAllDir unable to walk dir `c:\Users\user\Desktop\EMPLEOS JESS\dataconnect`: GetFileAttributesEx c:\Users\user\Desktop\EMPLEOS JESS\dataconnect: The system cannot find the file specified.
 {"metadata":{"emulator":{"name":"dataconnect"},"message":"E0831 16:53:33.973134    2480 watch.go:116] watchAllDir unable to walk dir `c:\\Users\\user\\Desktop\\EMPLEOS JESS\\dataconnect`: GetFileAttributesEx c:\\Users\\user\\Desktop\\EMPLEOS JESS\\dataconnect: The system cannot find the file specified.\n"}}
[debug] [2026-08-31T20:53:33.973Z] E0831 16:53:33.973134    2480 watch.go:40] Failed to load config from "c:\\Users\\user\\Desktop\\EMPLEOS JESS\\dataconnect": could not find dataconnect.yaml in `c:\Users\user\Desktop\EMPLEOS JESS\dataconnect`
 {"metadata":{"emulator":{"name":"dataconnect"},"message":"E0831 16:53:33.973134    2480 watch.go:40] Failed to load config from \"c:\\\\Users\\\\user\\\\Desktop\\\\EMPLEOS JESS\\\\dataconnect\": could not find dataconnect.yaml in `c:\\Users\\user\\Desktop\\EMPLEOS JESS\\dataconnect`\n"}}
[debug] [2026-08-31T20:53:43.973Z] E0831 16:53:43.973639    2480 watch.go:40] Failed to load config from "c:\\Users\\user\\Desktop\\EMPLEOS JESS\\dataconnect": could not find dataconnect.yaml in `c:\Users\user\Desktop\EMPLEOS JESS\dataconnect`
 {"metadata":{"emulator":{"name":"dataconnect"},"message":"E0831 16:53:43.973639    2480 watch.go:40] Failed to load config from \"c:\\\\Users\\\\user\\\\Desktop\\\\EMPLEOS JESS\\\\dataconnect\": could not find dataconnect.yaml in `c:\\Users\\user\\Desktop\\EMPLEOS JESS\\dataconnect`\n"}}
[debug] [2026-08-31T20:53:54.002Z] E0831 16:53:54.002236    2480 watch.go:40] Failed to load config from "c:\\Users\\user\\Desktop\\EMPLEOS JESS\\dataconnect": could not find dataconnect.yaml in `c:\Users\user\Desktop\EMPLEOS JESS\dataconnect`
 {"metadata":{"emulator":{"name":"dataconnect"},"message":"E0831 16:53:54.002236    2480 watch.go:40] Failed to load config from \"c:\\\\Users\\\\user\\\\Desktop\\\\EMPLEOS JESS\\\\dataconnect\": could not find dataconnect.yaml in `c:\\Users\\user\\Desktop\\EMPLEOS JESS\\dataconnect`\n"}}
[debug] [2026-08-31T20:54:03.974Z] E0831 16:54:03.974526    2480 watch.go:40] Failed to load config from "c:\\Users\\user\\Desktop\\EMPLEOS JESS\\dataconnect": could not find dataconnect.yaml in `c:\Users\user\Desktop\EMPLEOS JESS\dataconnect`
 {"metadata":{"emulator":{"name":"dataconnect"},"message":"E0831 16:54:03.974526    2480 watch.go:40] Failed to load config from \"c:\\\\Users\\\\user\\\\Desktop\\\\EMPLEOS JESS\\\\dataconnect\": could not find dataconnect.yaml in `c:\\Users\\user\\Desktop\\EMPLEOS JESS\\dataconnect`\n"}}
[debug] [2026-08-31T20:54:13.973Z] E0831 16:54:13.973428    2480 watch.go:40] Failed to load config from "c:\\Users\\user\\Desktop\\EMPLEOS JESS\\dataconnect": could not find dataconnect.yaml in `c:\Users\user\Desktop\EMPLEOS JESS\dataconnect`
 {"metadata":{"emulator":{"name":"dataconnect"},"message":"E0831 16:54:13.973428    2480 watch.go:40] Failed to load config from \"c:\\\\Users\\\\user\\\\Desktop\\\\EMPLEOS JESS\\\\dataconnect\": could not find dataconnect.yaml in `c:\\Users\\user\\Desktop\\EMPLEOS JESS\\dataconnect`\n"}}
[debug] [2026-08-31T20:54:23.972Z] E0831 16:54:23.972306    2480 watch.go:40] Failed to load config from "c:\\Users\\user\\Desktop\\EMPLEOS JESS\\dataconnect": could not find dataconnect.yaml in `c:\Users\user\Desktop\EMPLEOS JESS\dataconnect`
 {"metadata":{"emulator":{"name":"dataconnect"},"message":"E0831 16:54:23.972306    2480 watch.go:40] Failed to load config from \"c:\\\\Users\\\\user\\\\Desktop\\\\EMPLEOS JESS\\\\dataconnect\": could not find dataconnect.yaml in `c:\\Users\\user\\Desktop\\EMPLEOS JESS\\dataconnect`\n"}}
[debug] [2026-08-31T20:54:33.972Z] E0831 16:54:33.972446    2480 watch.go:116] watchAllDir unable to walk dir `c:\Users\user\Desktop\EMPLEOS JESS\dataconnect`: GetFileAttributesEx c:\Users\user\Desktop\EMPLEOS JESS\dataconnect: The system cannot find the file specified.
 {"metadata":{"emulator":{"name":"dataconnect"},"message":"E0831 16:54:33.972446    2480 watch.go:116] watchAllDir unable to walk dir `c:\\Users\\user\\Desktop\\EMPLEOS JESS\\dataconnect`: GetFileAttributesEx c:\\Users\\user\\Desktop\\EMPLEOS JESS\\dataconnect: The system cannot find the file specified.\n"}}
[debug] [2026-08-31T20:54:33.975Z] E0831 16:54:33.973447    2480 watch.go:40] Failed to load config from "c:\\Users\\user\\Desktop\\EMPLEOS JESS\\dataconnect": could not find dataconnect.yaml in `c:\Users\user\Desktop\EMPLEOS JESS\dataconnect`
 {"metadata":{"emulator":{"name":"dataconnect"},"message":"E0831 16:54:33.973447    2480 watch.go:40] Failed to load config from \"c:\\\\Users\\\\user\\\\Desktop\\\\EMPLEOS JESS\\\\dataconnect\": could not find dataconnect.yaml in `c:\\Users\\user\\Desktop\\EMPLEOS JESS\\dataconnect`\n"}}
[debug] [2026-08-31T20:54:43.973Z] E0831 16:54:43.972741    2480 watch.go:40] Failed to load config from "c:\\Users\\user\\Desktop\\EMPLEOS JESS\\dataconnect": could not find dataconnect.yaml in `c:\Users\user\Desktop\EMPLEOS JESS\dataconnect`
 {"metadata":{"emulator":{"name":"dataconnect"},"message":"E0831 16:54:43.972741    2480 watch.go:40] Failed to load config from \"c:\\\\Users\\\\user\\\\Desktop\\\\EMPLEOS JESS\\\\dataconnect\": could not find dataconnect.yaml in `c:\\Users\\user\\Desktop\\EMPLEOS JESS\\dataconnect`\n"}}
[debug] [2026-08-31T20:54:53.972Z] E0831 16:54:53.973160    2480 watch.go:40] Failed to load config from "c:\\Users\\user\\Desktop\\EMPLEOS JESS\\dataconnect": could not find dataconnect.yaml in `c:\Users\user\Desktop\EMPLEOS JESS\dataconnect`
 {"metadata":{"emulator":{"name":"dataconnect"},"message":"E0831 16:54:53.973160    2480 watch.go:40] Failed to load config from \"c:\\\\Users\\\\user\\\\Desktop\\\\EMPLEOS JESS\\\\dataconnect\": could not find dataconnect.yaml in `c:\\Users\\user\\Desktop\\EMPLEOS JESS\\dataconnect`\n"}}
[debug] [2026-08-31T20:55:03.973Z] E0831 16:55:03.973138    2480 watch.go:40] Failed to load config from "c:\\Users\\user\\Desktop\\EMPLEOS JESS\\dataconnect": could not find dataconnect.yaml in `c:\Users\user\Desktop\EMPLEOS JESS\dataconnect`
 {"metadata":{"emulator":{"name":"dataconnect"},"message":"E0831 16:55:03.973138    2480 watch.go:40] Failed to load config from \"c:\\\\Users\\\\user\\\\Desktop\\\\EMPLEOS JESS\\\\dataconnect\": could not find dataconnect.yaml in `c:\\Users\\user\\Desktop\\EMPLEOS JESS\\dataconnect`\n"}}
[debug] [2026-08-31T20:55:13.973Z] E0831 16:55:13.973363    2480 watch.go:40] Failed to load config from "c:\\Users\\user\\Desktop\\EMPLEOS JESS\\dataconnect": could not find dataconnect.yaml in `c:\Users\user\Desktop\EMPLEOS JESS\dataconnect`
 {"metadata":{"emulator":{"name":"dataconnect"},"message":"E0831 16:55:13.973363    2480 watch.go:40] Failed to load config from \"c:\\\\Users\\\\user\\\\Desktop\\\\EMPLEOS JESS\\\\dataconnect\": could not find dataconnect.yaml in `c:\\Users\\user\\Desktop\\EMPLEOS JESS\\dataconnect`\n"}}
[debug] [2026-08-31T20:55:23.973Z] E0831 16:55:23.973294    2480 watch.go:40] Failed to load config from "c:\\Users\\user\\Desktop\\EMPLEOS JESS\\dataconnect": could not find dataconnect.yaml in `c:\Users\user\Desktop\EMPLEOS JESS\dataconnect`
 {"metadata":{"emulator":{"name":"dataconnect"},"message":"E0831 16:55:23.973294    2480 watch.go:40] Failed to load config from \"c:\\\\Users\\\\user\\\\Desktop\\\\EMPLEOS JESS\\\\dataconnect\": could not find dataconnect.yaml in `c:\\Users\\user\\Desktop\\EMPLEOS JESS\\dataconnect`\n"}}
[debug] [2026-08-31T20:55:33.973Z] E0831 16:55:33.972677    2480 watch.go:116] watchAllDir unable to walk dir `c:\Users\user\Desktop\EMPLEOS JESS\dataconnect`: GetFileAttributesEx c:\Users\user\Desktop\EMPLEOS JESS\dataconnect: The system cannot find the file specified.
 {"metadata":{"emulator":{"name":"dataconnect"},"message":"E0831 16:55:33.972677    2480 watch.go:116] watchAllDir unable to walk dir `c:\\Users\\user\\Desktop\\EMPLEOS JESS\\dataconnect`: GetFileAttributesEx c:\\Users\\user\\Desktop\\EMPLEOS JESS\\dataconnect: The system cannot find the file specified.\n"}}
[debug] [2026-08-31T20:55:33.975Z] E0831 16:55:33.973237    2480 watch.go:40] Failed to load config from "c:\\Users\\user\\Desktop\\EMPLEOS JESS\\dataconnect": could not find dataconnect.yaml in `c:\Users\user\Desktop\EMPLEOS JESS\dataconnect`
 {"metadata":{"emulator":{"name":"dataconnect"},"message":"E0831 16:55:33.973237    2480 watch.go:40] Failed to load config from \"c:\\\\Users\\\\user\\\\Desktop\\\\EMPLEOS JESS\\\\dataconnect\": could not find dataconnect.yaml in `c:\\Users\\user\\Desktop\\EMPLEOS JESS\\dataconnect`\n"}}
[debug] [2026-08-31T20:55:43.973Z] E0831 16:55:43.972923    2480 watch.go:40] Failed to load config from "c:\\Users\\user\\Desktop\\EMPLEOS JESS\\dataconnect": could not find dataconnect.yaml in `c:\Users\user\Desktop\EMPLEOS JESS\dataconnect`
 {"metadata":{"emulator":{"name":"dataconnect"},"message":"E0831 16:55:43.972923    2480 watch.go:40] Failed to load config from \"c:\\\\Users\\\\user\\\\Desktop\\\\EMPLEOS JESS\\\\dataconnect\": could not find dataconnect.yaml in `c:\\Users\\user\\Desktop\\EMPLEOS JESS\\dataconnect`\n"}}
[debug] [2026-08-31T20:55:53.973Z] E0831 16:55:53.972623    2480 watch.go:40] Failed to load config from "c:\\Users\\user\\Desktop\\EMPLEOS JESS\\dataconnect": could not find dataconnect.yaml in `c:\Users\user\Desktop\EMPLEOS JESS\dataconnect`
 {"metadata":{"emulator":{"name":"dataconnect"},"message":"E0831 16:55:53.972623    2480 watch.go:40] Failed to load config from \"c:\\\\Users\\\\user\\\\Desktop\\\\EMPLEOS JESS\\\\dataconnect\": could not find dataconnect.yaml in `c:\\Users\\user\\Desktop\\EMPLEOS JESS\\dataconnect`\n"}}
[debug] [2026-08-31T20:56:03.972Z] E0831 16:56:03.972457    2480 watch.go:40] Failed to load config from "c:\\Users\\user\\Desktop\\EMPLEOS JESS\\dataconnect": could not find dataconnect.yaml in `c:\Users\user\Desktop\EMPLEOS JESS\dataconnect`
 {"metadata":{"emulator":{"name":"dataconnect"},"message":"E0831 16:56:03.972457    2480 watch.go:40] Failed to load config from \"c:\\\\Users\\\\user\\\\Desktop\\\\EMPLEOS JESS\\\\dataconnect\": could not find dataconnect.yaml in `c:\\Users\\user\\Desktop\\EMPLEOS JESS\\dataconnect`\n"}}
[debug] [2026-08-31T20:56:13.972Z] E0831 16:56:13.972318    2480 watch.go:40] Failed to load config from "c:\\Users\\user\\Desktop\\EMPLEOS JESS\\dataconnect": could not find dataconnect.yaml in `c:\Users\user\Desktop\EMPLEOS JESS\dataconnect`
 {"metadata":{"emulator":{"name":"dataconnect"},"message":"E0831 16:56:13.972318    2480 watch.go:40] Failed to load config from \"c:\\\\Users\\\\user\\\\Desktop\\\\EMPLEOS JESS\\\\dataconnect\": could not find dataconnect.yaml in `c:\\Users\\user\\Desktop\\EMPLEOS JESS\\dataconnect`\n"}}
[debug] [2026-08-31T20:56:23.973Z] E0831 16:56:23.973424    2480 watch.go:40] Failed to load config from "c:\\Users\\user\\Desktop\\EMPLEOS JESS\\dataconnect": could not find dataconnect.yaml in `c:\Users\user\Desktop\EMPLEOS JESS\dataconnect`
 {"metadata":{"emulator":{"name":"dataconnect"},"message":"E0831 16:56:23.973424    2480 watch.go:40] Failed to load config from \"c:\\\\Users\\\\user\\\\Desktop\\\\EMPLEOS JESS\\\\dataconnect\": could not find dataconnect.yaml in `c:\\Users\\user\\Desktop\\EMPLEOS JESS\\dataconnect`\n"}}
[debug] [2026-08-31T20:56:33.973Z] E0831 16:56:33.973044    2480 watch.go:116] watchAllDir unable to walk dir `c:\Users\user\Desktop\EMPLEOS JESS\dataconnect`: GetFileAttributesEx c:\Users\user\Desktop\EMPLEOS JESS\dataconnect: The system cannot find the file specified.
 {"metadata":{"emulator":{"name":"dataconnect"},"message":"E0831 16:56:33.973044    2480 watch.go:116] watchAllDir unable to walk dir `c:\\Users\\user\\Desktop\\EMPLEOS JESS\\dataconnect`: GetFileAttributesEx c:\\Users\\user\\Desktop\\EMPLEOS JESS\\dataconnect: The system cannot find the file specified.\n"}}
[debug] [2026-08-31T20:56:33.977Z] E0831 16:56:33.975040    2480 watch.go:40] Failed to load config from "c:\\Users\\user\\Desktop\\EMPLEOS JESS\\dataconnect": could not find dataconnect.yaml in `c:\Users\user\Desktop\EMPLEOS JESS\dataconnect`
 {"metadata":{"emulator":{"name":"dataconnect"},"message":"E0831 16:56:33.975040    2480 watch.go:40] Failed to load config from \"c:\\\\Users\\\\user\\\\Desktop\\\\EMPLEOS JESS\\\\dataconnect\": could not find dataconnect.yaml in `c:\\Users\\user\\Desktop\\EMPLEOS JESS\\dataconnect`\n"}}
[debug] [2026-08-31T20:56:43.972Z] E0831 16:56:43.973130    2480 watch.go:40] Failed to load config from "c:\\Users\\user\\Desktop\\EMPLEOS JESS\\dataconnect": could not find dataconnect.yaml in `c:\Users\user\Desktop\EMPLEOS JESS\dataconnect`
 {"metadata":{"emulator":{"name":"dataconnect"},"message":"E0831 16:56:43.973130    2480 watch.go:40] Failed to load config from \"c:\\\\Users\\\\user\\\\Desktop\\\\EMPLEOS JESS\\\\dataconnect\": could not find dataconnect.yaml in `c:\\Users\\user\\Desktop\\EMPLEOS JESS\\dataconnect`\n"}}
[debug] [2026-08-31T20:56:53.972Z] E0831 16:56:53.972285    2480 watch.go:40] Failed to load config from "c:\\Users\\user\\Desktop\\EMPLEOS JESS\\dataconnect": could not find dataconnect.yaml in `c:\Users\user\Desktop\EMPLEOS JESS\dataconnect`
 {"metadata":{"emulator":{"name":"dataconnect"},"message":"E0831 16:56:53.972285    2480 watch.go:40] Failed to load config from \"c:\\\\Users\\\\user\\\\Desktop\\\\EMPLEOS JESS\\\\dataconnect\": could not find dataconnect.yaml in `c:\\Users\\user\\Desktop\\EMPLEOS JESS\\dataconnect`\n"}}
[debug] [2026-08-31T20:57:03.973Z] E0831 16:57:03.973221    2480 watch.go:40] Failed to load config from "c:\\Users\\user\\Desktop\\EMPLEOS JESS\\dataconnect": could not find dataconnect.yaml in `c:\Users\user\Desktop\EMPLEOS JESS\dataconnect`
 {"metadata":{"emulator":{"name":"dataconnect"},"message":"E0831 16:57:03.973221    2480 watch.go:40] Failed to load config from \"c:\\\\Users\\\\user\\\\Desktop\\\\EMPLEOS JESS\\\\dataconnect\": could not find dataconnect.yaml in `c:\\Users\\user\\Desktop\\EMPLEOS JESS\\dataconnect`\n"}}
[debug] [2026-08-31T20:57:13.973Z] E0831 16:57:13.973434    2480 watch.go:40] Failed to load config from "c:\\Users\\user\\Desktop\\EMPLEOS JESS\\dataconnect": could not find dataconnect.yaml in `c:\Users\user\Desktop\EMPLEOS JESS\dataconnect`
 {"metadata":{"emulator":{"name":"dataconnect"},"message":"E0831 16:57:13.973434    2480 watch.go:40] Failed to load config from \"c:\\\\Users\\\\user\\\\Desktop\\\\EMPLEOS JESS\\\\dataconnect\": could not find dataconnect.yaml in `c:\\Users\\user\\Desktop\\EMPLEOS JESS\\dataconnect`\n"}}
[debug] [2026-08-31T20:57:23.973Z] E0831 16:57:23.973561    2480 watch.go:40] Failed to load config from "c:\\Users\\user\\Desktop\\EMPLEOS JESS\\dataconnect": could not find dataconnect.yaml in `c:\Users\user\Desktop\EMPLEOS JESS\dataconnect`
 {"metadata":{"emulator":{"name":"dataconnect"},"message":"E0831 16:57:23.973561    2480 watch.go:40] Failed to load config from \"c:\\\\Users\\\\user\\\\Desktop\\\\EMPLEOS JESS\\\\dataconnect\": could not find dataconnect.yaml in `c:\\Users\\user\\Desktop\\EMPLEOS JESS\\dataconnect`\n"}}
[debug] [2026-08-31T20:57:33.973Z] E0831 16:57:33.972701    2480 watch.go:116] watchAllDir unable to walk dir `c:\Users\user\Desktop\EMPLEOS JESS\dataconnect`: GetFileAttributesEx c:\Users\user\Desktop\EMPLEOS JESS\dataconnect: The system cannot find the file specified.
 {"metadata":{"emulator":{"name":"dataconnect"},"message":"E0831 16:57:33.972701    2480 watch.go:116] watchAllDir unable to walk dir `c:\\Users\\user\\Desktop\\EMPLEOS JESS\\dataconnect`: GetFileAttributesEx c:\\Users\\user\\Desktop\\EMPLEOS JESS\\dataconnect: The system cannot find the file specified.\n"}}
[debug] [2026-08-31T20:57:33.975Z] E0831 16:57:33.973892    2480 watch.go:40] Failed to load config from "c:\\Users\\user\\Desktop\\EMPLEOS JESS\\dataconnect": could not find dataconnect.yaml in `c:\Users\user\Desktop\EMPLEOS JESS\dataconnect`
 {"metadata":{"emulator":{"name":"dataconnect"},"message":"E0831 16:57:33.973892    2480 watch.go:40] Failed to load config from \"c:\\\\Users\\\\user\\\\Desktop\\\\EMPLEOS JESS\\\\dataconnect\": could not find dataconnect.yaml in `c:\\Users\\user\\Desktop\\EMPLEOS JESS\\dataconnect`\n"}}
[debug] [2026-08-31T20:57:43.973Z] E0831 16:57:43.973513    2480 watch.go:40] Failed to load config from "c:\\Users\\user\\Desktop\\EMPLEOS JESS\\dataconnect": could not find dataconnect.yaml in `c:\Users\user\Desktop\EMPLEOS JESS\dataconnect`
 {"metadata":{"emulator":{"name":"dataconnect"},"message":"E0831 16:57:43.973513    2480 watch.go:40] Failed to load config from \"c:\\\\Users\\\\user\\\\Desktop\\\\EMPLEOS JESS\\\\dataconnect\": could not find dataconnect.yaml in `c:\\Users\\user\\Desktop\\EMPLEOS JESS\\dataconnect`\n"}}
[debug] [2026-08-31T20:57:53.972Z] E0831 16:57:53.972835    2480 watch.go:40] Failed to load config from "c:\\Users\\user\\Desktop\\EMPLEOS JESS\\dataconnect": could not find dataconnect.yaml in `c:\Users\user\Desktop\EMPLEOS JESS\dataconnect`
 {"metadata":{"emulator":{"name":"dataconnect"},"message":"E0831 16:57:53.972835    2480 watch.go:40] Failed to load config from \"c:\\\\Users\\\\user\\\\Desktop\\\\EMPLEOS JESS\\\\dataconnect\": could not find dataconnect.yaml in `c:\\Users\\user\\Desktop\\EMPLEOS JESS\\dataconnect`\n"}}
[debug] [2026-08-31T20:58:03.977Z] E0831 16:58:03.977067    2480 watch.go:40] Failed to load config from "c:\\Users\\user\\Desktop\\EMPLEOS JESS\\dataconnect": could not find dataconnect.yaml in `c:\Users\user\Desktop\EMPLEOS JESS\dataconnect`
 {"metadata":{"emulator":{"name":"dataconnect"},"message":"E0831 16:58:03.977067    2480 watch.go:40] Failed to load config from \"c:\\\\Users\\\\user\\\\Desktop\\\\EMPLEOS JESS\\\\dataconnect\": could not find dataconnect.yaml in `c:\\Users\\user\\Desktop\\EMPLEOS JESS\\dataconnect`\n"}}
[debug] [2026-08-31T20:58:13.977Z] E0831 16:58:13.977335    2480 watch.go:40] Failed to load config from "c:\\Users\\user\\Desktop\\EMPLEOS JESS\\dataconnect": could not find dataconnect.yaml in `c:\Users\user\Desktop\EMPLEOS JESS\dataconnect`
 {"metadata":{"emulator":{"name":"dataconnect"},"message":"E0831 16:58:13.977335    2480 watch.go:40] Failed to load config from \"c:\\\\Users\\\\user\\\\Desktop\\\\EMPLEOS JESS\\\\dataconnect\": could not find dataconnect.yaml in `c:\\Users\\user\\Desktop\\EMPLEOS JESS\\dataconnect`\n"}}
[debug] [2026-08-31T20:58:23.973Z] E0831 16:58:23.974003    2480 watch.go:40] Failed to load config from "c:\\Users\\user\\Desktop\\EMPLEOS JESS\\dataconnect": could not find dataconnect.yaml in `c:\Users\user\Desktop\EMPLEOS JESS\dataconnect`
 {"metadata":{"emulator":{"name":"dataconnect"},"message":"E0831 16:58:23.974003    2480 watch.go:40] Failed to load config from \"c:\\\\Users\\\\user\\\\Desktop\\\\EMPLEOS JESS\\\\dataconnect\": could not find dataconnect.yaml in `c:\\Users\\user\\Desktop\\EMPLEOS JESS\\dataconnect`\n"}}
[debug] [2026-08-31T20:58:33.972Z] E0831 16:58:33.973339    2480 watch.go:116] watchAllDir unable to walk dir `c:\Users\user\Desktop\EMPLEOS JESS\dataconnect`: GetFileAttributesEx c:\Users\user\Desktop\EMPLEOS JESS\dataconnect: The system cannot find the file specified.
 {"metadata":{"emulator":{"name":"dataconnect"},"message":"E0831 16:58:33.973339    2480 watch.go:116] watchAllDir unable to walk dir `c:\\Users\\user\\Desktop\\EMPLEOS JESS\\dataconnect`: GetFileAttributesEx c:\\Users\\user\\Desktop\\EMPLEOS JESS\\dataconnect: The system cannot find the file specified.\n"}}
[debug] [2026-08-31T20:58:33.973Z] E0831 16:58:33.973339    2480 watch.go:40] Failed to load config from "c:\\Users\\user\\Desktop\\EMPLEOS JESS\\dataconnect": could not find dataconnect.yaml in `c:\Users\user\Desktop\EMPLEOS JESS\dataconnect`
 {"metadata":{"emulator":{"name":"dataconnect"},"message":"E0831 16:58:33.973339    2480 watch.go:40] Failed to load config from \"c:\\\\Users\\\\user\\\\Desktop\\\\EMPLEOS JESS\\\\dataconnect\": could not find dataconnect.yaml in `c:\\Users\\user\\Desktop\\EMPLEOS JESS\\dataconnect`\n"}}
[debug] [2026-08-31T20:58:43.973Z] E0831 16:58:43.973802    2480 watch.go:40] Failed to load config from "c:\\Users\\user\\Desktop\\EMPLEOS JESS\\dataconnect": could not find dataconnect.yaml in `c:\Users\user\Desktop\EMPLEOS JESS\dataconnect`
 {"metadata":{"emulator":{"name":"dataconnect"},"message":"E0831 16:58:43.973802    2480 watch.go:40] Failed to load config from \"c:\\\\Users\\\\user\\\\Desktop\\\\EMPLEOS JESS\\\\dataconnect\": could not find dataconnect.yaml in `c:\\Users\\user\\Desktop\\EMPLEOS JESS\\dataconnect`\n"}}
[debug] [2026-08-31T20:58:53.973Z] E0831 16:58:53.973767    2480 watch.go:40] Failed to load config from "c:\\Users\\user\\Desktop\\EMPLEOS JESS\\dataconnect": could not find dataconnect.yaml in `c:\Users\user\Desktop\EMPLEOS JESS\dataconnect`
 {"metadata":{"emulator":{"name":"dataconnect"},"message":"E0831 16:58:53.973767    2480 watch.go:40] Failed to load config from \"c:\\\\Users\\\\user\\\\Desktop\\\\EMPLEOS JESS\\\\dataconnect\": could not find dataconnect.yaml in `c:\\Users\\user\\Desktop\\EMPLEOS JESS\\dataconnect`\n"}}
[debug] [2026-08-31T20:59:03.972Z] E0831 16:59:03.972415    2480 watch.go:40] Failed to load config from "c:\\Users\\user\\Desktop\\EMPLEOS JESS\\dataconnect": could not find dataconnect.yaml in `c:\Users\user\Desktop\EMPLEOS JESS\dataconnect`
 {"metadata":{"emulator":{"name":"dataconnect"},"message":"E0831 16:59:03.972415    2480 watch.go:40] Failed to load config from \"c:\\\\Users\\\\user\\\\Desktop\\\\EMPLEOS JESS\\\\dataconnect\": could not find dataconnect.yaml in `c:\\Users\\user\\Desktop\\EMPLEOS JESS\\dataconnect`\n"}}
[debug] [2026-08-31T20:59:13.974Z] E0831 16:59:13.974477    2480 watch.go:40] Failed to load config from "c:\\Users\\user\\Desktop\\EMPLEOS JESS\\dataconnect": could not find dataconnect.yaml in `c:\Users\user\Desktop\EMPLEOS JESS\dataconnect`
 {"metadata":{"emulator":{"name":"dataconnect"},"message":"E0831 16:59:13.974477    2480 watch.go:40] Failed to load config from \"c:\\\\Users\\\\user\\\\Desktop\\\\EMPLEOS JESS\\\\dataconnect\": could not find dataconnect.yaml in `c:\\Users\\user\\Desktop\\EMPLEOS JESS\\dataconnect`\n"}}
[debug] [2026-08-31T20:59:23.974Z] E0831 16:59:23.974040    2480 watch.go:40] Failed to load config from "c:\\Users\\user\\Desktop\\EMPLEOS JESS\\dataconnect": could not find dataconnect.yaml in `c:\Users\user\Desktop\EMPLEOS JESS\dataconnect`
 {"metadata":{"emulator":{"name":"dataconnect"},"message":"E0831 16:59:23.974040    2480 watch.go:40] Failed to load config from \"c:\\\\Users\\\\user\\\\Desktop\\\\EMPLEOS JESS\\\\dataconnect\": could not find dataconnect.yaml in `c:\\Users\\user\\Desktop\\EMPLEOS JESS\\dataconnect`\n"}}
[debug] [2026-08-31T20:59:33.973Z] E0831 16:59:33.972502    2480 watch.go:116] watchAllDir unable to walk dir `c:\Users\user\Desktop\EMPLEOS JESS\dataconnect`: GetFileAttributesEx c:\Users\user\Desktop\EMPLEOS JESS\dataconnect: The system cannot find the file specified.
 {"metadata":{"emulator":{"name":"dataconnect"},"message":"E0831 16:59:33.972502    2480 watch.go:116] watchAllDir unable to walk dir `c:\\Users\\user\\Desktop\\EMPLEOS JESS\\dataconnect`: GetFileAttributesEx c:\\Users\\user\\Desktop\\EMPLEOS JESS\\dataconnect: The system cannot find the file specified.\n"}}
[debug] [2026-08-31T20:59:33.975Z] E0831 16:59:33.974684    2480 watch.go:40] Failed to load config from "c:\\Users\\user\\Desktop\\EMPLEOS JESS\\dataconnect": could not find dataconnect.yaml in `c:\Users\user\Desktop\EMPLEOS JESS\dataconnect`
 {"metadata":{"emulator":{"name":"dataconnect"},"message":"E0831 16:59:33.974684    2480 watch.go:40] Failed to load config from \"c:\\\\Users\\\\user\\\\Desktop\\\\EMPLEOS JESS\\\\dataconnect\": could not find dataconnect.yaml in `c:\\Users\\user\\Desktop\\EMPLEOS JESS\\dataconnect`\n"}}
[debug] [2026-08-31T20:59:43.974Z] E0831 16:59:43.974342    2480 watch.go:40] Failed to load config from "c:\\Users\\user\\Desktop\\EMPLEOS JESS\\dataconnect": could not find dataconnect.yaml in `c:\Users\user\Desktop\EMPLEOS JESS\dataconnect`
 {"metadata":{"emulator":{"name":"dataconnect"},"message":"E0831 16:59:43.974342    2480 watch.go:40] Failed to load config from \"c:\\\\Users\\\\user\\\\Desktop\\\\EMPLEOS JESS\\\\dataconnect\": could not find dataconnect.yaml in `c:\\Users\\user\\Desktop\\EMPLEOS JESS\\dataconnect`\n"}}
[debug] [2026-08-31T20:59:53.972Z] E0831 16:59:53.972420    2480 watch.go:40] Failed to load config from "c:\\Users\\user\\Desktop\\EMPLEOS JESS\\dataconnect": could not find dataconnect.yaml in `c:\Users\user\Desktop\EMPLEOS JESS\dataconnect`
 {"metadata":{"emulator":{"name":"dataconnect"},"message":"E0831 16:59:53.972420    2480 watch.go:40] Failed to load config from \"c:\\\\Users\\\\user\\\\Desktop\\\\EMPLEOS JESS\\\\dataconnect\": could not find dataconnect.yaml in `c:\\Users\\user\\Desktop\\EMPLEOS JESS\\dataconnect`\n"}}
[debug] [2026-08-31T21:00:03.974Z] E0831 17:00:03.974088    2480 watch.go:40] Failed to load config from "c:\\Users\\user\\Desktop\\EMPLEOS JESS\\dataconnect": could not find dataconnect.yaml in `c:\Users\user\Desktop\EMPLEOS JESS\dataconnect`
 {"metadata":{"emulator":{"name":"dataconnect"},"message":"E0831 17:00:03.974088    2480 watch.go:40] Failed to load config from \"c:\\\\Users\\\\user\\\\Desktop\\\\EMPLEOS JESS\\\\dataconnect\": could not find dataconnect.yaml in `c:\\Users\\user\\Desktop\\EMPLEOS JESS\\dataconnect`\n"}}
[debug] [2026-08-31T21:00:13.977Z] E0831 17:00:13.975441    2480 watch.go:40] Failed to load config from "c:\\Users\\user\\Desktop\\EMPLEOS JESS\\dataconnect": could not find dataconnect.yaml in `c:\Users\user\Desktop\EMPLEOS JESS\dataconnect`
 {"metadata":{"emulator":{"name":"dataconnect"},"message":"E0831 17:00:13.975441    2480 watch.go:40] Failed to load config from \"c:\\\\Users\\\\user\\\\Desktop\\\\EMPLEOS JESS\\\\dataconnect\": could not find dataconnect.yaml in `c:\\Users\\user\\Desktop\\EMPLEOS JESS\\dataconnect`\n"}}
[debug] [2026-08-31T21:00:23.973Z] E0831 17:00:23.973002    2480 watch.go:40] Failed to load config from "c:\\Users\\user\\Desktop\\EMPLEOS JESS\\dataconnect": could not find dataconnect.yaml in `c:\Users\user\Desktop\EMPLEOS JESS\dataconnect`
 {"metadata":{"emulator":{"name":"dataconnect"},"message":"E0831 17:00:23.973002    2480 watch.go:40] Failed to load config from \"c:\\\\Users\\\\user\\\\Desktop\\\\EMPLEOS JESS\\\\dataconnect\": could not find dataconnect.yaml in `c:\\Users\\user\\Desktop\\EMPLEOS JESS\\dataconnect`\n"}}
[debug] [2026-08-31T21:00:33.972Z] E0831 17:00:33.972584    2480 watch.go:116] watchAllDir unable to walk dir `c:\Users\user\Desktop\EMPLEOS JESS\dataconnect`: GetFileAttributesEx c:\Users\user\Desktop\EMPLEOS JESS\dataconnect: The system cannot find the file specified.
 {"metadata":{"emulator":{"name":"dataconnect"},"message":"E0831 17:00:33.972584    2480 watch.go:116] watchAllDir unable to walk dir `c:\\Users\\user\\Desktop\\EMPLEOS JESS\\dataconnect`: GetFileAttributesEx c:\\Users\\user\\Desktop\\EMPLEOS JESS\\dataconnect: The system cannot find the file specified.\n"}}
[debug] [2026-08-31T21:00:33.975Z] E0831 17:00:33.973702    2480 watch.go:40] Failed to load config from "c:\\Users\\user\\Desktop\\EMPLEOS JESS\\dataconnect": could not find dataconnect.yaml in `c:\Users\user\Desktop\EMPLEOS JESS\dataconnect`
 {"metadata":{"emulator":{"name":"dataconnect"},"message":"E0831 17:00:33.973702    2480 watch.go:40] Failed to load config from \"c:\\\\Users\\\\user\\\\Desktop\\\\EMPLEOS JESS\\\\dataconnect\": could not find dataconnect.yaml in `c:\\Users\\user\\Desktop\\EMPLEOS JESS\\dataconnect`\n"}}
[debug] [2026-08-31T21:00:43.975Z] E0831 17:00:43.975724    2480 watch.go:40] Failed to load config from "c:\\Users\\user\\Desktop\\EMPLEOS JESS\\dataconnect": could not find dataconnect.yaml in `c:\Users\user\Desktop\EMPLEOS JESS\dataconnect`
 {"metadata":{"emulator":{"name":"dataconnect"},"message":"E0831 17:00:43.975724    2480 watch.go:40] Failed to load config from \"c:\\\\Users\\\\user\\\\Desktop\\\\EMPLEOS JESS\\\\dataconnect\": could not find dataconnect.yaml in `c:\\Users\\user\\Desktop\\EMPLEOS JESS\\dataconnect`\n"}}
[debug] [2026-08-31T21:00:53.973Z] E0831 17:00:53.972925    2480 watch.go:40] Failed to load config from "c:\\Users\\user\\Desktop\\EMPLEOS JESS\\dataconnect": could not find dataconnect.yaml in `c:\Users\user\Desktop\EMPLEOS JESS\dataconnect`
 {"metadata":{"emulator":{"name":"dataconnect"},"message":"E0831 17:00:53.972925    2480 watch.go:40] Failed to load config from \"c:\\\\Users\\\\user\\\\Desktop\\\\EMPLEOS JESS\\\\dataconnect\": could not find dataconnect.yaml in `c:\\Users\\user\\Desktop\\EMPLEOS JESS\\dataconnect`\n"}}
[debug] [2026-08-31T21:01:03.987Z] E0831 17:01:03.987773    2480 watch.go:40] Failed to load config from "c:\\Users\\user\\Desktop\\EMPLEOS JESS\\dataconnect": could not find dataconnect.yaml in `c:\Users\user\Desktop\EMPLEOS JESS\dataconnect`
 {"metadata":{"emulator":{"name":"dataconnect"},"message":"E0831 17:01:03.987773    2480 watch.go:40] Failed to load config from \"c:\\\\Users\\\\user\\\\Desktop\\\\EMPLEOS JESS\\\\dataconnect\": could not find dataconnect.yaml in `c:\\Users\\user\\Desktop\\EMPLEOS JESS\\dataconnect`\n"}}
[debug] [2026-08-31T21:01:13.972Z] E0831 17:01:13.972591    2480 watch.go:40] Failed to load config from "c:\\Users\\user\\Desktop\\EMPLEOS JESS\\dataconnect": could not find dataconnect.yaml in `c:\Users\user\Desktop\EMPLEOS JESS\dataconnect`
 {"metadata":{"emulator":{"name":"dataconnect"},"message":"E0831 17:01:13.972591    2480 watch.go:40] Failed to load config from \"c:\\\\Users\\\\user\\\\Desktop\\\\EMPLEOS JESS\\\\dataconnect\": could not find dataconnect.yaml in `c:\\Users\\user\\Desktop\\EMPLEOS JESS\\dataconnect`\n"}}
[debug] [2026-08-31T21:01:23.973Z] E0831 17:01:23.972667    2480 watch.go:40] Failed to load config from "c:\\Users\\user\\Desktop\\EMPLEOS JESS\\dataconnect": could not find dataconnect.yaml in `c:\Users\user\Desktop\EMPLEOS JESS\dataconnect`
 {"metadata":{"emulator":{"name":"dataconnect"},"message":"E0831 17:01:23.972667    2480 watch.go:40] Failed to load config from \"c:\\\\Users\\\\user\\\\Desktop\\\\EMPLEOS JESS\\\\dataconnect\": could not find dataconnect.yaml in `c:\\Users\\user\\Desktop\\EMPLEOS JESS\\dataconnect`\n"}}
[debug] [2026-08-31T21:01:33.973Z] E0831 17:01:33.973060    2480 watch.go:116] watchAllDir unable to walk dir `c:\Users\user\Desktop\EMPLEOS JESS\dataconnect`: GetFileAttributesEx c:\Users\user\Desktop\EMPLEOS JESS\dataconnect: The system cannot find the file specified.
 {"metadata":{"emulator":{"name":"dataconnect"},"message":"E0831 17:01:33.973060    2480 watch.go:116] watchAllDir unable to walk dir `c:\\Users\\user\\Desktop\\EMPLEOS JESS\\dataconnect`: GetFileAttributesEx c:\\Users\\user\\Desktop\\EMPLEOS JESS\\dataconnect: The system cannot find the file specified.\n"}}
[debug] [2026-08-31T21:01:33.974Z] E0831 17:01:33.973060    2480 watch.go:40] Failed to load config from "c:\\Users\\user\\Desktop\\EMPLEOS JESS\\dataconnect": could not find dataconnect.yaml in `c:\Users\user\Desktop\EMPLEOS JESS\dataconnect`
 {"metadata":{"emulator":{"name":"dataconnect"},"message":"E0831 17:01:33.973060    2480 watch.go:40] Failed to load config from \"c:\\\\Users\\\\user\\\\Desktop\\\\EMPLEOS JESS\\\\dataconnect\": could not find dataconnect.yaml in `c:\\Users\\user\\Desktop\\EMPLEOS JESS\\dataconnect`\n"}}
[debug] [2026-08-31T21:01:43.975Z] E0831 17:01:43.975149    2480 watch.go:40] Failed to load config from "c:\\Users\\user\\Desktop\\EMPLEOS JESS\\dataconnect": could not find dataconnect.yaml in `c:\Users\user\Desktop\EMPLEOS JESS\dataconnect`
 {"metadata":{"emulator":{"name":"dataconnect"},"message":"E0831 17:01:43.975149    2480 watch.go:40] Failed to load config from \"c:\\\\Users\\\\user\\\\Desktop\\\\EMPLEOS JESS\\\\dataconnect\": could not find dataconnect.yaml in `c:\\Users\\user\\Desktop\\EMPLEOS JESS\\dataconnect`\n"}}
[debug] [2026-08-31T21:01:53.973Z] E0831 17:01:53.973396    2480 watch.go:40] Failed to load config from "c:\\Users\\user\\Desktop\\EMPLEOS JESS\\dataconnect": could not find dataconnect.yaml in `c:\Users\user\Desktop\EMPLEOS JESS\dataconnect`
 {"metadata":{"emulator":{"name":"dataconnect"},"message":"E0831 17:01:53.973396    2480 watch.go:40] Failed to load config from \"c:\\\\Users\\\\user\\\\Desktop\\\\EMPLEOS JESS\\\\dataconnect\": could not find dataconnect.yaml in `c:\\Users\\user\\Desktop\\EMPLEOS JESS\\dataconnect`\n"}}
[debug] [2026-08-31T21:02:03.972Z] E0831 17:02:03.972298    2480 watch.go:40] Failed to load config from "c:\\Users\\user\\Desktop\\EMPLEOS JESS\\dataconnect": could not find dataconnect.yaml in `c:\Users\user\Desktop\EMPLEOS JESS\dataconnect`
 {"metadata":{"emulator":{"name":"dataconnect"},"message":"E0831 17:02:03.972298    2480 watch.go:40] Failed to load config from \"c:\\\\Users\\\\user\\\\Desktop\\\\EMPLEOS JESS\\\\dataconnect\": could not find dataconnect.yaml in `c:\\Users\\user\\Desktop\\EMPLEOS JESS\\dataconnect`\n"}}
[debug] [2026-08-31T21:02:13.973Z] E0831 17:02:13.973394    2480 watch.go:40] Failed to load config from "c:\\Users\\user\\Desktop\\EMPLEOS JESS\\dataconnect": could not find dataconnect.yaml in `c:\Users\user\Desktop\EMPLEOS JESS\dataconnect`
 {"metadata":{"emulator":{"name":"dataconnect"},"message":"E0831 17:02:13.973394    2480 watch.go:40] Failed to load config from \"c:\\\\Users\\\\user\\\\Desktop\\\\EMPLEOS JESS\\\\dataconnect\": could not find dataconnect.yaml in `c:\\Users\\user\\Desktop\\EMPLEOS JESS\\dataconnect`\n"}}
[debug] [2026-08-31T21:02:24.010Z] E0831 17:02:24.010970    2480 watch.go:40] Failed to load config from "c:\\Users\\user\\Desktop\\EMPLEOS JESS\\dataconnect": could not find dataconnect.yaml in `c:\Users\user\Desktop\EMPLEOS JESS\dataconnect`
 {"metadata":{"emulator":{"name":"dataconnect"},"message":"E0831 17:02:24.010970    2480 watch.go:40] Failed to load config from \"c:\\\\Users\\\\user\\\\Desktop\\\\EMPLEOS JESS\\\\dataconnect\": could not find dataconnect.yaml in `c:\\Users\\user\\Desktop\\EMPLEOS JESS\\dataconnect`\n"}}
[debug] [2026-08-31T21:02:33.971Z] E0831 17:02:33.972513    2480 watch.go:116] watchAllDir unable to walk dir `c:\Users\user\Desktop\EMPLEOS JESS\dataconnect`: GetFileAttributesEx c:\Users\user\Desktop\EMPLEOS JESS\dataconnect: The system cannot find the file specified.
 {"metadata":{"emulator":{"name":"dataconnect"},"message":"E0831 17:02:33.972513    2480 watch.go:116] watchAllDir unable to walk dir `c:\\Users\\user\\Desktop\\EMPLEOS JESS\\dataconnect`: GetFileAttributesEx c:\\Users\\user\\Desktop\\EMPLEOS JESS\\dataconnect: The system cannot find the file specified.\n"}}
[debug] [2026-08-31T21:02:33.974Z] E0831 17:02:33.974706    2480 watch.go:40] Failed to load config from "c:\\Users\\user\\Desktop\\EMPLEOS JESS\\dataconnect": could not find dataconnect.yaml in `c:\Users\user\Desktop\EMPLEOS JESS\dataconnect`
 {"metadata":{"emulator":{"name":"dataconnect"},"message":"E0831 17:02:33.974706    2480 watch.go:40] Failed to load config from \"c:\\\\Users\\\\user\\\\Desktop\\\\EMPLEOS JESS\\\\dataconnect\": could not find dataconnect.yaml in `c:\\Users\\user\\Desktop\\EMPLEOS JESS\\dataconnect`\n"}}
[debug] [2026-08-31T21:02:43.975Z] E0831 17:02:43.975676    2480 watch.go:40] Failed to load config from "c:\\Users\\user\\Desktop\\EMPLEOS JESS\\dataconnect": could not find dataconnect.yaml in `c:\Users\user\Desktop\EMPLEOS JESS\dataconnect`
 {"metadata":{"emulator":{"name":"dataconnect"},"message":"E0831 17:02:43.975676    2480 watch.go:40] Failed to load config from \"c:\\\\Users\\\\user\\\\Desktop\\\\EMPLEOS JESS\\\\dataconnect\": could not find dataconnect.yaml in `c:\\Users\\user\\Desktop\\EMPLEOS JESS\\dataconnect`\n"}}
[debug] [2026-08-31T21:02:53.971Z] E0831 17:02:53.972418    2480 watch.go:40] Failed to load config from "c:\\Users\\user\\Desktop\\EMPLEOS JESS\\dataconnect": could not find dataconnect.yaml in `c:\Users\user\Desktop\EMPLEOS JESS\dataconnect`
 {"metadata":{"emulator":{"name":"dataconnect"},"message":"E0831 17:02:53.972418    2480 watch.go:40] Failed to load config from \"c:\\\\Users\\\\user\\\\Desktop\\\\EMPLEOS JESS\\\\dataconnect\": could not find dataconnect.yaml in `c:\\Users\\user\\Desktop\\EMPLEOS JESS\\dataconnect`\n"}}
[debug] [2026-08-31T21:03:03.971Z] E0831 17:03:03.972224    2480 watch.go:40] Failed to load config from "c:\\Users\\user\\Desktop\\EMPLEOS JESS\\dataconnect": could not find dataconnect.yaml in `c:\Users\user\Desktop\EMPLEOS JESS\dataconnect`
 {"metadata":{"emulator":{"name":"dataconnect"},"message":"E0831 17:03:03.972224    2480 watch.go:40] Failed to load config from \"c:\\\\Users\\\\user\\\\Desktop\\\\EMPLEOS JESS\\\\dataconnect\": could not find dataconnect.yaml in `c:\\Users\\user\\Desktop\\EMPLEOS JESS\\dataconnect`\n"}}
[debug] [2026-08-31T21:03:13.972Z] E0831 17:03:13.972393    2480 watch.go:40] Failed to load config from "c:\\Users\\user\\Desktop\\EMPLEOS JESS\\dataconnect": could not find dataconnect.yaml in `c:\Users\user\Desktop\EMPLEOS JESS\dataconnect`
 {"metadata":{"emulator":{"name":"dataconnect"},"message":"E0831 17:03:13.972393    2480 watch.go:40] Failed to load config from \"c:\\\\Users\\\\user\\\\Desktop\\\\EMPLEOS JESS\\\\dataconnect\": could not find dataconnect.yaml in `c:\\Users\\user\\Desktop\\EMPLEOS JESS\\dataconnect`\n"}}
[debug] [2026-08-31T21:03:23.972Z] E0831 17:03:23.972392    2480 watch.go:40] Failed to load config from "c:\\Users\\user\\Desktop\\EMPLEOS JESS\\dataconnect": could not find dataconnect.yaml in `c:\Users\user\Desktop\EMPLEOS JESS\dataconnect`
 {"metadata":{"emulator":{"name":"dataconnect"},"message":"E0831 17:03:23.972392    2480 watch.go:40] Failed to load config from \"c:\\\\Users\\\\user\\\\Desktop\\\\EMPLEOS JESS\\\\dataconnect\": could not find dataconnect.yaml in `c:\\Users\\user\\Desktop\\EMPLEOS JESS\\dataconnect`\n"}}
[debug] [2026-08-31T21:03:33.972Z] E0831 17:03:33.972583    2480 watch.go:116] watchAllDir unable to walk dir `c:\Users\user\Desktop\EMPLEOS JESS\dataconnect`: GetFileAttributesEx c:\Users\user\Desktop\EMPLEOS JESS\dataconnect: The system cannot find the file specified.
 {"metadata":{"emulator":{"name":"dataconnect"},"message":"E0831 17:03:33.972583    2480 watch.go:116] watchAllDir unable to walk dir `c:\\Users\\user\\Desktop\\EMPLEOS JESS\\dataconnect`: GetFileAttributesEx c:\\Users\\user\\Desktop\\EMPLEOS JESS\\dataconnect: The system cannot find the file specified.\n"}}
[debug] [2026-08-31T21:03:33.973Z] E0831 17:03:33.972583    2480 watch.go:40] Failed to load config from "c:\\Users\\user\\Desktop\\EMPLEOS JESS\\dataconnect": could not find dataconnect.yaml in `c:\Users\user\Desktop\EMPLEOS JESS\dataconnect`
 {"metadata":{"emulator":{"name":"dataconnect"},"message":"E0831 17:03:33.972583    2480 watch.go:40] Failed to load config from \"c:\\\\Users\\\\user\\\\Desktop\\\\EMPLEOS JESS\\\\dataconnect\": could not find dataconnect.yaml in `c:\\Users\\user\\Desktop\\EMPLEOS JESS\\dataconnect`\n"}}
[debug] [2026-08-31T21:03:43.973Z] E0831 17:03:43.972169    2480 watch.go:40] Failed to load config from "c:\\Users\\user\\Desktop\\EMPLEOS JESS\\dataconnect": could not find dataconnect.yaml in `c:\Users\user\Desktop\EMPLEOS JESS\dataconnect`
 {"metadata":{"emulator":{"name":"dataconnect"},"message":"E0831 17:03:43.972169    2480 watch.go:40] Failed to load config from \"c:\\\\Users\\\\user\\\\Desktop\\\\EMPLEOS JESS\\\\dataconnect\": could not find dataconnect.yaml in `c:\\Users\\user\\Desktop\\EMPLEOS JESS\\dataconnect`\n"}}
[debug] [2026-08-31T21:03:53.972Z] E0831 17:03:53.972472    2480 watch.go:40] Failed to load config from "c:\\Users\\user\\Desktop\\EMPLEOS JESS\\dataconnect": could not find dataconnect.yaml in `c:\Users\user\Desktop\EMPLEOS JESS\dataconnect`
 {"metadata":{"emulator":{"name":"dataconnect"},"message":"E0831 17:03:53.972472    2480 watch.go:40] Failed to load config from \"c:\\\\Users\\\\user\\\\Desktop\\\\EMPLEOS JESS\\\\dataconnect\": could not find dataconnect.yaml in `c:\\Users\\user\\Desktop\\EMPLEOS JESS\\dataconnect`\n"}}
[debug] [2026-08-31T21:04:03.974Z] E0831 17:04:03.973777    2480 watch.go:40] Failed to load config from "c:\\Users\\user\\Desktop\\EMPLEOS JESS\\dataconnect": could not find dataconnect.yaml in `c:\Users\user\Desktop\EMPLEOS JESS\dataconnect`
 {"metadata":{"emulator":{"name":"dataconnect"},"message":"E0831 17:04:03.973777    2480 watch.go:40] Failed to load config from \"c:\\\\Users\\\\user\\\\Desktop\\\\EMPLEOS JESS\\\\dataconnect\": could not find dataconnect.yaml in `c:\\Users\\user\\Desktop\\EMPLEOS JESS\\dataconnect`\n"}}
[debug] [2026-08-31T21:04:13.972Z] E0831 17:04:13.972770    2480 watch.go:40] Failed to load config from "c:\\Users\\user\\Desktop\\EMPLEOS JESS\\dataconnect": could not find dataconnect.yaml in `c:\Users\user\Desktop\EMPLEOS JESS\dataconnect`
 {"metadata":{"emulator":{"name":"dataconnect"},"message":"E0831 17:04:13.972770    2480 watch.go:40] Failed to load config from \"c:\\\\Users\\\\user\\\\Desktop\\\\EMPLEOS JESS\\\\dataconnect\": could not find dataconnect.yaml in `c:\\Users\\user\\Desktop\\EMPLEOS JESS\\dataconnect`\n"}}
[debug] [2026-08-31T21:04:23.973Z] E0831 17:04:23.972664    2480 watch.go:40] Failed to load config from "c:\\Users\\user\\Desktop\\EMPLEOS JESS\\dataconnect": could not find dataconnect.yaml in `c:\Users\user\Desktop\EMPLEOS JESS\dataconnect`
 {"metadata":{"emulator":{"name":"dataconnect"},"message":"E0831 17:04:23.972664    2480 watch.go:40] Failed to load config from \"c:\\\\Users\\\\user\\\\Desktop\\\\EMPLEOS JESS\\\\dataconnect\": could not find dataconnect.yaml in `c:\\Users\\user\\Desktop\\EMPLEOS JESS\\dataconnect`\n"}}
[debug] [2026-08-31T21:04:33.973Z] E0831 17:04:33.973289    2480 watch.go:116] watchAllDir unable to walk dir `c:\Users\user\Desktop\EMPLEOS JESS\dataconnect`: GetFileAttributesEx c:\Users\user\Desktop\EMPLEOS JESS\dataconnect: The system cannot find the file specified.
 {"metadata":{"emulator":{"name":"dataconnect"},"message":"E0831 17:04:33.973289    2480 watch.go:116] watchAllDir unable to walk dir `c:\\Users\\user\\Desktop\\EMPLEOS JESS\\dataconnect`: GetFileAttributesEx c:\\Users\\user\\Desktop\\EMPLEOS JESS\\dataconnect: The system cannot find the file specified.\n"}}
[debug] [2026-08-31T21:04:33.973Z] E0831 17:04:33.973289    2480 watch.go:40] Failed to load config from "c:\\Users\\user\\Desktop\\EMPLEOS JESS\\dataconnect": could not find dataconnect.yaml in `c:\Users\user\Desktop\EMPLEOS JESS\dataconnect`
 {"metadata":{"emulator":{"name":"dataconnect"},"message":"E0831 17:04:33.973289    2480 watch.go:40] Failed to load config from \"c:\\\\Users\\\\user\\\\Desktop\\\\EMPLEOS JESS\\\\dataconnect\": could not find dataconnect.yaml in `c:\\Users\\user\\Desktop\\EMPLEOS JESS\\dataconnect`\n"}}
[debug] [2026-08-31T21:04:43.974Z] E0831 17:04:43.972952    2480 watch.go:40] Failed to load config from "c:\\Users\\user\\Desktop\\EMPLEOS JESS\\dataconnect": could not find dataconnect.yaml in `c:\Users\user\Desktop\EMPLEOS JESS\dataconnect`
 {"metadata":{"emulator":{"name":"dataconnect"},"message":"E0831 17:04:43.972952    2480 watch.go:40] Failed to load config from \"c:\\\\Users\\\\user\\\\Desktop\\\\EMPLEOS JESS\\\\dataconnect\": could not find dataconnect.yaml in `c:\\Users\\user\\Desktop\\EMPLEOS JESS\\dataconnect`\n"}}
[debug] [2026-08-31T21:04:53.973Z] E0831 17:04:53.972433    2480 watch.go:40] Failed to load config from "c:\\Users\\user\\Desktop\\EMPLEOS JESS\\dataconnect": could not find dataconnect.yaml in `c:\Users\user\Desktop\EMPLEOS JESS\dataconnect`
 {"metadata":{"emulator":{"name":"dataconnect"},"message":"E0831 17:04:53.972433    2480 watch.go:40] Failed to load config from \"c:\\\\Users\\\\user\\\\Desktop\\\\EMPLEOS JESS\\\\dataconnect\": could not find dataconnect.yaml in `c:\\Users\\user\\Desktop\\EMPLEOS JESS\\dataconnect`\n"}}
[debug] [2026-08-31T21:05:03.975Z] E0831 17:05:03.975478    2480 watch.go:40] Failed to load config from "c:\\Users\\user\\Desktop\\EMPLEOS JESS\\dataconnect": could not find dataconnect.yaml in `c:\Users\user\Desktop\EMPLEOS JESS\dataconnect`
 {"metadata":{"emulator":{"name":"dataconnect"},"message":"E0831 17:05:03.975478    2480 watch.go:40] Failed to load config from \"c:\\\\Users\\\\user\\\\Desktop\\\\EMPLEOS JESS\\\\dataconnect\": could not find dataconnect.yaml in `c:\\Users\\user\\Desktop\\EMPLEOS JESS\\dataconnect`\n"}}
[debug] [2026-08-31T21:05:13.988Z] E0831 17:05:13.980782    2480 watch.go:40] Failed to load config from "c:\\Users\\user\\Desktop\\EMPLEOS JESS\\dataconnect": could not find dataconnect.yaml in `c:\Users\user\Desktop\EMPLEOS JESS\dataconnect`
 {"metadata":{"emulator":{"name":"dataconnect"},"message":"E0831 17:05:13.980782    2480 watch.go:40] Failed to load config from \"c:\\\\Users\\\\user\\\\Desktop\\\\EMPLEOS JESS\\\\dataconnect\": could not find dataconnect.yaml in `c:\\Users\\user\\Desktop\\EMPLEOS JESS\\dataconnect`\n"}}
[debug] [2026-08-31T21:05:23.973Z] E0831 17:05:23.973123    2480 watch.go:40] Failed to load config from "c:\\Users\\user\\Desktop\\EMPLEOS JESS\\dataconnect": could not find dataconnect.yaml in `c:\Users\user\Desktop\EMPLEOS JESS\dataconnect`
 {"metadata":{"emulator":{"name":"dataconnect"},"message":"E0831 17:05:23.973123    2480 watch.go:40] Failed to load config from \"c:\\\\Users\\\\user\\\\Desktop\\\\EMPLEOS JESS\\\\dataconnect\": could not find dataconnect.yaml in `c:\\Users\\user\\Desktop\\EMPLEOS JESS\\dataconnect`\n"}}
[debug] [2026-08-31T21:05:33.973Z] E0831 17:05:33.973183    2480 watch.go:116] watchAllDir unable to walk dir `c:\Users\user\Desktop\EMPLEOS JESS\dataconnect`: GetFileAttributesEx c:\Users\user\Desktop\EMPLEOS JESS\dataconnect: The system cannot find the file specified.
 {"metadata":{"emulator":{"name":"dataconnect"},"message":"E0831 17:05:33.973183    2480 watch.go:116] watchAllDir unable to walk dir `c:\\Users\\user\\Desktop\\EMPLEOS JESS\\dataconnect`: GetFileAttributesEx c:\\Users\\user\\Desktop\\EMPLEOS JESS\\dataconnect: The system cannot find the file specified.\n"}}
[debug] [2026-08-31T21:05:33.973Z] E0831 17:05:33.973183    2480 watch.go:40] Failed to load config from "c:\\Users\\user\\Desktop\\EMPLEOS JESS\\dataconnect": could not find dataconnect.yaml in `c:\Users\user\Desktop\EMPLEOS JESS\dataconnect`
 {"metadata":{"emulator":{"name":"dataconnect"},"message":"E0831 17:05:33.973183    2480 watch.go:40] Failed to load config from \"c:\\\\Users\\\\user\\\\Desktop\\\\EMPLEOS JESS\\\\dataconnect\": could not find dataconnect.yaml in `c:\\Users\\user\\Desktop\\EMPLEOS JESS\\dataconnect`\n"}}
[debug] [2026-08-31T21:05:43.972Z] E0831 17:05:43.972235    2480 watch.go:40] Failed to load config from "c:\\Users\\user\\Desktop\\EMPLEOS JESS\\dataconnect": could not find dataconnect.yaml in `c:\Users\user\Desktop\EMPLEOS JESS\dataconnect`
 {"metadata":{"emulator":{"name":"dataconnect"},"message":"E0831 17:05:43.972235    2480 watch.go:40] Failed to load config from \"c:\\\\Users\\\\user\\\\Desktop\\\\EMPLEOS JESS\\\\dataconnect\": could not find dataconnect.yaml in `c:\\Users\\user\\Desktop\\EMPLEOS JESS\\dataconnect`\n"}}
[debug] [2026-08-31T21:05:53.973Z] E0831 17:05:53.973802    2480 watch.go:40] Failed to load config from "c:\\Users\\user\\Desktop\\EMPLEOS JESS\\dataconnect": could not find dataconnect.yaml in `c:\Users\user\Desktop\EMPLEOS JESS\dataconnect`
 {"metadata":{"emulator":{"name":"dataconnect"},"message":"E0831 17:05:53.973802    2480 watch.go:40] Failed to load config from \"c:\\\\Users\\\\user\\\\Desktop\\\\EMPLEOS JESS\\\\dataconnect\": could not find dataconnect.yaml in `c:\\Users\\user\\Desktop\\EMPLEOS JESS\\dataconnect`\n"}}
[debug] [2026-08-31T21:06:03.972Z] E0831 17:06:03.972355    2480 watch.go:40] Failed to load config from "c:\\Users\\user\\Desktop\\EMPLEOS JESS\\dataconnect": could not find dataconnect.yaml in `c:\Users\user\Desktop\EMPLEOS JESS\dataconnect`
 {"metadata":{"emulator":{"name":"dataconnect"},"message":"E0831 17:06:03.972355    2480 watch.go:40] Failed to load config from \"c:\\\\Users\\\\user\\\\Desktop\\\\EMPLEOS JESS\\\\dataconnect\": could not find dataconnect.yaml in `c:\\Users\\user\\Desktop\\EMPLEOS JESS\\dataconnect`\n"}}
[debug] [2026-08-31T21:06:13.973Z] E0831 17:06:13.973469    2480 watch.go:40] Failed to load config from "c:\\Users\\user\\Desktop\\EMPLEOS JESS\\dataconnect": could not find dataconnect.yaml in `c:\Users\user\Desktop\EMPLEOS JESS\dataconnect`
 {"metadata":{"emulator":{"name":"dataconnect"},"message":"E0831 17:06:13.973469    2480 watch.go:40] Failed to load config from \"c:\\\\Users\\\\user\\\\Desktop\\\\EMPLEOS JESS\\\\dataconnect\": could not find dataconnect.yaml in `c:\\Users\\user\\Desktop\\EMPLEOS JESS\\dataconnect`\n"}}
[debug] [2026-08-31T21:06:23.972Z] E0831 17:06:23.972688    2480 watch.go:40] Failed to load config from "c:\\Users\\user\\Desktop\\EMPLEOS JESS\\dataconnect": could not find dataconnect.yaml in `c:\Users\user\Desktop\EMPLEOS JESS\dataconnect`
 {"metadata":{"emulator":{"name":"dataconnect"},"message":"E0831 17:06:23.972688    2480 watch.go:40] Failed to load config from \"c:\\\\Users\\\\user\\\\Desktop\\\\EMPLEOS JESS\\\\dataconnect\": could not find dataconnect.yaml in `c:\\Users\\user\\Desktop\\EMPLEOS JESS\\dataconnect`\n"}}
[debug] [2026-08-31T21:06:33.971Z] E0831 17:06:33.972545    2480 watch.go:116] watchAllDir unable to walk dir `c:\Users\user\Desktop\EMPLEOS JESS\dataconnect`: GetFileAttributesEx c:\Users\user\Desktop\EMPLEOS JESS\dataconnect: The system cannot find the file specified.
 {"metadata":{"emulator":{"name":"dataconnect"},"message":"E0831 17:06:33.972545    2480 watch.go:116] watchAllDir unable to walk dir `c:\\Users\\user\\Desktop\\EMPLEOS JESS\\dataconnect`: GetFileAttributesEx c:\\Users\\user\\Desktop\\EMPLEOS JESS\\dataconnect: The system cannot find the file specified.\n"}}
[debug] [2026-08-31T21:06:33.972Z] E0831 17:06:33.972545    2480 watch.go:40] Failed to load config from "c:\\Users\\user\\Desktop\\EMPLEOS JESS\\dataconnect": could not find dataconnect.yaml in `c:\Users\user\Desktop\EMPLEOS JESS\dataconnect`
 {"metadata":{"emulator":{"name":"dataconnect"},"message":"E0831 17:06:33.972545    2480 watch.go:40] Failed to load config from \"c:\\\\Users\\\\user\\\\Desktop\\\\EMPLEOS JESS\\\\dataconnect\": could not find dataconnect.yaml in `c:\\Users\\user\\Desktop\\EMPLEOS JESS\\dataconnect`\n"}}
[debug] [2026-08-31T21:06:43.973Z] E0831 17:06:43.972572    2480 watch.go:40] Failed to load config from "c:\\Users\\user\\Desktop\\EMPLEOS JESS\\dataconnect": could not find dataconnect.yaml in `c:\Users\user\Desktop\EMPLEOS JESS\dataconnect`
 {"metadata":{"emulator":{"name":"dataconnect"},"message":"E0831 17:06:43.972572    2480 watch.go:40] Failed to load config from \"c:\\\\Users\\\\user\\\\Desktop\\\\EMPLEOS JESS\\\\dataconnect\": could not find dataconnect.yaml in `c:\\Users\\user\\Desktop\\EMPLEOS JESS\\dataconnect`\n"}}
[debug] [2026-08-31T21:06:53.974Z] E0831 17:06:53.973070    2480 watch.go:40] Failed to load config from "c:\\Users\\user\\Desktop\\EMPLEOS JESS\\dataconnect": could not find dataconnect.yaml in `c:\Users\user\Desktop\EMPLEOS JESS\dataconnect`
 {"metadata":{"emulator":{"name":"dataconnect"},"message":"E0831 17:06:53.973070    2480 watch.go:40] Failed to load config from \"c:\\\\Users\\\\user\\\\Desktop\\\\EMPLEOS JESS\\\\dataconnect\": could not find dataconnect.yaml in `c:\\Users\\user\\Desktop\\EMPLEOS JESS\\dataconnect`\n"}}
[debug] [2026-08-31T21:07:03.973Z] E0831 17:07:03.973313    2480 watch.go:40] Failed to load config from "c:\\Users\\user\\Desktop\\EMPLEOS JESS\\dataconnect": could not find dataconnect.yaml in `c:\Users\user\Desktop\EMPLEOS JESS\dataconnect`
 {"metadata":{"emulator":{"name":"dataconnect"},"message":"E0831 17:07:03.973313    2480 watch.go:40] Failed to load config from \"c:\\\\Users\\\\user\\\\Desktop\\\\EMPLEOS JESS\\\\dataconnect\": could not find dataconnect.yaml in `c:\\Users\\user\\Desktop\\EMPLEOS JESS\\dataconnect`\n"}}
[debug] [2026-08-31T21:07:13.973Z] E0831 17:07:13.973031    2480 watch.go:40] Failed to load config from "c:\\Users\\user\\Desktop\\EMPLEOS JESS\\dataconnect": could not find dataconnect.yaml in `c:\Users\user\Desktop\EMPLEOS JESS\dataconnect`
 {"metadata":{"emulator":{"name":"dataconnect"},"message":"E0831 17:07:13.973031    2480 watch.go:40] Failed to load config from \"c:\\\\Users\\\\user\\\\Desktop\\\\EMPLEOS JESS\\\\dataconnect\": could not find dataconnect.yaml in `c:\\Users\\user\\Desktop\\EMPLEOS JESS\\dataconnect`\n"}}
[debug] [2026-08-31T21:07:23.972Z] E0831 17:07:23.972678    2480 watch.go:40] Failed to load config from "c:\\Users\\user\\Desktop\\EMPLEOS JESS\\dataconnect": could not find dataconnect.yaml in `c:\Users\user\Desktop\EMPLEOS JESS\dataconnect`
 {"metadata":{"emulator":{"name":"dataconnect"},"message":"E0831 17:07:23.972678    2480 watch.go:40] Failed to load config from \"c:\\\\Users\\\\user\\\\Desktop\\\\EMPLEOS JESS\\\\dataconnect\": could not find dataconnect.yaml in `c:\\Users\\user\\Desktop\\EMPLEOS JESS\\dataconnect`\n"}}
[debug] [2026-08-31T21:07:33.972Z] E0831 17:07:33.972274    2480 watch.go:116] watchAllDir unable to walk dir `c:\Users\user\Desktop\EMPLEOS JESS\dataconnect`: GetFileAttributesEx c:\Users\user\Desktop\EMPLEOS JESS\dataconnect: The system cannot find the file specified.
 {"metadata":{"emulator":{"name":"dataconnect"},"message":"E0831 17:07:33.972274    2480 watch.go:116] watchAllDir unable to walk dir `c:\\Users\\user\\Desktop\\EMPLEOS JESS\\dataconnect`: GetFileAttributesEx c:\\Users\\user\\Desktop\\EMPLEOS JESS\\dataconnect: The system cannot find the file specified.\n"}}
[debug] [2026-08-31T21:07:33.974Z] E0831 17:07:33.973391    2480 watch.go:40] Failed to load config from "c:\\Users\\user\\Desktop\\EMPLEOS JESS\\dataconnect": could not find dataconnect.yaml in `c:\Users\user\Desktop\EMPLEOS JESS\dataconnect`
 {"metadata":{"emulator":{"name":"dataconnect"},"message":"E0831 17:07:33.973391    2480 watch.go:40] Failed to load config from \"c:\\\\Users\\\\user\\\\Desktop\\\\EMPLEOS JESS\\\\dataconnect\": could not find dataconnect.yaml in `c:\\Users\\user\\Desktop\\EMPLEOS JESS\\dataconnect`\n"}}
[debug] [2026-08-31T21:07:43.974Z] E0831 17:07:43.973690    2480 watch.go:40] Failed to load config from "c:\\Users\\user\\Desktop\\EMPLEOS JESS\\dataconnect": could not find dataconnect.yaml in `c:\Users\user\Desktop\EMPLEOS JESS\dataconnect`
 {"metadata":{"emulator":{"name":"dataconnect"},"message":"E0831 17:07:43.973690    2480 watch.go:40] Failed to load config from \"c:\\\\Users\\\\user\\\\Desktop\\\\EMPLEOS JESS\\\\dataconnect\": could not find dataconnect.yaml in `c:\\Users\\user\\Desktop\\EMPLEOS JESS\\dataconnect`\n"}}
[debug] [2026-08-31T21:07:53.973Z] E0831 17:07:53.973694    2480 watch.go:40] Failed to load config from "c:\\Users\\user\\Desktop\\EMPLEOS JESS\\dataconnect": could not find dataconnect.yaml in `c:\Users\user\Desktop\EMPLEOS JESS\dataconnect`
 {"metadata":{"emulator":{"name":"dataconnect"},"message":"E0831 17:07:53.973694    2480 watch.go:40] Failed to load config from \"c:\\\\Users\\\\user\\\\Desktop\\\\EMPLEOS JESS\\\\dataconnect\": could not find dataconnect.yaml in `c:\\Users\\user\\Desktop\\EMPLEOS JESS\\dataconnect`\n"}}
[debug] [2026-08-31T21:08:03.972Z] E0831 17:08:03.972714    2480 watch.go:40] Failed to load config from "c:\\Users\\user\\Desktop\\EMPLEOS JESS\\dataconnect": could not find dataconnect.yaml in `c:\Users\user\Desktop\EMPLEOS JESS\dataconnect`
 {"metadata":{"emulator":{"name":"dataconnect"},"message":"E0831 17:08:03.972714    2480 watch.go:40] Failed to load config from \"c:\\\\Users\\\\user\\\\Desktop\\\\EMPLEOS JESS\\\\dataconnect\": could not find dataconnect.yaml in `c:\\Users\\user\\Desktop\\EMPLEOS JESS\\dataconnect`\n"}}
[debug] [2026-08-31T21:08:13.973Z] E0831 17:08:13.973194    2480 watch.go:40] Failed to load config from "c:\\Users\\user\\Desktop\\EMPLEOS JESS\\dataconnect": could not find dataconnect.yaml in `c:\Users\user\Desktop\EMPLEOS JESS\dataconnect`
 {"metadata":{"emulator":{"name":"dataconnect"},"message":"E0831 17:08:13.973194    2480 watch.go:40] Failed to load config from \"c:\\\\Users\\\\user\\\\Desktop\\\\EMPLEOS JESS\\\\dataconnect\": could not find dataconnect.yaml in `c:\\Users\\user\\Desktop\\EMPLEOS JESS\\dataconnect`\n"}}
[debug] [2026-08-31T21:08:23.973Z] E0831 17:08:23.973286    2480 watch.go:40] Failed to load config from "c:\\Users\\user\\Desktop\\EMPLEOS JESS\\dataconnect": could not find dataconnect.yaml in `c:\Users\user\Desktop\EMPLEOS JESS\dataconnect`
 {"metadata":{"emulator":{"name":"dataconnect"},"message":"E0831 17:08:23.973286    2480 watch.go:40] Failed to load config from \"c:\\\\Users\\\\user\\\\Desktop\\\\EMPLEOS JESS\\\\dataconnect\": could not find dataconnect.yaml in `c:\\Users\\user\\Desktop\\EMPLEOS JESS\\dataconnect`\n"}}
[debug] [2026-08-31T21:08:33.972Z] E0831 17:08:33.972573    2480 watch.go:116] watchAllDir unable to walk dir `c:\Users\user\Desktop\EMPLEOS JESS\dataconnect`: GetFileAttributesEx c:\Users\user\Desktop\EMPLEOS JESS\dataconnect: The system cannot find the file specified.
 {"metadata":{"emulator":{"name":"dataconnect"},"message":"E0831 17:08:33.972573    2480 watch.go:116] watchAllDir unable to walk dir `c:\\Users\\user\\Desktop\\EMPLEOS JESS\\dataconnect`: GetFileAttributesEx c:\\Users\\user\\Desktop\\EMPLEOS JESS\\dataconnect: The system cannot find the file specified.\n"}}
[debug] [2026-08-31T21:08:33.974Z] E0831 17:08:33.973728    2480 watch.go:40] Failed to load config from "c:\\Users\\user\\Desktop\\EMPLEOS JESS\\dataconnect": could not find dataconnect.yaml in `c:\Users\user\Desktop\EMPLEOS JESS\dataconnect`
 {"metadata":{"emulator":{"name":"dataconnect"},"message":"E0831 17:08:33.973728    2480 watch.go:40] Failed to load config from \"c:\\\\Users\\\\user\\\\Desktop\\\\EMPLEOS JESS\\\\dataconnect\": could not find dataconnect.yaml in `c:\\Users\\user\\Desktop\\EMPLEOS JESS\\dataconnect`\n"}}
[debug] [2026-08-31T21:08:43.973Z] E0831 17:08:43.972629    2480 watch.go:40] Failed to load config from "c:\\Users\\user\\Desktop\\EMPLEOS JESS\\dataconnect": could not find dataconnect.yaml in `c:\Users\user\Desktop\EMPLEOS JESS\dataconnect`
 {"metadata":{"emulator":{"name":"dataconnect"},"message":"E0831 17:08:43.972629    2480 watch.go:40] Failed to load config from \"c:\\\\Users\\\\user\\\\Desktop\\\\EMPLEOS JESS\\\\dataconnect\": could not find dataconnect.yaml in `c:\\Users\\user\\Desktop\\EMPLEOS JESS\\dataconnect`\n"}}
[debug] [2026-08-31T21:08:53.973Z] E0831 17:08:53.973145    2480 watch.go:40] Failed to load config from "c:\\Users\\user\\Desktop\\EMPLEOS JESS\\dataconnect": could not find dataconnect.yaml in `c:\Users\user\Desktop\EMPLEOS JESS\dataconnect`
 {"metadata":{"emulator":{"name":"dataconnect"},"message":"E0831 17:08:53.973145    2480 watch.go:40] Failed to load config from \"c:\\\\Users\\\\user\\\\Desktop\\\\EMPLEOS JESS\\\\dataconnect\": could not find dataconnect.yaml in `c:\\Users\\user\\Desktop\\EMPLEOS JESS\\dataconnect`\n"}}
[debug] [2026-08-31T21:09:03.973Z] E0831 17:09:03.973125    2480 watch.go:40] Failed to load config from "c:\\Users\\user\\Desktop\\EMPLEOS JESS\\dataconnect": could not find dataconnect.yaml in `c:\Users\user\Desktop\EMPLEOS JESS\dataconnect`
 {"metadata":{"emulator":{"name":"dataconnect"},"message":"E0831 17:09:03.973125    2480 watch.go:40] Failed to load config from \"c:\\\\Users\\\\user\\\\Desktop\\\\EMPLEOS JESS\\\\dataconnect\": could not find dataconnect.yaml in `c:\\Users\\user\\Desktop\\EMPLEOS JESS\\dataconnect`\n"}}
[debug] [2026-08-31T21:09:13.974Z] E0831 17:09:13.973960    2480 watch.go:40] Failed to load config from "c:\\Users\\user\\Desktop\\EMPLEOS JESS\\dataconnect": could not find dataconnect.yaml in `c:\Users\user\Desktop\EMPLEOS JESS\dataconnect`
 {"metadata":{"emulator":{"name":"dataconnect"},"message":"E0831 17:09:13.973960    2480 watch.go:40] Failed to load config from \"c:\\\\Users\\\\user\\\\Desktop\\\\EMPLEOS JESS\\\\dataconnect\": could not find dataconnect.yaml in `c:\\Users\\user\\Desktop\\EMPLEOS JESS\\dataconnect`\n"}}
[debug] [2026-08-31T21:09:23.973Z] E0831 17:09:23.973695    2480 watch.go:40] Failed to load config from "c:\\Users\\user\\Desktop\\EMPLEOS JESS\\dataconnect": could not find dataconnect.yaml in `c:\Users\user\Desktop\EMPLEOS JESS\dataconnect`
 {"metadata":{"emulator":{"name":"dataconnect"},"message":"E0831 17:09:23.973695    2480 watch.go:40] Failed to load config from \"c:\\\\Users\\\\user\\\\Desktop\\\\EMPLEOS JESS\\\\dataconnect\": could not find dataconnect.yaml in `c:\\Users\\user\\Desktop\\EMPLEOS JESS\\dataconnect`\n"}}
